a11,6,a34,a43,1169,a65,a75,4,a93,a101,4,a121,67,a143,a152,2,a173,1,a192,a201,1
a12,48,a32,a43,5951,a61,a73,2,a92,a101,2,a121,22,a143,a152,1,a173,1,a191,a201,2
a14,12,a34,a46,2096,a61,a74,2,a93,a101,3,a121,49,a143,a152,1,a172,2,a191,a201,1
a11,42,a32,a42,7882,a61,a74,2,a93,a103,4,a122,45,a143,a153,1,a173,2,a191,a201,1
a11,24,a33,a40,4870,a61,a73,3,a93,a101,4,a124,53,a143,a153,2,a173,2,a191,a201,2
a14,36,a32,a46,9055,a65,a73,2,a93,a101,4,a124,35,a143,a153,1,a172,2,a192,a201,1
a14,24,a32,a42,2835,a63,a75,3,a93,a101,4,a122,53,a143,a152,1,a173,1,a191,a201,1
a12,36,a32,a41,6948,a61,a73,2,a93,a101,2,a123,35,a143,a151,1,a174,1,a192,a201,1
a14,12,a32,a43,3059,a64,a74,2,a91,a101,4,a121,61,a143,a152,1,a172,1,a191,a201,1
a12,30,a34,a40,5234,a61,a71,4,a94,a101,2,a123,28,a143,a152,2,a174,1,a191,a201,2
a12,12,a32,a40,1295,a61,a72,3,a92,a101,1,a123,25,a143,a151,1,a173,1,a191,a201,2
a11,48,a32,a49,4308,a61,a72,3,a92,a101,4,a122,24,a143,a151,1,a173,1,a191,a201,2
a12,12,a32,a43,1567,a61,a73,1,a92,a101,1,a123,22,a143,a152,1,a173,1,a192,a201,1
a11,24,a34,a40,1199,a61,a75,4,a93,a101,4,a123,60,a143,a152,2,a172,1,a191,a201,2
a11,15,a32,a40,1403,a61,a73,2,a92,a101,4,a123,28,a143,a151,1,a173,1,a191,a201,1
a11,24,a32,a43,1282,a62,a73,4,a92,a101,2,a123,32,a143,a152,1,a172,1,a191,a201,2
a14,24,a34,a43,2424,a65,a75,4,a93,a101,4,a122,53,a143,a152,2,a173,1,a191,a201,1
a11,30,a30,a49,8072,a65,a72,2,a93,a101,3,a123,25,a141,a152,3,a173,1,a191,a201,1
a12,24,a32,a41,12579,a61,a75,4,a92,a101,2,a124,44,a143,a153,1,a174,1,a192,a201,2
a14,24,a32,a43,3430,a63,a75,3,a93,a101,2,a123,31,a143,a152,1,a173,2,a192,a201,1
a14,9,a34,a40,2134,a61,a73,4,a93,a101,4,a123,48,a143,a152,3,a173,1,a192,a201,1
a11,6,a32,a43,2647,a63,a73,2,a93,a101,3,a121,44,a143,a151,1,a173,2,a191,a201,1
a11,10,a34,a40,2241,a61,a72,1,a93,a101,3,a121,48,a143,a151,2,a172,2,a191,a202,1
a12,12,a34,a41,1804,a62,a72,3,a93,a101,4,a122,44,a143,a152,1,a173,1,a191,a201,1
a14,10,a34,a42,2069,a65,a73,2,a94,a101,1,a123,26,a143,a152,2,a173,1,a191,a202,1
a11,6,a32,a42,1374,a61,a73,1,a93,a101,2,a121,36,a141,a152,1,a172,1,a192,a201,1
a14,6,a30,a43,426,a61,a75,4,a94,a101,4,a123,39,a143,a152,1,a172,1,a191,a201,1
a13,12,a31,a43,409,a64,a73,3,a92,a101,3,a121,42,a143,a151,2,a173,1,a191,a201,1
a12,7,a32,a43,2415,a61,a73,3,a93,a103,2,a121,34,a143,a152,1,a173,1,a191,a201,1
a11,60,a33,a49,6836,a61,a75,3,a93,a101,4,a124,63,a143,a152,2,a173,1,a192,a201,2
a12,18,a32,a49,1913,a64,a72,3,a94,a101,3,a121,36,a141,a152,1,a173,1,a192,a201,1
a11,24,a32,a42,4020,a61,a73,2,a93,a101,2,a123,27,a142,a152,1,a173,1,a191,a201,1
a12,18,a32,a40,5866,a62,a73,2,a93,a101,2,a123,30,a143,a152,2,a173,1,a192,a201,1
a14,12,a34,a49,1264,a65,a75,4,a93,a101,4,a124,57,a143,a151,1,a172,1,a191,a201,1
a13,12,a32,a42,1474,a61,a72,4,a92,a101,1,a122,33,a141,a152,1,a174,1,a192,a201,1
a12,45,a34,a43,4746,a61,a72,4,a93,a101,2,a122,25,a143,a152,2,a172,1,a191,a201,2
a14,48,a34,a46,6110,a61,a73,1,a93,a101,3,a124,31,a141,a153,1,a173,1,a192,a201,1
a13,18,a32,a43,2100,a61,a73,4,a93,a102,2,a121,37,a142,a152,1,a173,1,a191,a201,2
a13,10,a32,a44,1225,a61,a73,2,a93,a101,2,a123,37,a143,a152,1,a173,1,a192,a201,1
a12,9,a32,a43,458,a61,a73,4,a93,a101,3,a121,24,a143,a152,1,a173,1,a191,a201,1
a14,30,a32,a43,2333,a63,a75,4,a93,a101,2,a123,30,a141,a152,1,a174,1,a191,a201,1
a12,12,a32,a43,1158,a63,a73,3,a91,a101,1,a123,26,a143,a152,1,a173,1,a192,a201,1
a12,18,a33,a45,6204,a61,a73,2,a93,a101,4,a121,44,a143,a152,1,a172,2,a192,a201,1
a11,30,a34,a41,6187,a62,a74,1,a94,a101,4,a123,24,a143,a151,2,a173,1,a191,a201,1
a11,48,a34,a41,6143,a61,a75,4,a92,a101,4,a124,58,a142,a153,2,a172,1,a191,a201,2
a14,11,a34,a40,1393,a61,a72,4,a92,a101,4,a123,35,a143,a152,2,a174,1,a191,a201,1
a14,36,a32,a43,2299,a63,a75,4,a93,a101,4,a123,39,a143,a152,1,a173,1,a191,a201,1
a11,6,a32,a41,1352,a63,a71,1,a92,a101,2,a122,23,a143,a151,1,a171,1,a192,a201,1
a14,11,a34,a40,7228,a61,a73,1,a93,a101,4,a122,39,a143,a152,2,a172,1,a191,a201,1
a14,12,a32,a43,2073,a62,a73,4,a92,a102,2,a121,28,a143,a152,1,a173,1,a191,a201,1
a12,24,a33,a42,2333,a65,a72,4,a93,a101,2,a122,29,a141,a152,1,a172,1,a191,a201,1
a12,27,a33,a41,5965,a61,a75,1,a93,a101,2,a123,30,a143,a152,2,a174,1,a192,a201,1
a14,12,a32,a43,1262,a61,a73,3,a93,a101,2,a123,25,a143,a152,1,a173,1,a191,a201,1
a14,18,a32,a41,3378,a65,a73,2,a93,a101,1,a122,31,a143,a152,1,a173,1,a192,a201,1
a12,36,a33,a40,2225,a61,a75,4,a93,a101,4,a124,57,a141,a153,2,a173,1,a192,a201,2
a14,6,a31,a40,783,a65,a73,1,a93,a103,2,a121,26,a142,a152,1,a172,2,a191,a201,1
a12,12,a32,a43,6468,a65,a71,2,a93,a101,1,a124,52,a143,a152,1,a174,1,a192,a201,2
a14,36,a34,a43,9566,a61,a73,2,a92,a101,2,a123,31,a142,a152,2,a173,1,a191,a201,1
a13,18,a32,a40,1961,a61,a75,3,a92,a101,2,a123,23,a143,a152,1,a174,1,a191,a201,1
a11,36,a34,a42,6229,a61,a72,4,a92,a102,4,a124,23,a143,a151,2,a172,1,a192,a201,2
a12,9,a32,a49,1391,a61,a73,2,a94,a101,1,a121,27,a141,a152,1,a173,1,a192,a201,1
a12,15,a34,a43,1537,a65,a75,4,a93,a103,4,a121,50,a143,a152,2,a173,1,a192,a201,1
a12,36,a30,a49,1953,a61,a75,4,a93,a101,4,a124,61,a143,a153,1,a174,1,a192,a201,2
a12,48,a30,a49,14421,a61,a73,2,a93,a101,2,a123,25,a143,a152,1,a173,1,a192,a201,2
a14,24,a32,a43,3181,a61,a72,4,a92,a101,4,a122,26,a143,a152,1,a173,1,a192,a201,1
a14,27,a32,a45,5190,a65,a75,4,a93,a101,4,a122,48,a143,a152,4,a173,2,a192,a201,1
a14,12,a32,a43,2171,a61,a72,2,a92,a101,2,a123,29,a141,a152,1,a173,1,a191,a201,1
a12,12,a32,a40,1007,a64,a73,4,a94,a101,1,a121,22,a143,a152,1,a173,1,a191,a201,1
a14,36,a32,a46,1819,a61,a73,4,a93,a101,4,a124,37,a142,a153,1,a173,1,a192,a201,2
a14,36,a32,a43,2394,a65,a73,4,a92,a101,4,a123,25,a143,a152,1,a173,1,a191,a201,1
a14,36,a32,a41,8133,a61,a73,1,a92,a101,2,a122,30,a141,a152,1,a173,1,a191,a201,1
a14,7,a34,a43,730,a65,a75,4,a93,a101,2,a122,46,a143,a151,2,a172,1,a192,a201,1
a11,8,a34,a410,1164,a61,a75,3,a93,a101,4,a124,51,a141,a153,2,a174,2,a192,a201,1
a12,42,a34,a49,5954,a61,a74,2,a92,a101,1,a121,41,a141,a152,2,a172,1,a191,a201,1
a11,36,a32,a46,1977,a65,a75,4,a93,a101,4,a124,40,a143,a152,1,a174,1,a192,a201,2
a11,12,a34,a41,1526,a61,a75,4,a93,a101,4,a124,66,a143,a153,2,a174,1,a191,a201,1
a11,42,a32,a43,3965,a61,a72,4,a93,a101,3,a123,34,a143,a152,1,a173,1,a191,a201,2
a12,11,a33,a43,4771,a61,a74,2,a93,a101,4,a122,51,a143,a152,1,a173,1,a191,a201,1
a14,54,a30,a41,9436,a65,a73,2,a93,a101,2,a122,39,a143,a152,1,a172,2,a191,a201,1
a12,30,a32,a42,3832,a61,a72,2,a94,a101,1,a122,22,a143,a152,1,a173,1,a191,a201,1
a14,24,a32,a43,5943,a65,a72,1,a92,a101,1,a123,44,a143,a152,2,a173,1,a192,a201,2
a14,15,a32,a43,1213,a63,a75,4,a93,a101,3,a122,47,a142,a152,1,a173,1,a192,a201,1
a14,18,a32,a49,1568,a62,a73,3,a92,a101,4,a122,24,a143,a151,1,a172,1,a191,a201,1
a11,24,a32,a410,1755,a61,a75,4,a92,a103,4,a121,58,a143,a152,1,a172,1,a192,a201,1
a11,10,a32,a43,2315,a61,a75,3,a93,a101,4,a121,52,a143,a152,1,a172,1,a191,a201,1
a14,12,a34,a49,1412,a61,a73,4,a92,a103,2,a121,29,a143,a152,2,a174,1,a192,a201,1
a12,18,a34,a42,1295,a61,a72,4,a92,a101,1,a122,27,a143,a152,2,a173,1,a191,a201,1
a12,36,a32,a46,12612,a62,a73,1,a93,a101,4,a124,47,a143,a153,1,a173,2,a192,a201,2
a11,18,a32,a40,2249,a62,a74,4,a93,a101,3,a123,30,a143,a152,1,a174,2,a192,a201,1
a11,12,a30,a45,1108,a61,a74,4,a93,a101,3,a121,28,a143,a152,2,a173,1,a191,a201,2
a14,12,a34,a43,618,a61,a75,4,a93,a101,4,a121,56,a143,a152,1,a173,1,a191,a201,1
a11,12,a34,a41,1409,a61,a75,4,a93,a101,3,a121,54,a143,a152,1,a173,1,a191,a201,1
a14,12,a34,a43,797,a65,a75,4,a92,a101,3,a122,33,a141,a152,1,a172,2,a191,a201,2
a13,24,a34,a42,3617,a65,a75,4,a93,a102,4,a124,20,a143,a151,2,a173,1,a191,a201,1
a12,12,a32,a40,1318,a64,a75,4,a93,a101,4,a121,54,a143,a152,1,a173,1,a192,a201,1
a12,54,a30,a49,15945,a61,a72,3,a93,a101,4,a124,58,a143,a151,1,a173,1,a192,a201,2
a14,12,a34,a46,2012,a65,a74,4,a92,a101,2,a123,61,a143,a152,1,a173,1,a191,a201,1
a12,18,a32,a49,2622,a62,a73,4,a93,a101,4,a123,34,a143,a152,1,a173,1,a191,a201,1
a12,36,a34,a43,2337,a61,a75,4,a93,a101,4,a121,36,a143,a152,1,a173,1,a191,a201,1
a12,20,a33,a41,7057,a65,a74,3,a93,a101,4,a122,36,a141,a151,2,a174,2,a192,a201,1
a14,24,a32,a40,1469,a62,a75,4,a94,a101,4,a121,41,a143,a151,1,a172,1,a191,a201,1
a12,36,a32,a43,2323,a61,a74,4,a93,a101,4,a123,24,a143,a151,1,a173,1,a191,a201,1
a14,6,a33,a43,932,a61,a73,3,a92,a101,2,a121,24,a143,a152,1,a173,1,a191,a201,1
a12,9,a34,a42,1919,a61,a74,4,a93,a101,3,a123,35,a143,a151,1,a173,1,a192,a201,1
a14,12,a32,a41,2445,a65,a72,2,a94,a101,4,a123,26,a143,a151,1,a173,1,a192,a201,1
a12,24,a34,a410,11938,a61,a73,2,a93,a102,3,a123,39,a143,a152,2,a174,2,a192,a201,2
a14,18,a31,a40,6458,a61,a75,2,a93,a101,4,a124,39,a141,a152,2,a174,2,a192,a201,2
a12,12,a32,a40,6078,a61,a74,2,a93,a101,2,a123,32,a143,a152,1,a173,1,a191,a201,1
a11,24,a32,a42,7721,a65,a72,1,a92,a101,2,a122,30,a143,a152,1,a173,1,a192,a202,1
a12,14,a32,a49,1410,a63,a75,1,a94,a101,2,a121,35,a143,a152,1,a173,1,a192,a201,1
a12,6,a33,a49,1449,a62,a75,1,a91,a101,2,a123,31,a141,a152,2,a173,2,a191,a201,1
a13,15,a32,a46,392,a61,a72,4,a92,a101,4,a122,23,a143,a151,1,a173,1,a192,a201,1
a12,18,a32,a40,6260,a61,a74,3,a93,a101,3,a121,28,a143,a151,1,a172,1,a191,a201,1
a14,36,a34,a40,7855,a61,a73,4,a92,a101,2,a121,25,a142,a152,2,a173,1,a192,a201,2
a11,12,a32,a43,1680,a63,a75,3,a94,a101,1,a121,35,a143,a152,1,a173,1,a191,a201,1
a14,48,a34,a43,3578,a65,a75,4,a93,a101,1,a121,47,a143,a152,1,a173,1,a192,a201,1
a11,42,a32,a43,7174,a65,a74,4,a92,a101,3,a123,30,a143,a152,1,a174,1,a192,a201,2
a11,10,a34,a42,2132,a65,a72,2,a92,a102,3,a121,27,a143,a151,2,a173,1,a191,a202,1
a11,33,a34,a42,4281,a63,a73,1,a92,a101,4,a123,23,a143,a152,2,a173,1,a191,a201,2
a12,12,a34,a40,2366,a63,a74,3,a91,a101,3,a123,36,a143,a152,1,a174,1,a192,a201,1
a11,21,a32,a43,1835,a61,a73,3,a92,a101,2,a121,25,a143,a152,2,a173,1,a192,a201,2
a14,24,a34,a41,3868,a61,a75,4,a92,a101,2,a123,41,a143,a151,2,a174,1,a192,a201,1
a14,12,a32,a42,1768,a61,a73,3,a93,a101,2,a121,24,a143,a151,1,a172,1,a191,a201,1
a13,10,a34,a40,781,a61,a75,4,a93,a101,4,a124,63,a143,a153,2,a173,1,a192,a201,1
a12,18,a32,a42,1924,a65,a72,4,a92,a101,3,a121,27,a143,a151,1,a173,1,a191,a201,2
a11,12,a34,a40,2121,a61,a73,4,a93,a101,2,a122,30,a143,a152,2,a173,1,a191,a201,1
a11,12,a32,a43,701,a61,a73,4,a94,a101,2,a121,40,a143,a152,1,a172,1,a191,a201,1
a12,12,a32,a45,639,a61,a73,4,a93,a101,2,a123,30,a143,a152,1,a173,1,a191,a201,2
a12,12,a34,a41,1860,a61,a71,4,a93,a101,2,a123,34,a143,a152,2,a174,1,a192,a201,1
a11,12,a34,a40,3499,a61,a73,3,a92,a102,2,a121,29,a143,a152,2,a173,1,a191,a201,2
a12,48,a32,a40,8487,a65,a74,1,a92,a101,2,a123,24,a143,a152,1,a173,1,a191,a201,1
a11,36,a33,a46,6887,a61,a73,4,a93,a101,3,a122,29,a142,a152,1,a173,1,a192,a201,2
a14,15,a32,a42,2708,a61,a72,2,a93,a101,3,a122,27,a141,a152,2,a172,1,a191,a201,1
a14,18,a32,a42,1984,a61,a73,4,a93,a101,4,a124,47,a141,a153,2,a173,1,a191,a201,1
a14,60,a32,a43,10144,a62,a74,2,a92,a101,4,a121,21,a143,a152,1,a173,1,a192,a201,1
a14,12,a34,a43,1240,a65,a75,4,a92,a101,2,a121,38,a143,a152,2,a173,1,a192,a201,1
a14,27,a33,a41,8613,a64,a73,2,a93,a101,2,a123,27,a143,a152,2,a173,1,a191,a201,1
a12,12,a32,a43,766,a63,a73,4,a93,a101,3,a121,66,a143,a152,1,a172,1,a191,a201,2
a12,15,a34,a43,2728,a65,a74,4,a93,a103,2,a121,35,a141,a152,3,a173,1,a192,a201,1
a13,12,a32,a43,1881,a61,a73,2,a92,a101,2,a123,44,a143,a151,1,a172,1,a192,a201,1
a13,6,a32,a40,709,a64,a72,2,a94,a101,2,a121,27,a143,a152,1,a171,1,a191,a202,1
a12,36,a32,a43,4795,a61,a72,4,a92,a101,1,a124,30,a143,a152,1,a174,1,a192,a201,1
a11,27,a32,a43,3416,a61,a73,3,a93,a101,2,a123,27,a143,a152,1,a174,1,a191,a201,1
a11,18,a32,a42,2462,a61,a73,2,a93,a101,2,a123,22,a143,a152,1,a173,1,a191,a201,2
a14,21,a34,a42,2288,a61,a72,4,a92,a101,4,a122,23,a143,a152,1,a173,1,a192,a201,1
a12,48,a31,a49,3566,a62,a74,4,a93,a101,2,a123,30,a143,a152,1,a173,1,a191,a201,1
a11,6,a34,a40,860,a61,a75,1,a92,a101,4,a124,39,a143,a152,2,a173,1,a192,a201,1
a14,12,a34,a40,682,a62,a74,4,a92,a101,3,a123,51,a143,a152,2,a173,1,a192,a201,1
a11,36,a34,a42,5371,a61,a73,3,a93,a103,2,a122,28,a143,a152,2,a173,1,a191,a201,1
a14,18,a34,a43,1582,a64,a75,4,a93,a101,4,a123,46,a143,a152,2,a173,1,a191,a201,1
a14,6,a32,a43,1346,a62,a75,2,a93,a101,4,a124,42,a141,a153,1,a173,2,a192,a201,1
a14,10,a32,a43,1924,a61,a73,1,a93,a101,4,a122,38,a143,a152,1,a173,1,a192,a202,1
a13,36,a32,a43,5848,a61,a73,4,a93,a101,1,a123,24,a143,a152,1,a173,1,a191,a201,1
a12,24,a34,a41,7758,a64,a75,2,a92,a101,4,a124,29,a143,a151,1,a173,1,a191,a201,1
a12,24,a33,a49,6967,a62,a74,4,a93,a101,4,a123,36,a143,a151,1,a174,1,a192,a201,1
a11,12,a32,a42,1282,a61,a73,2,a92,a101,4,a123,20,a143,a151,1,a173,1,a191,a201,2
a11,9,a34,a45,1288,a62,a75,3,a93,a103,4,a121,48,a143,a152,2,a173,2,a191,a202,1
a11,12,a31,a48,339,a61,a75,4,a94,a101,1,a123,45,a141,a152,1,a172,1,a191,a201,1
a12,24,a32,a40,3512,a62,a74,2,a93,a101,3,a123,38,a141,a152,2,a173,1,a192,a201,1
a14,6,a34,a43,1898,a65,a73,1,a93,a101,2,a121,34,a143,a152,2,a172,2,a191,a201,1
a14,24,a34,a43,2872,a62,a75,3,a93,a101,4,a121,36,a143,a152,1,a173,2,a192,a201,1
a14,18,a34,a40,1055,a61,a72,4,a92,a101,1,a122,30,a143,a152,2,a173,1,a191,a201,1
a14,15,a32,a44,1262,a63,a74,4,a93,a101,3,a122,36,a143,a152,2,a173,1,a192,a201,1
a12,10,a32,a40,7308,a61,a71,2,a93,a101,4,a124,70,a141,a153,1,a174,1,a192,a201,1
a14,36,a32,a40,909,a63,a75,4,a93,a101,4,a122,36,a143,a152,1,a173,1,a191,a201,1
a14,6,a32,a42,2978,a63,a73,1,a93,a101,2,a123,32,a143,a152,1,a173,1,a192,a201,1
a11,18,a32,a42,1131,a61,a71,4,a92,a101,2,a123,33,a143,a152,1,a173,1,a191,a201,2
a12,11,a32,a42,1577,a64,a72,4,a92,a101,1,a121,20,a143,a152,1,a173,1,a191,a201,1
a14,24,a32,a42,3972,a61,a74,2,a92,a101,4,a122,25,a143,a151,1,a173,1,a192,a201,1
a12,24,a34,a49,1935,a61,a75,4,a91,a101,4,a121,31,a143,a152,2,a173,1,a192,a201,2
a11,15,a30,a40,950,a61,a75,4,a93,a101,3,a123,33,a143,a151,2,a173,2,a191,a201,2
a14,12,a32,a42,763,a61,a73,4,a92,a101,1,a121,26,a143,a152,1,a173,1,a192,a201,1
a12,24,a33,a42,2064,a61,a71,3,a92,a101,2,a122,34,a143,a152,1,a174,1,a192,a201,2
a12,8,a32,a43,1414,a61,a73,4,a93,a103,2,a121,33,a143,a152,1,a173,1,a191,a202,1
a11,21,a33,a46,3414,a61,a72,2,a93,a101,1,a122,26,a143,a152,2,a173,1,a191,a201,2
a14,30,a31,a41,7485,a65,a71,4,a92,a101,1,a121,53,a141,a152,1,a174,1,a192,a201,2
a11,12,a32,a42,2577,a61,a73,2,a91,a101,1,a123,42,a143,a152,1,a173,1,a191,a201,1
a11,6,a34,a43,338,a63,a75,4,a93,a101,4,a123,52,a143,a152,2,a173,1,a191,a201,1
a14,12,a32,a43,1963,a61,a74,4,a93,a101,2,a123,31,a143,a151,2,a174,2,a192,a201,1
a11,21,a34,a40,571,a61,a75,4,a93,a101,4,a121,65,a143,a152,2,a173,1,a191,a201,1
a14,36,a33,a49,9572,a61,a72,1,a91,a101,1,a123,28,a143,a152,2,a173,1,a191,a201,2
a12,36,a33,a49,4455,a61,a73,2,a91,a101,2,a121,30,a142,a152,2,a174,1,a192,a201,2
a11,21,a31,a40,1647,a65,a73,4,a93,a101,2,a122,40,a143,a152,2,a172,2,a191,a201,2
a14,24,a34,a42,3777,a64,a73,4,a93,a101,4,a121,50,a143,a152,1,a173,1,a192,a201,1
a12,18,a34,a40,884,a61,a75,4,a93,a101,4,a123,36,a141,a152,1,a173,2,a192,a201,2
a14,15,a34,a43,1360,a61,a73,4,a93,a101,2,a122,31,a143,a152,2,a173,1,a191,a201,1
a12,9,a31,a41,5129,a61,a75,2,a92,a101,4,a124,74,a141,a153,1,a174,2,a192,a201,2
a12,16,a34,a40,1175,a61,a71,2,a93,a101,3,a123,68,a143,a153,3,a171,1,a192,a201,1
a11,12,a32,a43,674,a62,a74,4,a94,a101,1,a122,20,a143,a152,1,a173,1,a191,a201,2
a12,18,a30,a42,3244,a61,a73,1,a92,a101,4,a123,33,a141,a152,2,a173,1,a192,a201,1
a14,24,a32,a49,4591,a64,a73,2,a93,a101,3,a122,54,a143,a152,3,a174,1,a192,a201,2
a12,48,a30,a49,3844,a62,a74,4,a93,a101,4,a124,34,a143,a153,1,a172,2,a191,a201,2
a12,27,a32,a49,3915,a61,a73,4,a93,a101,2,a123,36,a143,a152,1,a173,2,a192,a201,2
a14,6,a32,a43,2108,a61,a74,2,a94,a101,2,a121,29,a143,a151,1,a173,1,a191,a201,1
a12,45,a32,a43,3031,a62,a73,4,a93,a103,4,a122,21,a143,a151,1,a173,1,a191,a201,2
a12,9,a34,a46,1501,a61,a75,2,a92,a101,3,a123,34,a143,a152,2,a174,1,a192,a201,2
a14,6,a34,a43,1382,a61,a73,1,a92,a101,1,a123,28,a143,a152,2,a173,1,a192,a201,1
a12,12,a32,a42,951,a62,a72,4,a92,a101,4,a123,27,a141,a151,4,a173,1,a191,a201,2
a12,24,a32,a41,2760,a65,a75,4,a93,a101,4,a124,36,a141,a153,1,a173,1,a192,a201,1
a12,18,a33,a42,4297,a61,a75,4,a91,a101,3,a124,40,a143,a152,1,a174,1,a192,a201,2
a14,9,a34,a46,936,a63,a75,4,a93,a101,2,a123,52,a143,a152,2,a173,1,a192,a201,1
a11,12,a32,a40,1168,a61,a73,4,a94,a101,3,a121,27,a143,a152,1,a172,1,a191,a201,1
a14,27,a33,a49,5117,a61,a74,3,a93,a101,4,a123,26,a143,a152,2,a173,1,a191,a201,1
a11,12,a32,a48,902,a61,a74,4,a94,a101,4,a122,21,a143,a151,1,a173,1,a191,a201,2
a14,12,a34,a40,1495,a61,a75,4,a93,a101,1,a121,38,a143,a152,2,a172,2,a191,a201,1
a11,30,a34,a41,10623,a61,a75,3,a93,a101,4,a124,38,a143,a153,3,a174,2,a192,a201,1
a14,12,a34,a42,1935,a61,a75,4,a93,a101,4,a121,43,a143,a152,3,a173,1,a192,a201,1
a12,12,a34,a44,1424,a61,a74,4,a93,a101,3,a122,26,a143,a152,1,a173,1,a191,a201,1
a11,24,a32,a49,6568,a61,a73,2,a94,a101,2,a123,21,a142,a152,1,a172,1,a191,a201,1
a14,12,a32,a41,1413,a64,a74,3,a93,a101,2,a122,55,a143,a152,1,a173,1,a191,a202,1
a14,9,a34,a43,3074,a65,a73,1,a93,a101,2,a121,33,a143,a152,2,a173,2,a191,a201,1
a14,36,a32,a43,3835,a65,a75,2,a92,a101,4,a121,45,a143,a152,1,a172,1,a192,a201,1
a11,27,a30,a49,5293,a61,a71,2,a93,a101,4,a122,50,a142,a152,2,a173,1,a192,a201,2
a13,30,a33,a49,1908,a61,a75,4,a93,a101,4,a121,66,a143,a152,1,a174,1,a192,a201,2
a14,36,a34,a43,3342,a65,a75,4,a93,a101,2,a123,51,a143,a152,1,a173,1,a192,a201,1
a12,6,a34,a48,932,a65,a74,1,a92,a101,3,a122,39,a143,a152,2,a172,1,a191,a201,1
a11,18,a30,a49,3104,a61,a74,3,a93,a101,1,a122,31,a141,a152,1,a173,1,a192,a201,1
a13,36,a32,a43,3913,a61,a73,2,a93,a101,2,a121,23,a143,a152,1,a173,1,a192,a201,1
a11,24,a32,a42,3021,a61,a73,2,a91,a101,2,a121,24,a143,a151,1,a172,1,a191,a201,1
a14,10,a32,a40,1364,a61,a73,2,a92,a101,4,a123,64,a143,a152,1,a173,1,a192,a201,1
a12,12,a32,a43,625,a61,a72,4,a94,a103,1,a121,26,a141,a152,1,a172,1,a191,a201,1
a11,12,a32,a46,1200,a65,a73,4,a92,a101,4,a122,23,a141,a151,1,a173,1,a192,a201,1
a14,12,a32,a43,707,a61,a73,4,a93,a101,2,a121,30,a141,a152,2,a173,1,a191,a201,1
a14,24,a33,a49,2978,a65,a73,4,a93,a101,4,a121,32,a143,a152,2,a173,2,a192,a201,1
a14,15,a32,a41,4657,a61,a73,3,a93,a101,2,a123,30,a143,a152,1,a173,1,a192,a201,1
a14,36,a30,a45,2613,a61,a73,4,a93,a101,2,a123,27,a143,a152,2,a173,1,a191,a201,1
a12,48,a32,a43,10961,a64,a74,1,a93,a102,2,a124,27,a141,a152,2,a173,1,a192,a201,2
a11,12,a32,a42,7865,a61,a75,4,a93,a101,4,a124,53,a143,a153,1,a174,1,a192,a201,2
a14,9,a32,a43,1478,a61,a74,4,a93,a101,2,a123,22,a143,a152,1,a173,1,a191,a201,2
a11,24,a32,a42,3149,a61,a72,4,a93,a101,1,a124,22,a141,a153,1,a173,1,a191,a201,1
a13,36,a32,a43,4210,a61,a73,4,a93,a101,2,a123,26,a143,a152,1,a173,1,a191,a201,2
a14,9,a32,a40,2507,a63,a75,2,a93,a101,4,a124,51,a143,a153,1,a172,1,a191,a201,1
a14,12,a32,a43,2141,a62,a74,3,a93,a101,1,a124,35,a143,a152,1,a173,1,a191,a201,1
a12,18,a32,a43,866,a61,a73,4,a94,a103,2,a121,25,a143,a152,1,a172,1,a191,a201,1
a14,4,a34,a43,1544,a61,a74,2,a93,a101,1,a121,42,a143,a152,3,a172,2,a191,a201,1
a11,24,a32,a43,1823,a61,a71,4,a93,a101,2,a123,30,a142,a152,1,a174,2,a191,a201,2
a12,6,a32,a40,14555,a65,a71,1,a93,a101,2,a122,23,a143,a152,1,a171,1,a192,a201,2
a12,21,a32,a49,2767,a62,a75,4,a91,a101,2,a123,61,a141,a151,2,a172,1,a191,a201,2
a14,12,a34,a43,1291,a61,a73,4,a92,a101,2,a122,35,a143,a152,2,a173,1,a191,a201,1
a11,30,a32,a43,2522,a61,a75,1,a93,a103,3,a122,39,a143,a152,1,a173,2,a191,a201,1
a11,24,a32,a40,915,a65,a75,4,a92,a101,2,a123,29,a141,a152,1,a173,1,a191,a201,2
a14,6,a32,a43,1595,a61,a74,3,a93,a101,2,a122,51,a143,a152,1,a173,2,a191,a201,1
a11,48,a30,a41,4605,a61,a75,3,a93,a101,4,a124,24,a143,a153,2,a173,2,a191,a201,2
a14,12,a34,a49,1185,a61,a73,3,a92,a101,2,a121,27,a143,a152,2,a173,1,a191,a201,1
a14,12,a31,a48,3447,a63,a73,4,a92,a101,3,a121,35,a143,a152,1,a172,2,a191,a201,1
a14,24,a32,a49,1258,a61,a74,4,a93,a101,1,a121,25,a143,a152,1,a173,1,a192,a201,1
a14,12,a34,a43,717,a61,a75,4,a93,a101,4,a121,52,a143,a152,3,a173,1,a191,a201,1
a14,6,a30,a40,1204,a62,a73,4,a93,a101,1,a124,35,a141,a151,1,a173,1,a191,a202,1
a13,24,a32,a42,1925,a61,a73,2,a93,a101,2,a121,26,a143,a152,1,a173,1,a191,a201,1
a14,18,a32,a43,433,a61,a71,3,a92,a102,4,a121,22,a143,a151,1,a173,1,a191,a201,2
a11,6,a34,a40,666,a64,a74,3,a92,a101,4,a121,39,a143,a152,2,a172,1,a192,a201,1
a13,12,a32,a42,2251,a61,a73,1,a92,a101,2,a123,46,a143,a152,1,a172,1,a191,a201,1
a12,30,a32,a40,2150,a61,a73,4,a92,a103,2,a124,24,a141,a152,1,a173,1,a191,a201,2
a14,24,a33,a42,4151,a62,a73,2,a93,a101,3,a122,35,a143,a152,2,a173,1,a191,a201,1
a12,9,a32,a42,2030,a65,a74,2,a93,a101,1,a123,24,a143,a152,1,a173,1,a192,a201,1
a12,60,a33,a43,7418,a65,a73,1,a93,a101,1,a121,27,a143,a152,1,a172,1,a191,a201,1
a14,24,a34,a43,2684,a61,a73,4,a93,a101,2,a121,35,a143,a152,2,a172,1,a191,a201,1
a11,12,a31,a43,2149,a61,a73,4,a91,a101,1,a124,29,a143,a153,1,a173,1,a191,a201,2
a14,15,a32,a41,3812,a62,a72,1,a92,a101,4,a123,23,a143,a152,1,a173,1,a192,a201,1
a14,11,a34,a43,1154,a62,a71,4,a92,a101,4,a121,57,a143,a152,3,a172,1,a191,a201,1
a11,12,a32,a42,1657,a61,a73,2,a93,a101,2,a121,27,a143,a152,1,a173,1,a191,a201,1
a11,24,a32,a43,1603,a61,a75,4,a92,a101,4,a123,55,a143,a152,1,a173,1,a191,a201,1
a11,18,a34,a40,5302,a61,a75,2,a93,a101,4,a124,36,a143,a153,3,a174,1,a192,a201,1
a14,12,a34,a46,2748,a61,a75,2,a92,a101,4,a124,57,a141,a153,3,a172,1,a191,a201,1
a14,10,a34,a40,1231,a61,a75,3,a93,a101,4,a121,32,a143,a152,2,a172,2,a191,a202,1
a12,15,a32,a43,802,a61,a75,4,a93,a101,3,a123,37,a143,a152,1,a173,2,a191,a201,2
a14,36,a34,a49,6304,a65,a75,4,a93,a101,4,a121,36,a143,a152,2,a173,1,a191,a201,1
a14,24,a32,a43,1533,a61,a72,4,a92,a101,3,a123,38,a142,a152,1,a173,1,a192,a201,1
a11,14,a32,a40,8978,a61,a75,1,a91,a101,4,a122,45,a143,a152,1,a174,1,a192,a202,2
a14,24,a32,a43,999,a65,a75,4,a93,a101,2,a123,25,a143,a152,2,a173,1,a191,a201,1
a14,18,a32,a40,2662,a65,a74,4,a93,a101,3,a122,32,a143,a152,1,a173,1,a191,a202,1
a14,12,a34,a42,1402,a63,a74,3,a92,a101,4,a123,37,a143,a151,1,a173,1,a192,a201,1
a12,48,a31,a40,12169,a65,a71,4,a93,a102,4,a124,36,a143,a153,1,a174,1,a192,a201,1
a12,48,a32,a43,3060,a61,a74,4,a93,a101,4,a121,28,a143,a152,2,a173,1,a191,a201,2
a11,30,a32,a45,11998,a61,a72,1,a91,a101,1,a124,34,a143,a152,1,a172,1,a192,a201,2
a14,9,a32,a43,2697,a61,a73,1,a93,a101,2,a121,32,a143,a152,1,a173,2,a191,a201,1
a14,18,a34,a43,2404,a61,a73,2,a92,a101,2,a123,26,a143,a152,2,a173,1,a191,a201,1
a11,12,a32,a42,1262,a65,a75,2,a91,a101,4,a122,49,a143,a152,1,a172,1,a192,a201,1
a14,6,a32,a42,4611,a61,a72,1,a92,a101,4,a122,32,a143,a152,1,a173,1,a191,a201,2
a14,24,a32,a43,1901,a62,a73,4,a93,a101,4,a123,29,a143,a151,1,a174,1,a192,a201,1
a14,15,a34,a41,3368,a64,a75,3,a93,a101,4,a124,23,a143,a151,2,a173,1,a192,a201,1
a14,12,a32,a42,1574,a61,a73,4,a93,a101,2,a121,50,a143,a152,1,a173,1,a191,a201,1
a13,18,a31,a43,1445,a65,a74,4,a93,a101,4,a123,49,a141,a152,1,a172,1,a191,a201,1
a14,15,a34,a42,1520,a65,a75,4,a93,a101,4,a122,63,a143,a152,1,a173,1,a191,a201,1
a12,24,a34,a40,3878,a62,a72,4,a91,a101,2,a123,37,a143,a152,1,a173,1,a192,a201,1
a11,47,a32,a40,10722,a61,a72,1,a92,a101,1,a121,35,a143,a152,1,a172,1,a192,a201,1
a11,48,a32,a41,4788,a61,a74,4,a93,a101,3,a122,26,a143,a152,1,a173,2,a191,a201,1
a12,48,a33,a410,7582,a62,a71,2,a93,a101,4,a124,31,a143,a153,1,a174,1,a192,a201,1
a12,12,a32,a43,1092,a61,a73,4,a92,a103,4,a121,49,a143,a152,2,a173,1,a192,a201,1
a11,24,a33,a43,1024,a61,a72,4,a94,a101,4,a121,48,a142,a152,1,a173,1,a191,a201,2
a14,12,a32,a49,1076,a61,a73,2,a94,a101,2,a121,26,a143,a152,1,a173,1,a192,a202,1
a12,36,a32,a41,9398,a61,a72,1,a94,a101,4,a123,28,a143,a151,1,a174,1,a192,a201,2
a11,24,a34,a41,6419,a61,a75,2,a92,a101,4,a124,44,a143,a153,2,a174,2,a192,a201,1
a13,42,a34,a41,4796,a61,a75,4,a93,a101,4,a124,56,a143,a153,1,a173,1,a191,a201,1
a14,48,a34,a49,7629,a65,a75,4,a91,a101,2,a123,46,a141,a152,2,a174,2,a191,a201,1
a12,48,a32,a42,9960,a61,a72,1,a92,a101,2,a123,26,a143,a152,1,a173,1,a192,a201,2
a14,12,a32,a41,4675,a65,a72,1,a92,a101,4,a123,20,a143,a151,1,a173,1,a191,a201,1
a14,10,a32,a40,1287,a65,a75,4,a93,a102,2,a122,45,a143,a152,1,a172,1,a191,a202,1
a14,18,a32,a42,2515,a61,a73,3,a93,a101,4,a121,43,a143,a152,1,a173,1,a192,a201,1
a12,21,a34,a42,2745,a64,a74,3,a93,a101,2,a123,32,a143,a152,2,a173,1,a192,a201,1
a14,6,a32,a40,672,a61,a71,1,a92,a101,4,a121,54,a143,a152,1,a171,1,a192,a201,1
a12,36,a30,a43,3804,a61,a73,4,a92,a101,1,a123,42,a143,a152,1,a173,1,a192,a201,2
a13,24,a34,a40,1344,a65,a74,4,a93,a101,2,a121,37,a141,a152,2,a172,2,a191,a201,2
a11,10,a34,a40,1038,a61,a74,4,a93,a102,3,a122,49,a143,a152,2,a173,1,a192,a201,1
a14,48,a34,a40,10127,a63,a73,2,a93,a101,2,a124,44,a141,a153,1,a173,1,a191,a201,2
a14,6,a32,a42,1543,a64,a73,4,a91,a101,2,a121,33,a143,a152,1,a173,1,a191,a201,1
a14,30,a32,a41,4811,a65,a74,2,a92,a101,4,a122,24,a142,a151,1,a172,1,a191,a201,1
a11,12,a32,a43,727,a62,a72,4,a94,a101,3,a124,33,a143,a152,1,a172,1,a192,a201,2
a12,8,a32,a42,1237,a61,a73,3,a92,a101,4,a121,24,a143,a152,1,a173,1,a191,a201,2
a12,9,a32,a40,276,a61,a73,4,a94,a101,4,a121,22,a143,a151,1,a172,1,a191,a201,1
a12,48,a32,a410,5381,a65,a71,3,a93,a101,4,a124,40,a141,a153,1,a171,1,a192,a201,1
a14,24,a32,a42,5511,a62,a73,4,a93,a101,1,a123,25,a142,a152,1,a173,1,a191,a201,1
a13,24,a32,a42,3749,a61,a72,2,a92,a101,4,a123,26,a143,a152,1,a173,1,a191,a201,1
a12,12,a32,a40,685,a61,a74,2,a94,a101,3,a123,25,a141,a152,1,a172,1,a191,a201,2
a13,4,a32,a40,1494,a65,a72,1,a93,a101,2,a121,29,a143,a152,1,a172,2,a191,a202,1
a11,36,a31,a42,2746,a61,a75,4,a93,a101,4,a123,31,a141,a152,1,a173,1,a191,a201,2
a11,12,a32,a42,708,a61,a73,2,a93,a103,3,a122,38,a143,a152,1,a172,2,a191,a201,1
a12,24,a32,a42,4351,a65,a73,1,a92,a101,4,a122,48,a143,a152,1,a172,1,a192,a201,1
a14,12,a34,a46,701,a61,a73,4,a93,a101,2,a123,32,a143,a152,2,a173,1,a191,a201,1
a11,15,a33,a42,3643,a61,a75,1,a92,a101,4,a122,27,a143,a152,2,a172,1,a191,a201,1
a12,30,a34,a40,4249,a61,a71,4,a94,a101,2,a123,28,a143,a152,2,a174,1,a191,a201,2
a11,24,a32,a43,1938,a61,a72,4,a91,a101,3,a122,32,a143,a152,1,a173,1,a191,a201,2
a11,24,a32,a41,2910,a61,a74,2,a93,a101,1,a124,34,a143,a153,1,a174,1,a192,a201,1
a11,18,a32,a42,2659,a64,a73,4,a93,a101,2,a123,28,a143,a152,1,a173,1,a191,a201,1
a14,18,a34,a40,1028,a61,a73,4,a92,a101,3,a121,36,a143,a152,2,a173,1,a191,a201,1
a11,8,a34,a40,3398,a61,a74,1,a93,a101,4,a121,39,a143,a152,2,a172,1,a191,a202,1
a14,12,a34,a42,5801,a65,a75,2,a93,a101,4,a122,49,a143,a151,1,a173,1,a192,a201,1
a14,24,a32,a40,1525,a64,a74,4,a92,a101,3,a123,34,a143,a152,1,a173,2,a192,a201,1
a13,36,a32,a43,4473,a61,a75,4,a93,a101,2,a123,31,a143,a152,1,a173,1,a191,a201,1
a12,6,a32,a43,1068,a61,a75,4,a93,a101,4,a123,28,a143,a152,1,a173,2,a191,a201,1
a11,24,a34,a41,6615,a61,a71,2,a93,a101,4,a124,75,a143,a153,2,a174,1,a192,a201,1
a14,18,a34,a46,1864,a62,a73,4,a92,a101,2,a121,30,a143,a152,2,a173,1,a191,a201,2
a12,60,a32,a40,7408,a62,a72,4,a92,a101,2,a122,24,a143,a152,1,a174,1,a191,a201,2
a14,48,a34,a41,11590,a62,a73,2,a92,a101,4,a123,24,a141,a151,2,a172,1,a191,a201,2
a11,24,a30,a42,4110,a61,a75,3,a93,a101,4,a124,23,a141,a151,2,a173,2,a191,a201,2
a11,6,a34,a42,3384,a61,a73,1,a91,a101,4,a121,44,a143,a151,1,a174,1,a192,a201,2
a12,13,a32,a43,2101,a61,a72,2,a92,a103,4,a122,23,a143,a152,1,a172,1,a191,a201,1
a11,15,a32,a44,1275,a65,a73,4,a92,a101,2,a123,24,a143,a151,1,a173,1,a191,a201,2
a11,24,a32,a42,4169,a61,a73,4,a93,a101,4,a122,28,a143,a152,1,a173,1,a191,a201,1
a12,10,a32,a42,1521,a61,a73,4,a91,a101,2,a123,31,a143,a152,1,a172,1,a191,a201,1
a12,24,a34,a46,5743,a61,a72,2,a92,a101,4,a124,24,a143,a153,2,a173,1,a192,a201,1
a11,21,a32,a42,3599,a61,a74,1,a92,a101,4,a123,26,a143,a151,1,a172,1,a191,a201,1
a12,18,a32,a43,3213,a63,a72,1,a94,a101,3,a121,25,a143,a151,1,a173,1,a191,a201,1
a12,18,a32,a49,4439,a61,a75,1,a93,a102,1,a121,33,a141,a152,1,a174,1,a192,a201,1
a13,10,a32,a40,3949,a61,a72,1,a93,a103,1,a122,37,a143,a152,1,a172,2,a191,a201,1
a14,15,a34,a43,1459,a61,a73,4,a92,a101,2,a123,43,a143,a152,1,a172,1,a191,a201,1
a12,13,a34,a43,882,a61,a72,4,a93,a103,4,a121,23,a143,a152,2,a173,1,a191,a201,1
a12,24,a32,a43,3758,a63,a71,1,a92,a101,4,a124,23,a143,a151,1,a171,1,a191,a201,1
a14,6,a33,a49,1743,a62,a73,1,a93,a101,2,a121,34,a143,a152,2,a172,1,a191,a201,1
a12,9,a34,a46,1136,a64,a75,4,a93,a101,3,a124,32,a143,a153,2,a173,2,a191,a201,2
a14,9,a32,a44,1236,a61,a72,1,a92,a101,4,a121,23,a143,a151,1,a173,1,a192,a201,1
a12,9,a32,a42,959,a61,a73,1,a92,a101,2,a123,29,a143,a152,1,a173,1,a191,a202,2
a14,18,a34,a41,3229,a65,a71,2,a93,a101,4,a124,38,a143,a152,1,a174,1,a192,a201,1
a11,12,a30,a43,6199,a61,a73,4,a93,a101,2,a122,28,a143,a151,2,a173,1,a192,a201,2
a14,10,a32,a46,727,a63,a75,4,a93,a101,4,a124,46,a143,a153,1,a173,1,a192,a201,1
a12,24,a32,a40,1246,a61,a72,4,a93,a101,2,a121,23,a142,a152,1,a172,1,a191,a201,2
a14,12,a34,a43,2331,a65,a75,1,a93,a102,4,a121,49,a143,a152,1,a173,1,a192,a201,1
a14,36,a33,a43,4463,a61,a73,4,a93,a101,2,a123,26,a143,a152,2,a174,1,a192,a201,2
a14,12,a32,a43,776,a61,a73,4,a94,a101,2,a121,28,a143,a152,1,a173,1,a191,a201,1
a11,30,a32,a42,2406,a61,a74,4,a92,a101,4,a121,23,a143,a151,1,a173,1,a191,a201,2
a12,18,a32,a46,1239,a65,a73,4,a93,a101,4,a124,61,a143,a153,1,a173,1,a191,a201,1
a13,12,a32,a43,3399,a65,a75,2,a93,a101,3,a123,37,a143,a152,1,a174,1,a191,a201,1
a13,12,a33,a40,2247,a61,a73,2,a92,a101,2,a123,36,a142,a152,2,a173,1,a192,a201,1
a14,6,a32,a42,1766,a61,a73,1,a94,a101,2,a122,21,a143,a151,1,a173,1,a191,a201,1
a11,18,a32,a42,2473,a61,a71,4,a93,a101,1,a123,25,a143,a152,1,a171,1,a191,a201,2
a14,12,a32,a49,1542,a61,a74,2,a93,a101,4,a123,36,a143,a152,1,a173,1,a192,a201,1
a14,18,a34,a41,3850,a61,a74,3,a93,a101,1,a123,27,a143,a152,2,a173,1,a191,a201,1
a11,18,a32,a42,3650,a61,a72,1,a92,a101,4,a123,22,a143,a151,1,a173,1,a191,a201,1
a11,36,a32,a42,3446,a61,a75,4,a93,a101,2,a123,42,a143,a152,1,a173,2,a191,a201,2
a12,18,a32,a42,3001,a61,a74,2,a92,a101,4,a121,40,a143,a151,1,a173,1,a191,a201,1
a14,36,a32,a40,3079,a65,a73,4,a93,a101,4,a121,36,a143,a152,1,a173,1,a191,a201,1
a14,18,a34,a43,6070,a61,a75,3,a93,a101,4,a123,33,a143,a152,2,a173,1,a192,a201,1
a14,10,a34,a42,2146,a61,a72,1,a92,a101,3,a121,23,a143,a151,2,a173,1,a191,a201,1
a14,60,a34,a40,13756,a65,a75,2,a93,a101,4,a124,63,a141,a153,1,a174,1,a192,a201,1
a12,60,a31,a410,14782,a62,a75,3,a92,a101,4,a124,60,a141,a153,2,a174,1,a192,a201,2
a11,48,a31,a49,7685,a61,a74,2,a92,a103,4,a123,37,a143,a151,1,a173,1,a191,a201,2
a14,18,a33,a43,2320,a61,a71,2,a94,a101,3,a121,34,a143,a152,2,a173,1,a191,a201,1
a14,7,a33,a43,846,a65,a75,3,a93,a101,4,a124,36,a143,a153,1,a173,1,a191,a201,1
a12,36,a32,a40,14318,a61,a75,4,a93,a101,2,a124,57,a143,a153,1,a174,1,a192,a201,2
a14,6,a34,a40,362,a62,a73,4,a92,a101,4,a123,52,a143,a152,2,a172,1,a191,a201,1
a11,20,a32,a42,2212,a65,a74,4,a93,a101,4,a123,39,a143,a152,1,a173,1,a192,a201,1
a12,18,a32,a41,12976,a61,a71,3,a92,a101,4,a124,38,a143,a153,1,a174,1,a192,a201,2
a14,22,a32,a40,1283,a65,a74,4,a92,a101,4,a122,25,a143,a151,1,a173,1,a191,a201,1
a13,12,a32,a40,1330,a61,a72,4,a93,a101,1,a121,26,a143,a152,1,a173,1,a191,a201,1
a14,30,a33,a49,4272,a62,a73,2,a93,a101,2,a122,26,a143,a152,2,a172,1,a191,a201,1
a14,18,a34,a43,2238,a61,a73,2,a92,a101,1,a123,25,a143,a152,2,a173,1,a191,a201,1
a14,18,a32,a43,1126,a65,a72,4,a92,a101,2,a121,21,a143,a151,1,a173,1,a192,a201,1
a12,18,a34,a42,7374,a61,a71,4,a93,a101,4,a122,40,a142,a152,2,a174,1,a192,a201,1
a12,15,a34,a49,2326,a63,a73,2,a93,a101,4,a123,27,a141,a152,1,a173,1,a191,a201,1
a14,9,a32,a49,1449,a61,a74,3,a92,a101,2,a123,27,a143,a152,2,a173,1,a191,a201,1
a14,18,a32,a40,1820,a61,a73,2,a94,a101,2,a122,30,a143,a152,1,a174,1,a192,a201,1
a12,12,a32,a42,983,a64,a72,1,a92,a101,4,a121,19,a143,a151,1,a172,1,a191,a201,1
a11,36,a32,a40,3249,a61,a74,2,a93,a101,4,a124,39,a141,a153,1,a174,2,a192,a201,1
a11,6,a34,a43,1957,a61,a74,1,a92,a101,4,a123,31,a143,a152,1,a173,1,a191,a201,1
a14,9,a34,a42,2406,a61,a71,2,a93,a101,3,a123,31,a143,a152,1,a174,1,a191,a201,1
a12,39,a33,a46,11760,a62,a74,2,a93,a101,3,a124,32,a143,a151,1,a173,1,a192,a201,1
a11,12,a32,a42,2578,a61,a71,3,a92,a101,4,a124,55,a143,a153,1,a174,1,a191,a201,1
a11,36,a34,a42,2348,a61,a73,3,a94,a101,2,a122,46,a143,a152,2,a173,1,a192,a201,1
a12,12,a32,a40,1223,a61,a75,1,a91,a101,1,a121,46,a143,a151,2,a173,1,a191,a201,2
a14,24,a34,a43,1516,a64,a73,4,a92,a101,1,a121,43,a143,a152,2,a172,1,a191,a201,1
a14,18,a32,a43,1473,a61,a72,3,a94,a101,4,a121,39,a143,a152,1,a173,1,a192,a201,1
a12,18,a34,a49,1887,a65,a73,4,a94,a101,4,a121,28,a141,a152,2,a173,1,a191,a201,1
a14,24,a33,a49,8648,a61,a72,2,a93,a101,2,a123,27,a141,a152,2,a173,1,a192,a201,2
a14,14,a33,a40,802,a61,a73,4,a93,a101,2,a123,27,a143,a152,2,a172,1,a191,a201,1
a12,18,a33,a40,2899,a65,a75,4,a93,a101,4,a123,43,a143,a152,1,a173,2,a191,a201,1
a12,24,a32,a43,2039,a61,a72,1,a94,a101,1,a122,22,a143,a152,1,a173,1,a192,a201,2
a14,24,a34,a41,2197,a65,a74,4,a93,a101,4,a123,43,a143,a152,2,a173,2,a192,a201,1
a11,15,a32,a43,1053,a61,a72,4,a94,a101,2,a121,27,a143,a152,1,a173,1,a191,a202,1
a14,24,a32,a43,3235,a63,a75,3,a91,a101,2,a123,26,a143,a152,1,a174,1,a192,a201,1
a13,12,a34,a40,939,a63,a74,4,a94,a101,2,a121,28,a143,a152,3,a173,1,a192,a201,2
a12,24,a32,a43,1967,a61,a75,4,a92,a101,4,a123,20,a143,a152,1,a173,1,a192,a201,1
a14,33,a34,a41,7253,a61,a74,3,a93,a101,2,a123,35,a143,a152,2,a174,1,a192,a201,1
a14,12,a34,a49,2292,a61,a71,4,a93,a101,2,a123,42,a142,a152,2,a174,1,a192,a201,2
a14,10,a32,a40,1597,a63,a73,3,a93,a101,2,a124,40,a143,a151,1,a172,2,a191,a202,1
a11,24,a32,a40,1381,a65,a73,4,a92,a101,2,a122,35,a143,a152,1,a173,1,a191,a201,2
a14,36,a34,a41,5842,a61,a75,2,a93,a101,2,a122,35,a143,a152,2,a173,2,a192,a201,1
a11,12,a32,a40,2579,a61,a72,4,a93,a101,1,a121,33,a143,a152,1,a172,2,a191,a201,2
a11,18,a33,a46,8471,a65,a73,1,a92,a101,2,a123,23,a143,a151,2,a173,1,a192,a201,1
a14,21,a32,a40,2782,a63,a74,1,a92,a101,2,a123,31,a141,a152,1,a174,1,a191,a201,1
a12,18,a32,a40,1042,a65,a73,4,a92,a101,2,a122,33,a143,a152,1,a173,1,a191,a201,2
a14,15,a32,a40,3186,a64,a74,2,a92,a101,3,a123,20,a143,a151,1,a173,1,a191,a201,1
a12,12,a32,a41,2028,a65,a73,4,a93,a101,2,a123,30,a143,a152,1,a173,1,a191,a201,1
a12,12,a34,a40,958,a61,a74,2,a93,a101,3,a121,47,a143,a152,2,a172,2,a191,a201,1
a14,21,a33,a42,1591,a62,a74,4,a93,a101,3,a121,34,a143,a152,2,a174,1,a191,a201,1
a12,12,a32,a42,2762,a65,a75,1,a92,a101,2,a122,25,a141,a152,1,a173,1,a192,a201,2
a12,18,a32,a41,2779,a61,a73,1,a94,a101,3,a123,21,a143,a151,1,a173,1,a192,a201,1
a14,28,a34,a43,2743,a61,a75,4,a93,a101,2,a123,29,a143,a152,2,a173,1,a191,a201,1
a14,18,a34,a43,1149,a64,a73,4,a93,a101,3,a121,46,a143,a152,2,a173,1,a191,a201,1
a14,9,a32,a42,1313,a61,a75,1,a93,a101,4,a123,20,a143,a152,1,a173,1,a191,a201,1
a11,18,a34,a45,1190,a61,a71,2,a92,a101,4,a124,55,a143,a153,3,a171,2,a191,a201,2
a14,5,a32,a49,3448,a61,a74,1,a93,a101,4,a121,74,a143,a152,1,a172,1,a191,a201,1
a12,24,a32,a410,11328,a61,a73,2,a93,a102,3,a123,29,a141,a152,2,a174,1,a192,a201,2
a11,6,a34,a42,1872,a61,a71,4,a93,a101,4,a124,36,a143,a153,3,a174,1,a192,a201,1
a14,24,a34,a45,2058,a61,a73,4,a91,a101,2,a121,33,a143,a152,2,a173,1,a192,a201,1
a11,9,a32,a42,2136,a61,a73,3,a93,a101,2,a121,25,a143,a152,1,a173,1,a191,a201,1
a12,12,a32,a43,1484,a65,a73,2,a94,a101,1,a121,25,a143,a152,1,a173,1,a192,a201,2
a14,6,a32,a45,660,a63,a74,2,a94,a101,4,a121,23,a143,a151,1,a172,1,a191,a201,1
a14,24,a34,a40,1287,a64,a75,4,a92,a101,4,a121,37,a143,a152,2,a173,1,a192,a201,1
a11,42,a34,a45,3394,a61,a71,4,a93,a102,4,a123,65,a143,a152,2,a171,1,a191,a201,1
a13,12,a31,a49,609,a61,a72,4,a92,a101,1,a121,26,a143,a152,1,a171,1,a191,a201,2
a14,12,a32,a40,1884,a61,a75,4,a93,a101,4,a123,39,a143,a152,1,a174,1,a192,a201,1
a11,12,a32,a42,1620,a61,a73,2,a92,a102,3,a122,30,a143,a152,1,a173,1,a191,a201,1
a12,20,a33,a410,2629,a61,a73,2,a93,a101,3,a123,29,a141,a152,2,a173,1,a192,a201,1
a14,12,a32,a46,719,a61,a75,4,a93,a101,4,a123,41,a141,a152,1,a172,2,a191,a201,2
a12,48,a34,a42,5096,a61,a73,2,a92,a101,3,a123,30,a143,a152,1,a174,1,a192,a201,2
a14,9,a34,a46,1244,a65,a75,4,a92,a101,4,a122,41,a143,a151,2,a172,1,a191,a201,1
a11,36,a32,a40,1842,a61,a72,4,a92,a101,4,a123,34,a143,a152,1,a173,1,a192,a201,2
a12,7,a32,a43,2576,a61,a73,2,a93,a103,2,a121,35,a143,a152,1,a173,1,a191,a201,1
a13,12,a32,a42,1424,a65,a75,3,a92,a101,4,a121,55,a143,a152,1,a174,1,a192,a201,1
a12,15,a33,a45,1512,a64,a73,3,a94,a101,3,a122,61,a142,a152,2,a173,1,a191,a201,2
a14,36,a34,a41,11054,a65,a73,4,a93,a101,2,a123,30,a143,a152,1,a174,1,a192,a201,1
a14,6,a32,a43,518,a61,a73,3,a92,a101,1,a121,29,a143,a152,1,a173,1,a191,a201,1
a14,12,a30,a42,2759,a61,a75,2,a93,a101,4,a122,34,a143,a152,2,a173,1,a191,a201,1
a14,24,a32,a41,2670,a61,a75,4,a93,a101,4,a123,35,a143,a152,1,a174,1,a192,a201,1
a11,24,a32,a40,4817,a61,a74,2,a93,a102,3,a122,31,a143,a152,1,a173,1,a192,a201,2
a14,24,a32,a41,2679,a61,a72,4,a92,a101,1,a124,29,a143,a152,1,a174,1,a192,a201,1
a11,11,a34,a40,3905,a61,a73,2,a93,a101,2,a121,36,a143,a151,2,a173,2,a191,a201,1
a11,12,a32,a41,3386,a61,a75,3,a93,a101,4,a124,35,a143,a153,1,a173,1,a192,a201,2
a11,6,a32,a44,343,a61,a72,4,a92,a101,1,a121,27,a143,a152,1,a173,1,a191,a201,1
a14,18,a32,a43,4594,a61,a72,3,a93,a101,2,a123,32,a143,a152,1,a173,1,a192,a201,1
a11,36,a32,a42,3620,a61,a73,1,a93,a103,2,a122,37,a143,a152,1,a173,2,a191,a201,1
a11,15,a32,a40,1721,a61,a72,2,a93,a101,3,a121,36,a143,a152,1,a173,1,a191,a201,1
a12,12,a32,a42,3017,a61,a72,3,a92,a101,1,a121,34,a143,a151,1,a174,1,a191,a201,1
a12,12,a32,a48,754,a65,a75,4,a93,a101,4,a122,38,a143,a152,2,a173,1,a191,a201,1
a14,18,a32,a49,1950,a61,a74,4,a93,a101,1,a123,34,a142,a152,2,a173,1,a192,a201,1
a11,24,a32,a41,2924,a61,a73,3,a93,a103,4,a124,63,a141,a152,1,a173,2,a192,a201,1
a11,24,a33,a43,1659,a61,a72,4,a92,a101,2,a123,29,a143,a151,1,a172,1,a192,a201,2
a14,48,a33,a43,7238,a65,a75,3,a93,a101,3,a123,32,a141,a152,2,a173,2,a191,a201,1
a14,33,a33,a49,2764,a61,a73,2,a92,a101,2,a123,26,a143,a152,2,a173,1,a192,a201,1
a14,24,a33,a41,4679,a61,a74,3,a93,a101,3,a123,35,a143,a152,2,a172,1,a192,a201,1
a12,24,a32,a43,3092,a62,a72,3,a94,a101,2,a123,22,a143,a151,1,a173,1,a192,a201,2
a11,6,a32,a46,448,a61,a72,4,a92,a101,4,a122,23,a143,a152,1,a173,1,a191,a201,2
a11,9,a32,a40,654,a61,a73,4,a93,a101,3,a123,28,a143,a152,1,a172,1,a191,a201,2
a14,6,a32,a48,1238,a65,a71,4,a93,a101,4,a122,36,a143,a152,1,a174,2,a192,a201,1
a12,18,a34,a43,1245,a61,a73,4,a94,a101,2,a123,33,a143,a152,1,a173,1,a191,a201,2
a11,18,a30,a42,3114,a61,a72,1,a92,a101,4,a122,26,a143,a151,1,a173,1,a191,a201,2
a14,39,a32,a41,2569,a63,a73,4,a93,a101,4,a123,24,a143,a152,1,a173,1,a191,a201,1
a13,24,a32,a43,5152,a61,a74,4,a93,a101,2,a123,25,a141,a152,1,a173,1,a191,a201,1
a12,12,a32,a49,1037,a62,a74,3,a93,a101,4,a121,39,a143,a152,1,a172,1,a191,a201,1
a11,15,a34,a42,1478,a61,a75,4,a93,a101,4,a123,44,a143,a152,2,a173,2,a192,a201,1
a12,12,a34,a43,3573,a61,a73,1,a92,a101,1,a121,23,a143,a152,1,a172,1,a191,a201,1
a12,24,a32,a40,1201,a61,a72,4,a93,a101,1,a122,26,a143,a152,1,a173,1,a191,a201,1
a11,30,a32,a42,3622,a64,a75,4,a92,a101,4,a122,57,a143,a151,2,a173,1,a192,a201,1
a14,15,a33,a42,960,a64,a74,3,a92,a101,2,a122,30,a143,a152,2,a173,1,a191,a201,1
a14,12,a34,a40,1163,a63,a73,4,a93,a101,4,a121,44,a143,a152,1,a173,1,a192,a201,1
a12,6,a33,a40,1209,a61,a71,4,a93,a101,4,a122,47,a143,a152,1,a174,1,a192,a201,2
a14,12,a32,a43,3077,a61,a73,2,a93,a101,4,a123,52,a143,a152,1,a173,1,a192,a201,1
a14,24,a32,a40,3757,a61,a75,4,a92,a102,4,a124,62,a143,a153,1,a173,1,a192,a201,1
a14,10,a32,a40,1418,a62,a73,3,a93,a101,2,a121,35,a143,a151,1,a172,1,a191,a202,1
a14,6,a32,a40,3518,a61,a73,2,a93,a103,3,a122,26,a143,a151,1,a173,1,a191,a201,1
a14,12,a34,a43,1934,a61,a75,2,a93,a101,2,a124,26,a143,a152,2,a173,1,a191,a201,1
a12,27,a30,a49,8318,a61,a75,2,a92,a101,4,a124,42,a143,a153,2,a174,1,a192,a201,2
a14,6,a34,a43,1237,a62,a73,1,a92,a101,1,a122,27,a143,a152,2,a173,1,a191,a201,1
a12,6,a32,a43,368,a65,a75,4,a93,a101,4,a122,38,a143,a152,1,a173,1,a191,a201,1
a11,12,a34,a40,2122,a61,a73,3,a93,a101,2,a121,39,a143,a151,2,a172,2,a191,a202,1
a11,24,a32,a42,2996,a65,a73,2,a94,a101,4,a123,20,a143,a152,1,a173,1,a191,a201,2
a12,36,a32,a42,9034,a62,a72,4,a93,a102,1,a124,29,a143,a151,1,a174,1,a192,a201,2
a14,24,a34,a42,1585,a61,a74,4,a93,a101,3,a122,40,a143,a152,2,a173,1,a191,a201,1
a12,18,a32,a43,1301,a61,a75,4,a94,a103,2,a121,32,a143,a152,1,a172,1,a191,a201,1
a13,6,a34,a40,1323,a62,a75,2,a91,a101,4,a123,28,a143,a152,2,a173,2,a192,a201,1
a11,24,a32,a40,3123,a61,a72,4,a92,a101,1,a122,27,a143,a152,1,a173,1,a191,a201,2
a11,36,a32,a41,5493,a61,a75,2,a93,a101,4,a124,42,a143,a153,1,a173,2,a191,a201,1
a13,9,a32,a43,1126,a62,a75,2,a91,a101,4,a121,49,a143,a152,1,a173,1,a191,a201,1
a12,24,a34,a43,1216,a62,a72,4,a93,a101,4,a124,38,a141,a152,2,a173,2,a191,a201,2
a11,24,a32,a40,1207,a61,a72,4,a92,a101,4,a122,24,a143,a151,1,a173,1,a191,a201,2
a14,10,a32,a40,1309,a65,a73,4,a93,a103,4,a122,27,a143,a152,1,a172,1,a191,a201,2
a13,15,a34,a41,2360,a63,a73,2,a93,a101,2,a123,36,a143,a152,1,a173,1,a192,a201,1
a12,15,a31,a40,6850,a62,a71,1,a93,a101,2,a122,34,a143,a152,1,a174,2,a192,a201,2
a14,24,a32,a43,1413,a61,a73,4,a94,a101,2,a122,28,a143,a152,1,a173,1,a191,a201,1
a14,39,a32,a41,8588,a62,a75,4,a93,a101,2,a123,45,a143,a152,1,a174,1,a192,a201,1
a11,12,a32,a40,759,a61,a74,4,a93,a101,2,a121,26,a143,a152,1,a173,1,a191,a201,2
a14,36,a32,a41,4686,a61,a73,2,a93,a101,2,a124,32,a143,a153,1,a174,1,a192,a201,1
a13,15,a32,a49,2687,a61,a74,2,a93,a101,4,a122,26,a143,a151,1,a173,1,a192,a201,1
a12,12,a33,a43,585,a61,a73,4,a94,a102,4,a121,20,a143,a151,2,a173,1,a191,a201,1
a14,24,a32,a40,2255,a65,a72,4,a93,a101,1,a122,54,a143,a152,1,a173,1,a191,a201,1
a11,6,a34,a40,609,a61,a74,4,a92,a101,3,a122,37,a143,a152,2,a173,1,a191,a202,1
a11,6,a34,a40,1361,a61,a72,2,a93,a101,4,a121,40,a143,a152,1,a172,2,a191,a202,1
a14,36,a34,a42,7127,a61,a72,2,a92,a101,4,a122,23,a143,a151,2,a173,1,a192,a201,2
a11,6,a32,a40,1203,a62,a75,3,a93,a101,2,a122,43,a143,a152,1,a173,1,a192,a201,1
a14,6,a34,a43,700,a65,a75,4,a93,a101,4,a124,36,a143,a153,2,a173,1,a191,a201,1
a14,24,a34,a45,5507,a61,a75,3,a93,a101,4,a124,44,a143,a153,2,a173,1,a191,a201,1
a11,18,a32,a43,3190,a61,a73,2,a92,a101,2,a121,24,a143,a152,1,a173,1,a191,a201,2
a11,48,a30,a42,7119,a61,a73,3,a93,a101,4,a124,53,a143,a153,2,a173,2,a191,a201,2
a14,24,a32,a41,3488,a62,a74,3,a92,a101,4,a123,23,a143,a152,1,a173,1,a191,a201,1
a12,18,a32,a43,1113,a61,a73,4,a92,a103,4,a121,26,a143,a152,1,a172,2,a191,a201,1
a12,26,a32,a41,7966,a61,a72,2,a93,a101,3,a123,30,a143,a152,2,a173,1,a191,a201,1
a14,15,a34,a46,1532,a62,a73,4,a92,a101,3,a123,31,a143,a152,1,a173,1,a191,a201,1
a14,4,a34,a43,1503,a61,a74,2,a93,a101,1,a121,42,a143,a152,2,a172,2,a191,a201,1
a11,36,a32,a43,2302,a61,a73,4,a91,a101,4,a123,31,a143,a151,1,a173,1,a191,a201,2
a11,6,a32,a40,662,a61,a72,3,a93,a101,4,a121,41,a143,a152,1,a172,2,a192,a201,1
a12,36,a32,a46,2273,a61,a74,3,a93,a101,1,a123,32,a143,a152,2,a173,2,a191,a201,1
a12,15,a32,a40,2631,a62,a73,2,a92,a101,4,a123,28,a143,a151,2,a173,1,a192,a201,2
a14,12,a33,a41,1503,a61,a73,4,a94,a101,4,a121,41,a143,a151,1,a173,1,a191,a201,1
a14,24,a32,a43,1311,a62,a74,4,a94,a101,3,a122,26,a143,a152,1,a173,1,a192,a201,1
a14,24,a32,a43,3105,a65,a72,4,a93,a101,2,a123,25,a143,a152,2,a173,1,a191,a201,1
a13,21,a34,a46,2319,a61,a72,2,a91,a101,1,a123,33,a143,a151,1,a173,1,a191,a201,2
a11,6,a32,a40,1374,a65,a71,4,a92,a101,3,a122,75,a143,a152,1,a174,1,a192,a201,1
a12,18,a34,a42,3612,a61,a75,3,a92,a101,4,a122,37,a143,a152,1,a173,1,a192,a201,1
a11,48,a32,a40,7763,a61,a75,4,a93,a101,4,a124,42,a141,a153,1,a174,1,a191,a201,2
a13,18,a32,a42,3049,a61,a72,1,a92,a101,1,a122,45,a142,a152,1,a172,1,a191,a201,1
a12,12,a32,a43,1534,a61,a72,1,a94,a101,1,a121,23,a143,a151,1,a173,1,a191,a201,2
a14,24,a33,a40,2032,a61,a75,4,a93,a101,4,a124,60,a143,a153,2,a173,1,a192,a201,1
a11,30,a32,a42,6350,a65,a75,4,a93,a101,4,a122,31,a143,a152,1,a173,1,a191,a201,2
a13,18,a32,a42,2864,a61,a73,2,a93,a101,1,a121,34,a143,a152,1,a172,2,a191,a201,2
a14,12,a34,a40,1255,a61,a75,4,a93,a101,4,a121,61,a143,a152,2,a172,1,a191,a201,1
a11,24,a33,a40,1333,a61,a71,4,a93,a101,2,a121,43,a143,a153,2,a173,2,a191,a201,2
a14,24,a34,a40,2022,a61,a73,4,a92,a101,4,a123,37,a143,a152,1,a173,1,a192,a201,1
a14,24,a32,a43,1552,a61,a74,3,a93,a101,1,a123,32,a141,a152,1,a173,2,a191,a201,1
a11,12,a31,a43,626,a61,a73,4,a92,a101,4,a121,24,a141,a152,1,a172,1,a191,a201,2
a14,48,a34,a41,8858,a65,a74,2,a93,a101,1,a124,35,a143,a153,2,a173,1,a192,a201,1
a14,12,a34,a45,996,a65,a74,4,a92,a101,4,a121,23,a143,a152,2,a173,1,a191,a201,1
a14,6,a31,a43,1750,a63,a75,2,a93,a101,4,a122,45,a141,a152,1,a172,2,a191,a201,1
a11,48,a32,a43,6999,a61,a74,1,a94,a103,1,a121,34,a143,a152,2,a173,1,a192,a201,2
a12,12,a34,a40,1995,a62,a72,4,a93,a101,1,a123,27,a143,a152,1,a173,1,a191,a201,1
a12,9,a32,a46,1199,a61,a74,4,a92,a101,4,a122,67,a143,a152,2,a174,1,a192,a201,1
a12,12,a32,a43,1331,a61,a72,2,a93,a101,1,a123,22,a142,a152,1,a173,1,a191,a201,2
a12,18,a30,a40,2278,a62,a72,3,a92,a101,3,a123,28,a143,a152,2,a173,1,a191,a201,2
a14,21,a30,a40,5003,a65,a73,1,a92,a101,4,a122,29,a141,a152,2,a173,1,a192,a201,2
a11,24,a31,a42,3552,a61,a74,3,a93,a101,4,a123,27,a141,a152,1,a173,1,a191,a201,2
a12,18,a34,a42,1928,a61,a72,2,a93,a101,2,a121,31,a143,a152,2,a172,1,a191,a201,2
a11,24,a32,a41,2964,a65,a75,4,a93,a101,4,a124,49,a141,a153,1,a173,2,a192,a201,1
a11,24,a31,a43,1546,a61,a74,4,a93,a103,4,a123,24,a141,a151,1,a172,1,a191,a201,2
a13,6,a33,a43,683,a61,a72,2,a92,a101,1,a122,29,a141,a152,1,a173,1,a191,a201,1
a12,36,a32,a40,12389,a65,a73,1,a93,a101,4,a124,37,a143,a153,1,a173,1,a192,a201,2
a12,24,a33,a49,4712,a65,a73,4,a93,a101,2,a122,37,a141,a152,2,a174,1,a192,a201,1
a12,24,a33,a43,1553,a62,a74,3,a92,a101,2,a122,23,a143,a151,2,a173,1,a192,a201,1
a11,12,a32,a40,1372,a61,a74,2,a91,a101,3,a123,36,a143,a152,1,a173,1,a191,a201,2
a14,24,a34,a43,2578,a64,a75,2,a93,a101,2,a123,34,a143,a152,1,a173,1,a191,a201,1
a12,48,a32,a43,3979,a65,a74,4,a93,a101,1,a123,41,a143,a152,2,a173,2,a192,a201,1
a11,48,a32,a43,6758,a61,a73,3,a92,a101,2,a123,31,a143,a152,1,a173,1,a192,a201,2
a11,24,a32,a42,3234,a61,a72,4,a92,a101,4,a121,23,a143,a151,1,a172,1,a192,a201,2
a14,30,a34,a43,5954,a61,a74,3,a93,a102,2,a123,38,a143,a152,1,a173,1,a191,a201,1
a14,24,a32,a41,5433,a65,a71,2,a92,a101,4,a122,26,a143,a151,1,a174,1,a192,a201,1
a11,15,a32,a49,806,a61,a73,4,a92,a101,4,a122,22,a143,a152,1,a172,1,a191,a201,1
a12,9,a32,a43,1082,a61,a75,4,a93,a101,4,a123,27,a143,a152,2,a172,1,a191,a201,1
a14,15,a34,a42,2788,a61,a74,2,a92,a102,3,a123,24,a141,a152,2,a173,1,a191,a201,1
a12,12,a32,a43,2930,a61,a74,2,a92,a101,1,a121,27,a143,a152,1,a173,1,a191,a201,1
a14,24,a34,a46,1927,a65,a73,3,a92,a101,2,a123,33,a143,a152,2,a173,1,a192,a201,1
a12,36,a34,a40,2820,a61,a72,4,a91,a101,4,a123,27,a143,a152,2,a173,1,a191,a201,2
a14,24,a32,a48,937,a61,a72,4,a94,a101,3,a123,27,a143,a152,2,a172,1,a191,a201,1
a12,18,a34,a40,1056,a61,a75,3,a93,a103,3,a121,30,a141,a152,2,a173,1,a191,a201,2
a12,12,a34,a40,3124,a61,a72,1,a93,a101,3,a121,49,a141,a152,2,a172,2,a191,a201,1
a14,9,a32,a42,1388,a61,a73,4,a92,a101,2,a121,26,a143,a151,1,a173,1,a191,a201,1
a12,36,a32,a45,2384,a61,a72,4,a93,a101,1,a124,33,a143,a151,1,a172,1,a191,a201,2
a14,12,a32,a40,2133,a65,a75,4,a92,a101,4,a124,52,a143,a153,1,a174,1,a192,a201,1
a11,18,a32,a42,2039,a61,a73,1,a92,a101,4,a121,20,a141,a151,1,a173,1,a191,a201,2
a11,9,a34,a40,2799,a61,a73,2,a93,a101,2,a121,36,a143,a151,2,a173,2,a191,a201,1
a11,12,a32,a42,1289,a61,a73,4,a93,a103,1,a122,21,a143,a152,1,a172,1,a191,a201,1
a11,18,a32,a44,1217,a61,a73,4,a94,a101,3,a121,47,a143,a152,1,a172,1,a192,a201,2
a11,12,a34,a42,2246,a61,a75,3,a93,a101,3,a122,60,a143,a152,2,a173,1,a191,a201,2
a11,12,a34,a43,385,a61,a74,4,a92,a101,3,a121,58,a143,a152,4,a172,1,a192,a201,1
a12,24,a33,a40,1965,a65,a73,4,a92,a101,4,a123,42,a143,a151,2,a173,1,a192,a201,1
a14,21,a32,a49,1572,a64,a75,4,a92,a101,4,a121,36,a141,a152,1,a172,1,a191,a201,1
a12,24,a32,a40,2718,a61,a73,3,a92,a101,4,a122,20,a143,a151,1,a172,1,a192,a201,2
a11,24,a31,a410,1358,a65,a75,4,a93,a101,3,a123,40,a142,a152,1,a174,1,a192,a201,2
a12,6,a31,a40,931,a62,a72,1,a92,a101,1,a122,32,a142,a152,1,a172,1,a191,a201,2
a11,24,a32,a40,1442,a61,a74,4,a92,a101,4,a123,23,a143,a151,2,a173,1,a191,a201,2
a12,24,a30,a49,4241,a61,a73,1,a93,a101,4,a121,36,a143,a152,3,a172,1,a192,a201,2
a14,18,a34,a40,2775,a61,a74,2,a93,a101,2,a122,31,a141,a152,2,a173,1,a191,a201,2
a14,24,a33,a49,3863,a61,a73,1,a93,a101,2,a124,32,a143,a153,1,a173,1,a191,a201,1
a12,7,a32,a43,2329,a61,a72,1,a92,a103,1,a121,45,a143,a152,1,a173,1,a191,a201,1
a12,9,a32,a42,918,a61,a73,4,a92,a101,1,a122,30,a143,a152,1,a173,1,a191,a201,2
a12,24,a31,a46,1837,a61,a74,4,a92,a101,4,a124,34,a141,a153,1,a172,1,a191,a201,2
a14,36,a32,a42,3349,a61,a73,4,a92,a101,2,a123,28,a143,a152,1,a174,1,a192,a201,2
a13,10,a32,a42,1275,a61,a72,4,a92,a101,2,a122,23,a143,a152,1,a173,1,a191,a201,1
a11,24,a31,a42,2828,a63,a73,4,a93,a101,4,a121,22,a142,a152,1,a173,1,a192,a201,1
a14,24,a34,a49,4526,a61,a73,3,a93,a101,2,a121,74,a143,a152,1,a174,1,a192,a201,1
a12,36,a32,a43,2671,a62,a73,4,a92,a102,4,a124,50,a143,a153,1,a173,1,a191,a201,2
a14,18,a32,a43,2051,a61,a72,4,a93,a101,1,a121,33,a143,a152,1,a173,1,a191,a201,1
a14,15,a32,a41,1300,a65,a75,4,a93,a101,4,a124,45,a141,a153,1,a173,2,a191,a201,1
a11,12,a32,a44,741,a62,a71,4,a92,a101,3,a122,22,a143,a152,1,a173,1,a191,a201,2
a13,10,a32,a40,1240,a62,a75,1,a92,a101,4,a124,48,a143,a153,1,a172,2,a191,a201,2
a11,21,a32,a43,3357,a64,a72,4,a92,a101,2,a123,29,a141,a152,1,a173,1,a191,a201,1
a11,24,a31,a41,3632,a61,a73,1,a92,a103,4,a123,22,a141,a151,1,a173,1,a191,a202,1
a14,18,a33,a42,1808,a61,a74,4,a92,a101,1,a121,22,a143,a152,1,a173,1,a191,a201,2
a12,48,a30,a49,12204,a65,a73,2,a93,a101,2,a123,48,a141,a152,1,a174,1,a192,a201,1
a12,60,a33,a43,9157,a65,a73,2,a93,a101,2,a124,27,a143,a153,1,a174,1,a191,a201,1
a11,6,a34,a40,3676,a61,a73,1,a93,a101,3,a121,37,a143,a151,3,a173,2,a191,a201,1
a12,30,a32,a42,3441,a62,a73,2,a92,a102,4,a123,21,a143,a151,1,a173,1,a191,a201,2
a14,12,a32,a40,640,a61,a73,4,a91,a101,2,a121,49,a143,a152,1,a172,1,a191,a201,1
a12,21,a34,a49,3652,a61,a74,2,a93,a101,3,a122,27,a143,a152,2,a173,1,a191,a201,1
a14,18,a34,a40,1530,a61,a73,3,a93,a101,2,a122,32,a141,a152,2,a173,1,a191,a201,2
a14,48,a32,a49,3914,a65,a73,4,a91,a101,2,a121,38,a141,a152,1,a173,1,a191,a201,2
a11,12,a32,a42,1858,a61,a72,4,a92,a101,1,a123,22,a143,a151,1,a173,1,a191,a201,1
a11,18,a32,a43,2600,a61,a73,4,a93,a101,4,a124,65,a143,a153,2,a173,1,a191,a201,2
a14,15,a32,a43,1979,a65,a75,4,a93,a101,2,a123,35,a143,a152,1,a173,1,a191,a201,1
a13,6,a32,a42,2116,a61,a73,2,a93,a101,2,a121,41,a143,a152,1,a173,1,a192,a201,1
a12,9,a31,a40,1437,a62,a74,2,a93,a101,3,a124,29,a143,a152,1,a173,1,a191,a201,2
a14,42,a34,a42,4042,a63,a73,4,a93,a101,4,a121,36,a143,a152,2,a173,1,a192,a201,1
a14,9,a32,a46,3832,a65,a75,1,a93,a101,4,a121,64,a143,a152,1,a172,1,a191,a201,1
a11,24,a32,a43,3660,a61,a73,2,a92,a101,4,a123,28,a143,a152,1,a173,1,a191,a201,1
a11,18,a31,a42,1553,a61,a73,4,a93,a101,3,a123,44,a141,a152,1,a173,1,a191,a201,2
a12,15,a32,a43,1444,a65,a72,4,a93,a101,1,a122,23,a143,a152,1,a173,1,a191,a201,1
a14,9,a32,a42,1980,a61,a72,2,a92,a102,2,a123,19,a143,a151,2,a173,1,a191,a201,2
a12,24,a32,a40,1355,a61,a72,3,a92,a101,4,a123,25,a143,a152,1,a172,1,a192,a201,2
a14,12,a32,a46,1393,a61,a75,4,a93,a101,4,a122,47,a141,a152,3,a173,2,a192,a201,1
a14,24,a32,a43,1376,a63,a74,4,a92,a101,1,a123,28,a143,a152,1,a173,1,a191,a201,1
a14,60,a33,a43,15653,a61,a74,2,a93,a101,4,a123,21,a143,a152,2,a173,1,a192,a201,1
a14,12,a32,a43,1493,a61,a72,4,a92,a101,3,a123,34,a143,a152,1,a173,2,a191,a201,1
a11,42,a33,a43,4370,a61,a74,3,a93,a101,2,a122,26,a141,a152,2,a173,2,a192,a201,2
a11,18,a32,a46,750,a61,a71,4,a92,a101,1,a121,27,a143,a152,1,a171,1,a191,a201,2
a12,15,a32,a45,1308,a61,a75,4,a93,a101,4,a123,38,a143,a152,2,a172,1,a191,a201,1
a14,15,a32,a46,4623,a62,a73,3,a93,a101,2,a122,40,a143,a152,1,a174,1,a192,a201,2
a14,24,a34,a43,1851,a61,a74,4,a94,a103,2,a123,33,a143,a152,2,a173,1,a192,a201,1
a11,18,a34,a43,1880,a61,a74,4,a94,a101,1,a122,32,a143,a152,2,a174,1,a192,a201,1
a14,36,a33,a49,7980,a65,a72,4,a93,a101,4,a123,27,a143,a151,2,a173,1,a192,a201,2
a11,30,a30,a42,4583,a61,a73,2,a91,a103,2,a121,32,a143,a152,2,a173,1,a191,a201,1
a14,12,a32,a40,1386,a63,a73,2,a92,a101,2,a122,26,a143,a152,1,a173,1,a191,a201,2
a13,24,a32,a40,947,a61,a74,4,a93,a101,3,a124,38,a141,a153,1,a173,2,a191,a201,2
a11,12,a32,a46,684,a61,a73,4,a93,a101,4,a123,40,a143,a151,1,a172,2,a191,a201,2
a11,48,a32,a46,7476,a61,a74,4,a93,a101,1,a124,50,a143,a153,1,a174,1,a192,a201,1
a12,12,a32,a42,1922,a61,a73,4,a93,a101,2,a122,37,a143,a152,1,a172,1,a191,a201,2
a11,24,a32,a40,2303,a61,a75,4,a93,a102,1,a121,45,a143,a152,1,a173,1,a191,a201,2
a12,36,a33,a40,8086,a62,a75,2,a93,a101,4,a123,42,a143,a152,4,a174,1,a192,a201,2
a14,24,a34,a41,2346,a61,a74,4,a93,a101,3,a123,35,a143,a152,2,a173,1,a192,a201,1
a11,14,a32,a40,3973,a61,a71,1,a93,a101,4,a124,22,a143,a153,1,a173,1,a191,a201,1
a12,12,a32,a40,888,a61,a75,4,a93,a101,4,a123,41,a141,a152,1,a172,2,a191,a201,2
a14,48,a32,a43,10222,a65,a74,4,a93,a101,3,a123,37,a142,a152,1,a173,1,a192,a201,1
a12,30,a30,a49,4221,a61,a73,2,a92,a101,1,a123,28,a143,a152,2,a173,1,a191,a201,1
a12,18,a34,a42,6361,a61,a75,2,a93,a101,1,a124,41,a143,a152,1,a173,1,a192,a201,1
a13,12,a32,a43,1297,a61,a73,3,a94,a101,4,a121,23,a143,a151,1,a173,1,a191,a201,1
a11,12,a32,a40,900,a65,a73,4,a94,a101,2,a123,23,a143,a152,1,a173,1,a191,a201,2
a14,21,a32,a42,2241,a61,a75,4,a93,a101,2,a121,50,a143,a152,2,a173,1,a191,a201,1
a12,6,a33,a42,1050,a61,a71,4,a93,a101,1,a122,35,a142,a152,2,a174,1,a192,a201,1
a13,6,a34,a46,1047,a61,a73,2,a92,a101,4,a122,50,a143,a152,1,a172,1,a191,a201,1
a14,24,a34,a410,6314,a61,a71,4,a93,a102,2,a124,27,a141,a152,2,a174,1,a192,a201,1
a12,30,a31,a42,3496,a64,a73,4,a93,a101,2,a123,34,a142,a152,1,a173,2,a192,a201,1
a14,48,a31,a49,3609,a61,a73,1,a92,a101,1,a121,27,a142,a152,1,a173,1,a191,a201,1
a11,12,a34,a40,4843,a61,a75,3,a93,a102,4,a122,43,a143,a151,2,a173,1,a192,a201,2
a13,30,a34,a43,3017,a61,a75,4,a93,a101,4,a122,47,a143,a152,1,a173,1,a191,a201,1
a14,24,a34,a49,4139,a62,a73,3,a93,a101,3,a122,27,a143,a152,2,a172,1,a192,a201,1
a14,36,a32,a49,5742,a62,a74,2,a93,a101,2,a123,31,a143,a152,2,a173,1,a192,a201,1
a14,60,a32,a40,10366,a61,a75,2,a93,a101,4,a122,42,a143,a152,1,a174,1,a192,a201,1
a14,6,a34,a40,2080,a63,a73,1,a94,a101,2,a123,24,a143,a152,1,a173,1,a191,a201,1
a14,21,a33,a49,2580,a63,a72,4,a93,a101,2,a121,41,a141,a152,1,a172,2,a191,a201,2
a14,30,a34,a43,4530,a61,a74,4,a92,a101,4,a123,26,a143,a151,1,a174,1,a192,a201,1
a14,24,a34,a42,5150,a61,a75,4,a93,a101,4,a123,33,a143,a152,1,a173,1,a192,a201,1
a12,72,a32,a43,5595,a62,a73,2,a94,a101,2,a123,24,a143,a152,1,a173,1,a191,a201,2
a11,24,a32,a43,2384,a61,a75,4,a93,a101,4,a121,64,a141,a151,1,a172,1,a191,a201,1
a14,18,a32,a43,1453,a61,a72,3,a92,a101,1,a121,26,a143,a152,1,a173,1,a191,a201,1
a14,6,a32,a46,1538,a61,a72,1,a92,a101,2,a124,56,a143,a152,1,a173,1,a191,a201,1
a14,12,a32,a43,2279,a65,a73,4,a93,a101,4,a124,37,a143,a153,1,a173,1,a192,a201,1
a14,15,a33,a43,1478,a61,a73,4,a94,a101,3,a121,33,a141,a152,2,a173,1,a191,a201,1
a14,24,a34,a43,5103,a61,a72,3,a94,a101,3,a124,47,a143,a153,3,a173,1,a192,a201,1
a12,36,a33,a49,9857,a62,a74,1,a93,a101,3,a122,31,a143,a152,2,a172,2,a192,a201,1
a14,60,a32,a40,6527,a65,a73,4,a93,a101,4,a124,34,a143,a153,1,a173,2,a192,a201,1
a13,10,a34,a43,1347,a65,a74,4,a93,a101,2,a122,27,a143,a152,2,a173,1,a192,a201,1
a12,36,a33,a40,2862,a62,a75,4,a93,a101,3,a124,30,a143,a153,1,a173,1,a191,a201,1
a14,9,a32,a43,2753,a62,a75,3,a93,a102,4,a123,35,a143,a152,1,a173,1,a192,a201,1
a11,12,a32,a40,3651,a64,a73,1,a93,a101,3,a122,31,a143,a152,1,a173,2,a191,a201,1
a11,15,a34,a42,975,a61,a73,2,a91,a101,3,a122,25,a143,a152,2,a173,1,a191,a201,1
a12,15,a32,a45,2631,a62,a73,3,a92,a101,2,a121,25,a143,a152,1,a172,1,a191,a201,1
a12,24,a32,a43,2896,a62,a72,2,a93,a101,1,a123,29,a143,a152,1,a173,1,a191,a201,1
a11,6,a34,a40,4716,a65,a72,1,a93,a101,3,a121,44,a143,a152,2,a172,2,a191,a201,1
a14,24,a32,a43,2284,a61,a74,4,a93,a101,2,a123,28,a143,a152,1,a173,1,a192,a201,1
a14,6,a32,a41,1236,a63,a73,2,a93,a101,4,a122,50,a143,a151,1,a173,1,a191,a201,1
a12,12,a32,a43,1103,a61,a74,4,a93,a103,3,a121,29,a143,a152,2,a173,1,a191,a202,1
a14,12,a34,a40,926,a61,a71,1,a92,a101,2,a122,38,a143,a152,1,a171,1,a191,a201,1
a14,18,a34,a43,1800,a61,a73,4,a93,a101,2,a123,24,a143,a152,2,a173,1,a191,a201,1
a13,15,a32,a46,1905,a61,a75,4,a93,a101,4,a123,40,a143,a151,1,a174,1,a192,a201,1
a14,12,a32,a42,1123,a63,a73,4,a92,a101,4,a123,29,a143,a151,1,a172,1,a191,a201,2
a11,48,a34,a41,6331,a61,a75,4,a93,a101,4,a124,46,a143,a153,2,a173,1,a192,a201,2
a13,24,a32,a43,1377,a62,a75,4,a92,a101,2,a124,47,a143,a153,1,a173,1,a192,a201,1
a12,30,a33,a49,2503,a62,a75,4,a93,a101,2,a122,41,a142,a152,2,a173,1,a191,a201,1
a12,27,a32,a49,2528,a61,a72,4,a92,a101,1,a122,32,a143,a152,1,a173,2,a192,a201,1
a14,15,a32,a40,5324,a63,a75,1,a92,a101,4,a124,35,a143,a153,1,a173,1,a191,a201,1
a12,48,a32,a40,6560,a62,a74,3,a93,a101,2,a122,24,a143,a152,1,a173,1,a191,a201,2
a12,12,a30,a42,2969,a61,a72,4,a92,a101,3,a122,25,a143,a151,2,a173,1,a191,a201,2
a12,9,a32,a43,1206,a61,a75,4,a92,a101,4,a121,25,a143,a152,1,a173,1,a191,a201,1
a12,9,a32,a43,2118,a61,a73,2,a93,a101,2,a121,37,a143,a152,1,a172,2,a191,a201,1
a14,18,a34,a43,629,a63,a75,4,a93,a101,3,a122,32,a141,a152,2,a174,1,a192,a201,1
a11,6,a31,a46,1198,a61,a75,4,a92,a101,4,a124,35,a143,a153,1,a173,1,a191,a201,2
a14,21,a32,a41,2476,a65,a75,4,a93,a101,4,a121,46,a143,a152,1,a174,1,a192,a201,1
a11,9,a34,a43,1138,a61,a73,4,a93,a101,4,a121,25,a143,a152,2,a172,1,a191,a201,1
a12,60,a32,a40,14027,a61,a74,4,a93,a101,2,a124,27,a143,a152,1,a174,1,a192,a201,2
a14,30,a34,a41,7596,a65,a75,1,a93,a101,4,a123,63,a143,a152,2,a173,1,a191,a201,1
a14,30,a34,a43,3077,a65,a75,3,a93,a101,2,a123,40,a143,a152,2,a173,2,a192,a201,1
a14,18,a32,a43,1505,a61,a73,4,a93,a101,2,a124,32,a143,a153,1,a174,1,a192,a201,1
a13,24,a34,a43,3148,a65,a73,3,a93,a101,2,a123,31,a143,a152,2,a173,1,a192,a201,1
a12,20,a30,a41,6148,a62,a75,3,a94,a101,4,a123,31,a141,a152,2,a173,1,a192,a201,1
a13,9,a30,a43,1337,a61,a72,4,a93,a101,2,a123,34,a143,a152,2,a174,1,a192,a201,2
a12,6,a31,a46,433,a64,a72,4,a92,a101,2,a122,24,a141,a151,1,a173,2,a191,a201,2
a11,12,a32,a40,1228,a61,a73,4,a92,a101,2,a121,24,a143,a152,1,a172,1,a191,a201,2
a12,9,a32,a43,790,a63,a73,4,a92,a101,3,a121,66,a143,a152,1,a172,1,a191,a201,1
a14,27,a32,a40,2570,a61,a73,3,a92,a101,3,a121,21,a143,a151,1,a173,1,a191,a201,2
a14,6,a34,a40,250,a64,a73,2,a92,a101,2,a121,41,a141,a152,2,a172,1,a191,a201,1
a14,15,a34,a43,1316,a63,a73,2,a94,a101,2,a122,47,a143,a152,2,a172,1,a191,a201,1
a11,18,a32,a43,1882,a61,a73,4,a92,a101,4,a123,25,a141,a151,2,a173,1,a191,a201,2
a12,48,a31,a49,6416,a61,a75,4,a92,a101,3,a124,59,a143,a151,1,a173,1,a191,a201,2
a13,24,a34,a49,1275,a64,a73,2,a91,a101,4,a121,36,a143,a152,2,a173,1,a192,a201,1
a12,24,a33,a43,6403,a61,a72,1,a93,a101,2,a123,33,a143,a152,1,a173,1,a191,a201,1
a11,24,a32,a43,1987,a61,a73,2,a93,a101,4,a121,21,a143,a151,1,a172,2,a191,a201,2
a12,8,a32,a43,760,a61,a74,4,a92,a103,2,a121,44,a143,a152,1,a172,1,a191,a201,1
a14,24,a32,a41,2603,a64,a73,2,a92,a101,4,a123,28,a143,a151,1,a173,1,a192,a201,1
a14,4,a34,a40,3380,a61,a74,1,a92,a101,1,a121,37,a143,a152,1,a173,2,a191,a201,1
a12,36,a31,a44,3990,a65,a72,3,a92,a101,2,a124,29,a141,a152,1,a171,1,a191,a201,1
a12,24,a32,a41,11560,a61,a73,1,a92,a101,4,a123,23,a143,a151,2,a174,1,a191,a201,2
a11,18,a32,a40,4380,a62,a73,3,a93,a101,4,a123,35,a143,a152,1,a172,2,a192,a201,1
a14,6,a34,a40,6761,a61,a74,1,a93,a101,3,a124,45,a143,a152,2,a174,2,a192,a201,1
a12,30,a30,a49,4280,a62,a73,4,a92,a101,4,a123,26,a143,a151,2,a172,1,a191,a201,2
a11,24,a31,a40,2325,a62,a74,2,a93,a101,3,a123,32,a141,a152,1,a173,1,a191,a201,1
a12,10,a31,a43,1048,a61,a73,4,a93,a101,4,a121,23,a142,a152,1,a172,1,a191,a201,1
a14,21,a32,a43,3160,a65,a75,4,a93,a101,3,a122,41,a143,a152,1,a173,1,a192,a201,1
a11,24,a31,a42,2483,a63,a73,4,a93,a101,4,a121,22,a142,a152,1,a173,1,a192,a201,1
a11,39,a34,a42,14179,a65,a74,4,a93,a101,4,a122,30,a143,a152,2,a174,1,a192,a201,1
a11,13,a34,a49,1797,a61,a72,3,a93,a101,1,a122,28,a141,a152,2,a172,1,a191,a201,1
a11,15,a32,a40,2511,a61,a71,1,a92,a101,4,a123,23,a143,a151,1,a173,1,a191,a201,1
a11,12,a32,a40,1274,a61,a72,3,a92,a101,1,a121,37,a143,a152,1,a172,1,a191,a201,2
a14,21,a32,a41,5248,a65,a73,1,a93,a101,3,a123,26,a143,a152,1,a173,1,a191,a201,1
a14,15,a32,a41,3029,a61,a74,2,a93,a101,2,a123,33,a143,a152,1,a173,1,a191,a201,1
a11,6,a32,a42,428,a61,a75,2,a92,a101,1,a122,49,a141,a152,1,a173,1,a192,a201,1
a11,18,a32,a40,976,a61,a72,1,a92,a101,2,a123,23,a143,a152,1,a172,1,a191,a201,2
a12,12,a32,a49,841,a62,a74,2,a92,a101,4,a121,23,a143,a151,1,a172,1,a191,a201,1
a14,30,a34,a43,5771,a61,a74,4,a92,a101,2,a123,25,a143,a152,2,a173,1,a191,a201,1
a14,12,a33,a45,1555,a64,a75,4,a93,a101,4,a124,55,a143,a153,2,a173,2,a191,a201,2
a11,24,a32,a40,1285,a65,a74,4,a92,a101,4,a124,32,a143,a151,1,a173,1,a191,a201,2
a13,6,a34,a40,1299,a61,a73,1,a93,a101,1,a121,74,a143,a152,3,a171,2,a191,a202,1
a13,15,a34,a43,1271,a65,a73,3,a93,a101,4,a124,39,a143,a153,2,a173,1,a192,a201,2
a14,24,a32,a40,1393,a61,a73,2,a93,a103,2,a121,31,a143,a152,1,a173,1,a192,a201,1
a11,12,a34,a40,691,a61,a75,4,a93,a101,3,a122,35,a143,a152,2,a173,1,a191,a201,2
a14,15,a34,a40,5045,a65,a75,1,a92,a101,4,a123,59,a143,a152,1,a173,1,a192,a201,1
a11,18,a34,a42,2124,a61,a73,4,a92,a101,4,a121,24,a143,a151,2,a173,1,a191,a201,2
a11,12,a32,a43,2214,a61,a73,4,a93,a101,3,a122,24,a143,a152,1,a172,1,a191,a201,1
a14,21,a34,a40,12680,a65,a75,4,a93,a101,4,a124,30,a143,a153,1,a174,1,a192,a201,2
a14,24,a34,a40,2463,a62,a74,4,a94,a101,3,a122,27,a143,a152,2,a173,1,a192,a201,1
a12,12,a32,a43,1155,a61,a75,3,a94,a103,3,a121,40,a141,a152,2,a172,1,a191,a201,1
a11,30,a32,a42,3108,a61,a72,2,a91,a101,4,a122,31,a143,a152,1,a172,1,a191,a201,2
a14,10,a32,a41,2901,a65,a72,1,a92,a101,4,a121,31,a143,a151,1,a173,1,a191,a201,1
a12,12,a34,a42,3617,a61,a75,1,a93,a101,4,a123,28,a143,a151,3,a173,1,a192,a201,1
a14,12,a34,a43,1655,a61,a75,2,a93,a101,4,a121,63,a143,a152,2,a172,1,a192,a201,1
a11,24,a32,a41,2812,a65,a75,2,a92,a101,4,a121,26,a143,a151,1,a173,1,a191,a201,1
a11,36,a34,a46,8065,a61,a73,3,a92,a101,2,a124,25,a143,a152,2,a174,1,a192,a201,2
a14,21,a34,a41,3275,a61,a75,1,a93,a101,4,a123,36,a143,a152,1,a174,1,a192,a201,1
a14,24,a34,a43,2223,a62,a75,4,a93,a101,4,a122,52,a141,a152,2,a173,1,a191,a201,1
a13,12,a34,a40,1480,a63,a71,2,a93,a101,4,a124,66,a141,a153,3,a171,1,a191,a201,1
a11,24,a32,a40,1371,a65,a73,4,a92,a101,4,a121,25,a143,a151,1,a173,1,a191,a201,2
a14,36,a34,a40,3535,a61,a74,4,a93,a101,4,a123,37,a143,a152,2,a173,1,a192,a201,1
a11,18,a32,a43,3509,a61,a74,4,a92,a103,1,a121,25,a143,a152,1,a173,1,a191,a201,1
a14,36,a34,a41,5711,a64,a75,4,a93,a101,2,a123,38,a143,a152,2,a174,1,a192,a201,1
a12,18,a32,a45,3872,a61,a71,2,a92,a101,4,a123,67,a143,a152,1,a173,1,a192,a201,1
a12,39,a34,a43,4933,a61,a74,2,a93,a103,2,a121,25,a143,a152,2,a173,1,a191,a201,2
a14,24,a34,a40,1940,a64,a75,4,a93,a101,4,a121,60,a143,a152,1,a173,1,a192,a201,1
a12,12,a30,a48,1410,a61,a73,2,a93,a101,2,a121,31,a143,a152,1,a172,1,a192,a201,1
a12,12,a32,a40,836,a62,a72,4,a92,a101,2,a122,23,a141,a152,1,a172,1,a191,a201,2
a12,20,a32,a41,6468,a65,a71,1,a91,a101,4,a121,60,a143,a152,1,a174,1,a192,a201,1
a12,18,a32,a49,1941,a64,a73,4,a93,a101,2,a122,35,a143,a152,1,a172,1,a192,a201,1
a14,22,a32,a43,2675,a63,a75,3,a93,a101,4,a123,40,a143,a152,1,a173,1,a191,a201,1
a14,48,a34,a41,2751,a65,a75,4,a93,a101,3,a123,38,a143,a152,2,a173,2,a192,a201,1
a12,48,a33,a46,6224,a61,a75,4,a93,a101,4,a124,50,a143,a153,1,a173,1,a191,a201,2
a11,40,a34,a46,5998,a61,a73,4,a93,a101,3,a124,27,a141,a152,1,a173,1,a192,a201,2
a12,21,a32,a49,1188,a61,a75,2,a92,a101,4,a122,39,a143,a152,1,a173,2,a191,a201,2
a14,24,a32,a41,6313,a65,a75,3,a93,a101,4,a123,41,a143,a152,1,a174,2,a192,a201,1
a14,6,a34,a42,1221,a65,a73,1,a94,a101,2,a122,27,a143,a152,2,a173,1,a191,a201,1
a13,24,a32,a42,2892,a61,a75,3,a91,a101,4,a124,51,a143,a153,1,a173,1,a191,a201,1
a14,24,a32,a42,3062,a63,a75,4,a93,a101,3,a124,32,a143,a151,1,a173,1,a192,a201,1
a14,9,a32,a42,2301,a62,a72,2,a92,a101,4,a122,22,a143,a151,1,a173,1,a191,a201,1
a11,18,a32,a41,7511,a65,a75,1,a93,a101,4,a122,51,a143,a153,1,a173,2,a192,a201,2
a14,12,a34,a42,1258,a61,a72,2,a92,a101,4,a122,22,a143,a151,2,a172,1,a191,a201,1
a14,24,a33,a40,717,a65,a75,4,a94,a101,4,a123,54,a143,a152,2,a173,1,a192,a201,1
a12,9,a32,a40,1549,a65,a72,4,a93,a101,2,a121,35,a143,a152,1,a171,1,a191,a201,1
a14,24,a34,a46,1597,a61,a75,4,a93,a101,4,a124,54,a143,a153,2,a173,2,a191,a201,1
a12,18,a34,a43,1795,a61,a75,3,a92,a103,4,a121,48,a141,a151,2,a172,1,a192,a201,1
a11,20,a34,a42,4272,a61,a75,1,a92,a101,4,a122,24,a143,a152,2,a173,1,a191,a201,1
a14,12,a34,a43,976,a65,a75,4,a93,a101,4,a123,35,a143,a152,2,a173,1,a191,a201,1
a12,12,a32,a40,7472,a65,a71,1,a92,a101,2,a121,24,a143,a151,1,a171,1,a191,a201,1
a11,36,a32,a40,9271,a61,a74,2,a93,a101,1,a123,24,a143,a152,1,a173,1,a192,a201,2
a12,6,a32,a43,590,a61,a72,3,a94,a101,3,a121,26,a143,a152,1,a172,1,a191,a202,1
a14,12,a34,a43,930,a65,a75,4,a93,a101,4,a121,65,a143,a152,4,a173,1,a191,a201,1
a12,42,a31,a41,9283,a61,a71,1,a93,a101,2,a124,55,a141,a153,1,a174,1,a192,a201,1
a12,15,a30,a40,1778,a61,a72,2,a92,a101,1,a121,26,a143,a151,2,a171,1,a191,a201,2
a12,8,a32,a49,907,a61,a72,3,a94,a101,2,a121,26,a143,a152,1,a173,1,a192,a201,1
a12,6,a32,a43,484,a61,a74,3,a94,a103,3,a121,28,a141,a152,1,a172,1,a191,a201,1
a11,36,a34,a41,9629,a61,a74,4,a93,a101,4,a123,24,a143,a152,2,a173,1,a192,a201,2
a11,48,a32,a44,3051,a61,a73,3,a93,a101,4,a123,54,a143,a152,1,a173,1,a191,a201,2
a11,48,a32,a40,3931,a61,a74,4,a93,a101,4,a124,46,a143,a153,1,a173,2,a191,a201,2
a12,36,a33,a40,7432,a61,a73,2,a92,a101,2,a122,54,a143,a151,1,a173,1,a191,a201,1
a14,6,a32,a44,1338,a63,a73,1,a91,a101,4,a121,62,a143,a152,1,a173,1,a191,a201,1
a14,6,a34,a43,1554,a61,a74,1,a92,a101,2,a123,24,a143,a151,2,a173,1,a192,a201,1
a11,36,a32,a410,15857,a61,a71,2,a91,a102,3,a123,43,a143,a152,1,a174,1,a191,a201,1
a11,18,a32,a43,1345,a61,a73,4,a94,a101,3,a121,26,a141,a152,1,a173,1,a191,a201,2
a14,12,a32,a40,1101,a61,a73,3,a94,a101,2,a121,27,a143,a152,2,a173,1,a192,a201,1
a13,12,a32,a43,3016,a61,a73,3,a94,a101,1,a123,24,a143,a152,1,a173,1,a191,a201,1
a11,36,a32,a42,2712,a61,a75,2,a93,a101,2,a122,41,a141,a152,1,a173,2,a191,a201,2
a11,8,a34,a40,731,a61,a75,4,a93,a101,4,a121,47,a143,a152,2,a172,1,a191,a201,1
a14,18,a34,a42,3780,a61,a72,3,a91,a101,2,a123,35,a143,a152,2,a174,1,a192,a201,1
a11,21,a34,a40,1602,a61,a75,4,a94,a101,3,a123,30,a143,a152,2,a173,1,a192,a201,1
a11,18,a34,a40,3966,a61,a75,1,a92,a101,4,a121,33,a141,a151,3,a173,1,a192,a201,2
a14,18,a30,a49,4165,a61,a73,2,a93,a101,2,a123,36,a142,a152,2,a173,2,a191,a201,2
a11,36,a32,a41,8335,a65,a75,3,a93,a101,4,a124,47,a143,a153,1,a173,1,a191,a201,2
a12,48,a33,a49,6681,a65,a73,4,a93,a101,4,a124,38,a143,a153,1,a173,2,a192,a201,1
a14,24,a33,a49,2375,a63,a73,4,a93,a101,2,a123,44,a143,a152,2,a173,2,a192,a201,1
a11,18,a32,a40,1216,a61,a72,4,a92,a101,3,a123,23,a143,a151,1,a173,1,a192,a201,2
a11,45,a30,a49,11816,a61,a75,2,a93,a101,4,a123,29,a143,a151,2,a173,1,a191,a201,2
a12,24,a32,a43,5084,a65,a75,2,a92,a101,4,a123,42,a143,a152,1,a173,1,a192,a201,1
a13,15,a32,a43,2327,a61,a72,2,a92,a101,3,a121,25,a143,a152,1,a172,1,a191,a201,2
a11,12,a30,a40,1082,a61,a73,4,a93,a101,4,a123,48,a141,a152,2,a173,1,a191,a201,2
a14,12,a32,a43,886,a65,a73,4,a92,a101,2,a123,21,a143,a152,1,a173,1,a191,a201,1
a14,4,a32,a42,601,a61,a72,1,a92,a101,3,a121,23,a143,a151,1,a172,2,a191,a201,1
a11,24,a34,a41,2957,a61,a75,4,a93,a101,4,a122,63,a143,a152,2,a173,1,a192,a201,1
a14,24,a34,a43,2611,a61,a75,4,a94,a102,3,a121,46,a143,a152,2,a173,1,a191,a201,1
a11,36,a32,a42,5179,a61,a74,4,a93,a101,2,a122,29,a143,a152,1,a173,1,a191,a201,2
a14,21,a33,a41,2993,a61,a73,3,a93,a101,2,a121,28,a142,a152,2,a172,1,a191,a201,1
a14,18,a32,a45,1943,a61,a72,4,a92,a101,4,a121,23,a143,a152,1,a173,1,a191,a201,2
a14,24,a31,a49,1559,a61,a74,4,a93,a101,4,a123,50,a141,a152,1,a173,1,a192,a201,1
a14,18,a32,a42,3422,a61,a75,4,a93,a101,4,a122,47,a141,a152,3,a173,2,a192,a201,1
a12,21,a32,a42,3976,a65,a74,2,a93,a101,3,a123,35,a143,a152,1,a173,1,a192,a201,1
a14,18,a32,a40,6761,a65,a73,2,a93,a101,4,a123,68,a143,a151,2,a173,1,a191,a201,2
a14,24,a32,a40,1249,a61,a72,4,a94,a101,2,a121,28,a143,a152,1,a173,1,a191,a201,1
a11,9,a32,a43,1364,a61,a74,3,a93,a101,4,a121,59,a143,a152,1,a173,1,a191,a201,1
a11,12,a32,a43,709,a61,a75,4,a93,a101,4,a121,57,a142,a152,1,a172,1,a191,a201,2
a11,20,a34,a40,2235,a61,a73,4,a94,a103,2,a122,33,a141,a151,2,a173,1,a191,a202,2
a14,24,a34,a41,4042,a65,a74,3,a93,a101,4,a122,43,a143,a152,2,a173,1,a192,a201,1
a14,15,a34,a43,1471,a61,a73,4,a93,a101,4,a124,35,a143,a153,2,a173,1,a192,a201,1
a11,18,a31,a40,1442,a61,a74,4,a93,a101,4,a124,32,a143,a153,2,a172,2,a191,a201,2
a14,36,a33,a40,10875,a61,a75,2,a93,a101,2,a123,45,a143,a152,2,a173,2,a192,a201,1
a14,24,a32,a40,1474,a62,a72,4,a94,a101,3,a121,33,a143,a152,1,a173,1,a192,a201,1
a14,10,a32,a48,894,a65,a74,4,a92,a101,3,a122,40,a143,a152,1,a173,1,a192,a201,1
a14,15,a34,a42,3343,a61,a73,4,a93,a101,2,a124,28,a143,a153,1,a173,1,a192,a201,1
a11,15,a32,a40,3959,a61,a73,3,a92,a101,2,a122,29,a143,a152,1,a173,1,a192,a201,2
a14,9,a32,a40,3577,a62,a73,1,a93,a103,2,a121,26,a143,a151,1,a173,2,a191,a202,1
a14,24,a34,a41,5804,a64,a73,4,a93,a101,2,a121,27,a143,a152,2,a173,1,a191,a201,1
a14,18,a33,a49,2169,a61,a73,4,a94,a101,2,a123,28,a143,a152,1,a173,1,a192,a201,2
a11,24,a32,a43,2439,a61,a72,4,a92,a101,4,a121,35,a143,a152,1,a173,1,a192,a201,2
a14,27,a34,a42,4526,a64,a72,4,a93,a101,2,a121,32,a142,a152,2,a172,2,a192,a201,1
a14,10,a32,a42,2210,a61,a73,2,a93,a101,2,a121,25,a141,a151,1,a172,1,a191,a201,2
a14,15,a32,a42,2221,a63,a73,2,a92,a101,4,a123,20,a143,a151,1,a173,1,a191,a201,1
a11,18,a32,a43,2389,a61,a72,4,a92,a101,1,a123,27,a142,a152,1,a173,1,a191,a201,1
a14,12,a34,a42,3331,a61,a75,2,a93,a101,4,a122,42,a142,a152,1,a173,1,a191,a201,1
a14,36,a32,a49,7409,a65,a75,3,a93,a101,2,a122,37,a143,a152,2,a173,1,a191,a201,1
a11,12,a32,a42,652,a61,a75,4,a92,a101,4,a122,24,a143,a151,1,a173,1,a191,a201,1
a14,36,a33,a42,7678,a63,a74,2,a92,a101,4,a123,40,a143,a152,2,a173,1,a192,a201,1
a13,6,a34,a40,1343,a61,a75,1,a93,a101,4,a121,46,a143,a152,2,a173,2,a191,a202,1
a11,24,a34,a49,1382,a62,a74,4,a93,a101,1,a121,26,a143,a152,2,a173,1,a192,a201,1
a14,15,a32,a44,874,a65,a72,4,a92,a101,1,a121,24,a143,a152,1,a173,1,a191,a201,1
a11,12,a32,a42,3590,a61,a73,2,a93,a102,2,a122,29,a143,a152,1,a172,2,a191,a201,1
a12,11,a34,a40,1322,a64,a73,4,a92,a101,4,a123,40,a143,a152,2,a173,1,a191,a201,1
a11,18,a31,a43,1940,a61,a72,3,a93,a102,4,a124,36,a141,a153,1,a174,1,a192,a201,1
a14,36,a32,a43,3595,a61,a75,4,a93,a101,2,a123,28,a143,a152,1,a173,1,a191,a201,1
a11,9,a32,a40,1422,a61,a72,3,a93,a101,2,a124,27,a143,a153,1,a174,1,a192,a201,2
a14,30,a34,a43,6742,a65,a74,2,a93,a101,3,a122,36,a143,a152,2,a173,1,a191,a201,1
a14,24,a32,a41,7814,a61,a74,3,a93,a101,3,a123,38,a143,a152,1,a174,1,a192,a201,1
a14,24,a32,a41,9277,a65,a73,2,a91,a101,4,a124,48,a143,a153,1,a173,1,a192,a201,1
a12,30,a34,a40,2181,a65,a75,4,a93,a101,4,a121,36,a143,a152,2,a173,1,a191,a201,1
a14,18,a34,a43,1098,a61,a71,4,a92,a101,4,a123,65,a143,a152,2,a171,1,a191,a201,1
a12,24,a32,a42,4057,a61,a74,3,a91,a101,3,a123,43,a143,a152,1,a173,1,a192,a201,2
a11,12,a32,a46,795,a61,a72,4,a92,a101,4,a122,53,a143,a152,1,a173,1,a191,a201,2
a12,24,a34,a49,2825,a65,a74,4,a93,a101,3,a124,34,a143,a152,2,a173,2,a192,a201,1
a12,48,a32,a49,15672,a61,a73,2,a93,a101,2,a123,23,a143,a152,1,a173,1,a192,a201,2
a14,36,a34,a40,6614,a61,a75,4,a93,a101,4,a123,34,a143,a152,2,a174,1,a192,a201,1
a14,28,a31,a41,7824,a65,a72,3,a93,a103,4,a121,40,a141,a151,2,a173,2,a192,a201,1
a11,27,a34,a49,2442,a61,a75,4,a93,a101,4,a123,43,a142,a152,4,a174,2,a192,a201,1
a14,15,a34,a43,1829,a61,a75,4,a93,a101,4,a123,46,a143,a152,2,a173,1,a192,a201,1
a11,12,a34,a40,2171,a61,a73,4,a93,a101,4,a122,38,a141,a152,2,a172,1,a191,a202,1
a12,36,a34,a41,5800,a61,a73,3,a93,a101,4,a123,34,a143,a152,2,a173,1,a192,a201,1
a14,18,a34,a43,1169,a65,a73,4,a93,a101,3,a122,29,a143,a152,2,a173,1,a192,a201,1
a14,36,a33,a41,8947,a65,a74,3,a93,a101,2,a123,31,a142,a152,1,a174,2,a192,a201,1
a11,21,a32,a43,2606,a61,a72,4,a92,a101,4,a122,28,a143,a151,1,a174,1,a192,a201,1
a14,12,a34,a42,1592,a64,a74,3,a92,a101,2,a122,35,a143,a152,1,a173,1,a191,a202,1
a14,15,a32,a42,2186,a65,a74,1,a92,a101,4,a121,33,a141,a151,1,a172,1,a191,a201,1
a11,18,a32,a42,4153,a61,a73,2,a93,a102,3,a123,42,a143,a152,1,a173,1,a191,a201,2
a11,16,a34,a40,2625,a61,a75,2,a93,a103,4,a122,43,a141,a151,1,a173,1,a192,a201,2
a14,20,a34,a40,3485,a65,a72,2,a91,a101,4,a121,44,a143,a152,2,a173,1,a192,a201,1
a14,36,a34,a41,10477,a65,a75,2,a93,a101,4,a124,42,a143,a153,2,a173,1,a191,a201,1
a14,15,a32,a43,1386,a65,a73,4,a94,a101,2,a121,40,a143,a151,1,a173,1,a192,a201,1
a14,24,a32,a43,1278,a61,a75,4,a93,a101,1,a121,36,a143,a152,1,a174,1,a192,a201,1
a11,12,a32,a43,1107,a61,a73,2,a93,a101,2,a121,20,a143,a151,1,a174,2,a192,a201,1
a11,21,a32,a40,3763,a65,a74,2,a93,a102,2,a121,24,a143,a152,1,a172,1,a191,a202,1
a12,36,a32,a46,3711,a65,a73,2,a94,a101,2,a123,27,a143,a152,1,a173,1,a191,a201,1
a14,15,a33,a41,3594,a61,a72,1,a92,a101,2,a122,46,a143,a152,2,a172,1,a191,a201,1
a12,9,a32,a40,3195,a65,a73,1,a92,a101,2,a121,33,a143,a152,1,a172,1,a191,a201,1
a14,36,a33,a43,4454,a61,a73,4,a92,a101,4,a121,34,a143,a152,2,a173,1,a191,a201,1
a12,24,a34,a42,4736,a61,a72,2,a92,a101,4,a123,25,a141,a152,1,a172,1,a191,a201,2
a12,30,a32,a43,2991,a65,a75,2,a92,a101,4,a123,25,a143,a152,1,a173,1,a191,a201,1
a14,11,a32,a49,2142,a64,a75,1,a91,a101,2,a121,28,a143,a152,1,a173,1,a192,a201,1
a11,24,a31,a49,3161,a61,a73,4,a93,a101,2,a122,31,a143,a151,1,a173,1,a192,a201,2
a12,48,a30,a410,18424,a61,a73,1,a92,a101,2,a122,32,a141,a152,1,a174,1,a192,a202,2
a14,10,a32,a41,2848,a62,a73,1,a93,a102,2,a121,32,a143,a152,1,a173,2,a191,a201,1
a11,6,a32,a40,14896,a61,a75,1,a93,a101,4,a124,68,a141,a152,1,a174,1,a192,a201,2
a11,24,a32,a42,2359,a62,a71,1,a91,a101,1,a122,33,a143,a152,1,a173,1,a191,a201,2
a11,24,a32,a42,3345,a61,a75,4,a93,a101,2,a122,39,a143,a151,1,a174,1,a192,a201,2
a14,18,a34,a42,1817,a61,a73,4,a92,a101,2,a124,28,a143,a152,2,a173,1,a191,a201,1
a14,48,a33,a43,12749,a63,a74,4,a93,a101,1,a123,37,a143,a152,1,a174,1,a192,a201,1
a11,9,a32,a43,1366,a61,a72,3,a92,a101,4,a122,22,a143,a151,1,a173,1,a191,a201,2
a12,12,a32,a40,2002,a61,a74,3,a93,a101,4,a122,30,a143,a151,1,a173,2,a192,a201,1
a11,24,a31,a42,6872,a61,a72,2,a91,a101,1,a122,55,a141,a152,1,a173,1,a192,a201,2
a11,12,a31,a40,697,a61,a72,4,a93,a101,2,a123,46,a141,a152,2,a173,1,a192,a201,2
a11,18,a34,a42,1049,a61,a72,4,a92,a101,4,a122,21,a143,a151,1,a173,1,a191,a201,1
a11,48,a32,a41,10297,a61,a74,4,a93,a101,4,a124,39,a142,a153,3,a173,2,a192,a201,2
a14,30,a32,a43,1867,a65,a75,4,a93,a101,4,a123,58,a143,a152,1,a173,1,a192,a201,1
a11,12,a33,a40,1344,a61,a73,4,a93,a101,2,a121,43,a143,a152,2,a172,2,a191,a201,1
a11,24,a32,a42,1747,a61,a72,4,a93,a102,1,a122,24,a143,a152,1,a172,1,a191,a202,1
a12,9,a32,a43,1670,a61,a72,4,a92,a101,2,a123,22,a143,a152,1,a173,1,a192,a201,2
a14,9,a34,a40,1224,a61,a73,3,a93,a101,1,a121,30,a143,a152,2,a173,1,a191,a201,1
a14,12,a34,a43,522,a63,a75,4,a93,a101,4,a122,42,a143,a152,2,a173,2,a192,a201,1
a11,12,a32,a43,1498,a61,a73,4,a92,a101,1,a123,23,a141,a152,1,a173,1,a191,a201,1
a12,30,a33,a43,1919,a62,a72,4,a93,a101,3,a124,30,a142,a152,2,a174,1,a191,a201,2
a13,9,a32,a43,745,a61,a73,3,a92,a101,2,a121,28,a143,a152,1,a172,1,a191,a201,2
a12,6,a32,a43,2063,a61,a72,4,a94,a101,3,a123,30,a143,a151,1,a174,1,a192,a201,1
a12,60,a32,a46,6288,a61,a73,4,a93,a101,4,a124,42,a143,a153,1,a173,1,a191,a201,2
a14,24,a34,a41,6842,a65,a73,2,a93,a101,4,a122,46,a143,a152,2,a174,2,a192,a201,1
a14,12,a32,a40,3527,a65,a72,2,a93,a101,3,a122,45,a143,a152,1,a174,2,a192,a201,1
a14,10,a32,a40,1546,a61,a73,3,a93,a101,2,a121,31,a143,a152,1,a172,2,a191,a202,1
a14,24,a32,a42,929,a65,a74,4,a93,a101,2,a123,31,a142,a152,1,a173,1,a192,a201,1
a14,4,a34,a40,1455,a61,a74,2,a93,a101,1,a121,42,a143,a152,3,a172,2,a191,a201,1
a11,15,a32,a42,1845,a61,a72,4,a92,a103,1,a122,46,a143,a151,1,a173,1,a191,a201,1
a12,48,a30,a40,8358,a63,a72,1,a92,a101,1,a123,30,a143,a152,2,a173,1,a191,a201,1
a11,24,a31,a42,3349,a63,a72,4,a93,a101,4,a124,30,a143,a153,1,a173,2,a192,a201,2
a14,12,a32,a40,2859,a65,a71,4,a93,a101,4,a124,38,a143,a152,1,a174,1,a192,a201,1
a14,18,a32,a42,1533,a61,a72,4,a94,a102,1,a122,43,a143,a152,1,a172,2,a191,a201,2
a14,24,a32,a43,3621,a62,a75,2,a93,a101,4,a123,31,a143,a152,2,a173,1,a191,a201,2
a12,18,a34,a49,3590,a61,a71,3,a94,a101,3,a123,40,a143,a152,3,a171,2,a192,a201,1
a11,36,a33,a49,2145,a61,a74,2,a93,a101,1,a123,24,a143,a152,2,a173,1,a192,a201,2
a12,24,a32,a41,4113,a63,a72,3,a92,a101,4,a123,28,a143,a151,1,a173,1,a191,a201,2
a14,36,a32,a42,10974,a61,a71,4,a92,a101,2,a123,26,a143,a152,2,a174,1,a192,a201,2
a11,12,a32,a40,1893,a61,a73,4,a92,a103,4,a122,29,a143,a152,1,a173,1,a192,a201,1
a11,24,a34,a43,1231,a64,a75,4,a92,a101,4,a122,57,a143,a151,2,a174,1,a192,a201,1
a13,30,a34,a43,3656,a65,a75,4,a93,a101,4,a122,49,a142,a152,2,a172,1,a191,a201,1
a12,9,a34,a43,1154,a61,a75,2,a93,a101,4,a121,37,a143,a152,3,a172,1,a191,a201,1
a11,28,a32,a40,4006,a61,a73,3,a93,a101,2,a123,45,a143,a152,1,a172,1,a191,a201,2
a12,24,a32,a42,3069,a62,a75,4,a93,a101,4,a124,30,a143,a153,1,a173,1,a191,a201,1
a14,6,a34,a43,1740,a61,a75,2,a94,a101,2,a121,30,a143,a151,2,a173,1,a191,a201,1
a12,21,a33,a40,2353,a61,a73,1,a91,a101,4,a122,47,a143,a152,2,a173,1,a191,a201,1
a14,15,a32,a40,3556,a65,a73,3,a93,a101,2,a124,29,a143,a152,1,a173,1,a191,a201,1
a14,24,a32,a43,2397,a63,a75,3,a93,a101,2,a123,35,a141,a152,2,a173,1,a192,a201,2
a12,6,a32,a45,454,a61,a72,3,a94,a101,1,a122,22,a143,a152,1,a172,1,a191,a201,1
a12,30,a32,a43,1715,a65,a73,4,a92,a101,1,a123,26,a143,a152,1,a173,1,a191,a201,1
a12,27,a34,a43,2520,a63,a73,4,a93,a101,2,a122,23,a143,a152,2,a172,1,a191,a201,2
a14,15,a32,a43,3568,a61,a75,4,a92,a101,2,a123,54,a141,a151,1,a174,1,a192,a201,1
a14,42,a32,a43,7166,a65,a74,2,a94,a101,4,a122,29,a143,a151,1,a173,1,a192,a201,1
a11,11,a34,a40,3939,a61,a73,1,a93,a101,2,a121,40,a143,a152,2,a172,2,a191,a201,1
a12,15,a32,a45,1514,a62,a73,4,a93,a103,2,a121,22,a143,a152,1,a173,1,a191,a201,1
a14,24,a32,a40,7393,a61,a73,1,a93,a101,4,a122,43,a143,a152,1,a172,2,a191,a201,1
a11,24,a31,a40,1193,a61,a71,1,a92,a102,4,a124,29,a143,a151,2,a171,1,a191,a201,2
a11,60,a32,a49,7297,a61,a75,4,a93,a102,4,a124,36,a143,a151,1,a173,1,a191,a201,2
a14,30,a34,a43,2831,a61,a73,4,a92,a101,2,a123,33,a143,a152,1,a173,1,a192,a201,1
a13,24,a32,a43,1258,a63,a73,3,a92,a101,3,a123,57,a143,a152,1,a172,1,a191,a201,1
a12,6,a32,a43,753,a61,a73,2,a92,a103,3,a121,64,a143,a152,1,a173,1,a191,a201,1
a12,18,a33,a49,2427,a65,a75,4,a93,a101,2,a122,42,a143,a152,2,a173,1,a191,a201,1
a14,24,a33,a40,2538,a61,a75,4,a93,a101,4,a123,47,a143,a152,2,a172,2,a191,a201,2
a12,15,a31,a40,1264,a62,a73,2,a94,a101,2,a122,25,a143,a151,1,a173,1,a191,a201,2
a12,30,a34,a42,8386,a61,a74,2,a93,a101,2,a122,49,a143,a152,1,a173,1,a191,a201,2
a14,48,a32,a49,4844,a61,a71,3,a93,a101,2,a123,33,a141,a151,1,a174,1,a192,a201,2
a13,21,a32,a40,2923,a62,a73,1,a92,a101,1,a123,28,a141,a152,1,a174,1,a192,a201,1
a11,36,a32,a41,8229,a61,a73,2,a93,a101,2,a122,26,a143,a152,1,a173,2,a191,a201,2
a14,24,a34,a42,2028,a61,a74,2,a93,a101,2,a122,30,a143,a152,2,a172,1,a191,a201,1
a11,15,a34,a42,1433,a61,a73,4,a92,a101,3,a122,25,a143,a151,2,a173,1,a191,a201,1
a13,42,a30,a49,6289,a61,a72,2,a91,a101,1,a122,33,a143,a152,2,a173,1,a191,a201,1
a14,13,a32,a43,1409,a62,a71,2,a92,a101,4,a121,64,a143,a152,1,a173,1,a191,a201,1
a11,24,a32,a41,6579,a61,a71,4,a93,a101,2,a124,29,a143,a153,1,a174,1,a192,a201,1
a12,24,a34,a43,1743,a61,a75,4,a93,a101,2,a122,48,a143,a152,2,a172,1,a191,a201,1
a14,12,a34,a46,3565,a65,a72,2,a93,a101,1,a122,37,a143,a152,2,a172,2,a191,a201,1
a14,15,a31,a43,1569,a62,a75,4,a93,a101,4,a123,34,a141,a152,1,a172,2,a191,a201,1
a11,18,a32,a43,1936,a65,a74,2,a94,a101,4,a123,23,a143,a151,2,a172,1,a191,a201,1
a11,36,a32,a42,3959,a61,a71,4,a93,a101,3,a122,30,a143,a152,1,a174,1,a192,a201,1
a14,12,a32,a40,2390,a65,a75,4,a93,a101,3,a123,50,a143,a152,1,a173,1,a192,a201,1
a14,12,a32,a42,1736,a61,a74,3,a92,a101,4,a121,31,a143,a152,1,a172,1,a191,a201,1
a11,30,a32,a41,3857,a61,a73,4,a91,a101,4,a122,40,a143,a152,1,a174,1,a192,a201,1
a14,12,a32,a43,804,a61,a75,4,a93,a101,4,a123,38,a143,a152,1,a173,1,a191,a201,1
a11,45,a32,a43,1845,a61,a73,4,a93,a101,4,a124,23,a143,a153,1,a173,1,a192,a201,2
a12,45,a34,a41,4576,a62,a71,3,a93,a101,4,a123,27,a143,a152,1,a173,1,a191,a201,1
