OutcomeID,A1,A2,A3,A4,A5,A6,A7,A8,A9,A10,A11,A12,A13,A14,A15,A16,A17,A18,A19,A20
1,a11,low,a34,a43,low,a65,a75,4,a93,a101,4,a121,vhigh,a143,a152,2,a173,1,a192,a201
2,a12,vhigh,a32,a43,vhigh,a61,a73,2,a92,a101,2,a121,low,a143,a152,1,a173,1,a191,a201
3,a14,low,a34,a46,medium,a61,a74,2,a93,a101,3,a121,vhigh,a143,a152,1,a172,2,a191,a201
4,a11,vhigh,a32,a42,vhigh,a61,a74,2,a93,a103,4,a122,vhigh,a143,a153,1,a173,2,a191,a201
5,a11,high,a33,a40,vhigh,a61,a73,3,a93,a101,4,a124,vhigh,a143,a153,2,a173,2,a191,a201
6,a14,vhigh,a32,a46,vhigh,a65,a73,2,a93,a101,4,a124,high,a143,a153,1,a172,2,a192,a201
7,a14,high,a32,a42,high,a63,a75,3,a93,a101,4,a122,vhigh,a143,a152,1,a173,1,a191,a201
8,a12,vhigh,a32,a41,vhigh,a61,a73,2,a93,a101,2,a123,high,a143,a151,1,a174,1,a192,a201
9,a14,low,a32,a43,high,a64,a74,2,a91,a101,4,a121,vhigh,a143,a152,1,a172,1,a191,a201
10,a12,vhigh,a34,a40,vhigh,a61,a71,4,a94,a101,2,a123,medium,a143,a152,2,a174,1,a191,a201
11,a12,low,a32,a40,low,a61,a72,3,a92,a101,1,a123,low,a143,a151,1,a173,1,a191,a201
12,a11,vhigh,a32,a49,vhigh,a61,a72,3,a92,a101,4,a122,low,a143,a151,1,a173,1,a191,a201
13,a12,low,a32,a43,medium,a61,a73,1,a92,a101,1,a123,low,a143,a152,1,a173,1,a192,a201
14,a11,high,a34,a40,low,a61,a75,4,a93,a101,4,a123,vhigh,a143,a152,2,a172,1,a191,a201
15,a11,medium,a32,a40,medium,a61,a73,2,a92,a101,4,a123,medium,a143,a151,1,a173,1,a191,a201
16,a11,high,a32,a43,low,a62,a73,4,a92,a101,2,a123,medium,a143,a152,1,a172,1,a191,a201
17,a14,high,a34,a43,high,a65,a75,4,a93,a101,4,a122,vhigh,a143,a152,2,a173,1,a191,a201
18,a11,vhigh,a30,a49,vhigh,a65,a72,2,a93,a101,3,a123,low,a141,a152,3,a173,1,a191,a201
19,a12,high,a32,a41,vhigh,a61,a75,4,a92,a101,2,a124,vhigh,a143,a153,1,a174,1,a192,a201
20,a14,high,a32,a43,high,a63,a75,3,a93,a101,2,a123,medium,a143,a152,1,a173,2,a192,a201
21,a14,low,a34,a40,medium,a61,a73,4,a93,a101,4,a123,vhigh,a143,a152,3,a173,1,a192,a201
22,a11,low,a32,a43,high,a63,a73,2,a93,a101,3,a121,vhigh,a143,a151,1,a173,2,a191,a201
23,a11,low,a34,a40,medium,a61,a72,1,a93,a101,3,a121,vhigh,a143,a151,2,a172,2,a191,a202
24,a12,low,a34,a41,medium,a62,a72,3,a93,a101,4,a122,vhigh,a143,a152,1,a173,1,a191,a201
25,a14,low,a34,a42,medium,a65,a73,2,a94,a101,1,a123,low,a143,a152,2,a173,1,a191,a202
26,a11,low,a32,a42,medium,a61,a73,1,a93,a101,2,a121,high,a141,a152,1,a172,1,a192,a201
27,a14,low,a30,a43,low,a61,a75,4,a94,a101,4,a123,high,a143,a152,1,a172,1,a191,a201
28,a13,low,a31,a43,low,a64,a73,3,a92,a101,3,a121,high,a143,a151,2,a173,1,a191,a201
29,a12,low,a32,a43,high,a61,a73,3,a93,a103,2,a121,high,a143,a152,1,a173,1,a191,a201
30,a11,vhigh,a33,a49,vhigh,a61,a75,3,a93,a101,4,a124,vhigh,a143,a152,2,a173,1,a192,a201
31,a12,medium,a32,a49,medium,a64,a72,3,a94,a101,3,a121,high,a141,a152,1,a173,1,a192,a201
32,a11,high,a32,a42,vhigh,a61,a73,2,a93,a101,2,a123,medium,a142,a152,1,a173,1,a191,a201
33,a12,medium,a32,a40,vhigh,a62,a73,2,a93,a101,2,a123,medium,a143,a152,2,a173,1,a192,a201
34,a14,low,a34,a49,low,a65,a75,4,a93,a101,4,a124,vhigh,a143,a151,1,a172,1,a191,a201
35,a13,low,a32,a42,medium,a61,a72,4,a92,a101,1,a122,medium,a141,a152,1,a174,1,a192,a201
36,a12,vhigh,a34,a43,vhigh,a61,a72,4,a93,a101,2,a122,low,a143,a152,2,a172,1,a191,a201
37,a14,vhigh,a34,a46,vhigh,a61,a73,1,a93,a101,3,a124,medium,a141,a153,1,a173,1,a192,a201
38,a13,medium,a32,a43,medium,a61,a73,4,a93,a102,2,a121,high,a142,a152,1,a173,1,a191,a201
39,a13,low,a32,a44,low,a61,a73,2,a93,a101,2,a123,high,a143,a152,1,a173,1,a192,a201
40,a12,low,a32,a43,low,a61,a73,4,a93,a101,3,a121,low,a143,a152,1,a173,1,a191,a201
41,a14,vhigh,a32,a43,high,a63,a75,4,a93,a101,2,a123,medium,a141,a152,1,a174,1,a191,a201
42,a12,low,a32,a43,low,a63,a73,3,a91,a101,1,a123,low,a143,a152,1,a173,1,a192,a201
43,a12,medium,a33,a45,vhigh,a61,a73,2,a93,a101,4,a121,vhigh,a143,a152,1,a172,2,a192,a201
44,a11,vhigh,a34,a41,vhigh,a62,a74,1,a94,a101,4,a123,low,a143,a151,2,a173,1,a191,a201
45,a11,vhigh,a34,a41,vhigh,a61,a75,4,a92,a101,4,a124,vhigh,a142,a153,2,a172,1,a191,a201
46,a14,low,a34,a40,medium,a61,a72,4,a92,a101,4,a123,high,a143,a152,2,a174,1,a191,a201
47,a14,vhigh,a32,a43,medium,a63,a75,4,a93,a101,4,a123,high,a143,a152,1,a173,1,a191,a201
48,a11,low,a32,a41,low,a63,a71,1,a92,a101,2,a122,low,a143,a151,1,a171,1,a192,a201
49,a14,low,a34,a40,vhigh,a61,a73,1,a93,a101,4,a122,high,a143,a152,2,a172,1,a191,a201
50,a14,low,a32,a43,medium,a62,a73,4,a92,a102,2,a121,medium,a143,a152,1,a173,1,a191,a201
51,a12,high,a33,a42,high,a65,a72,4,a93,a101,2,a122,medium,a141,a152,1,a172,1,a191,a201
52,a12,vhigh,a33,a41,vhigh,a61,a75,1,a93,a101,2,a123,medium,a143,a152,2,a174,1,a192,a201
53,a14,low,a32,a43,low,a61,a73,3,a93,a101,2,a123,low,a143,a152,1,a173,1,a191,a201
54,a14,medium,a32,a41,high,a65,a73,2,a93,a101,1,a122,medium,a143,a152,1,a173,1,a192,a201
55,a12,vhigh,a33,a40,medium,a61,a75,4,a93,a101,4,a124,vhigh,a141,a153,2,a173,1,a192,a201
56,a14,low,a31,a40,low,a65,a73,1,a93,a103,2,a121,low,a142,a152,1,a172,2,a191,a201
57,a12,low,a32,a43,vhigh,a65,a71,2,a93,a101,1,a124,vhigh,a143,a152,1,a174,1,a192,a201
58,a14,vhigh,a34,a43,vhigh,a61,a73,2,a92,a101,2,a123,medium,a142,a152,2,a173,1,a191,a201
59,a13,medium,a32,a40,medium,a61,a75,3,a92,a101,2,a123,low,a143,a152,1,a174,1,a191,a201
60,a11,vhigh,a34,a42,vhigh,a61,a72,4,a92,a102,4,a124,low,a143,a151,2,a172,1,a192,a201
61,a12,low,a32,a49,medium,a61,a73,2,a94,a101,1,a121,medium,a141,a152,1,a173,1,a192,a201
62,a12,medium,a34,a43,medium,a65,a75,4,a93,a103,4,a121,vhigh,a143,a152,2,a173,1,a192,a201
63,a12,vhigh,a30,a49,medium,a61,a75,4,a93,a101,4,a124,vhigh,a143,a153,1,a174,1,a192,a201
64,a12,vhigh,a30,a49,vhigh,a61,a73,2,a93,a101,2,a123,low,a143,a152,1,a173,1,a192,a201
65,a14,high,a32,a43,high,a61,a72,4,a92,a101,4,a122,low,a143,a152,1,a173,1,a192,a201
66,a14,vhigh,a32,a45,vhigh,a65,a75,4,a93,a101,4,a122,vhigh,a143,a152,4,a173,2,a192,a201
67,a14,low,a32,a43,medium,a61,a72,2,a92,a101,2,a123,medium,a141,a152,1,a173,1,a191,a201
68,a12,low,a32,a40,low,a64,a73,4,a94,a101,1,a121,low,a143,a152,1,a173,1,a191,a201
69,a14,vhigh,a32,a46,medium,a61,a73,4,a93,a101,4,a124,high,a142,a153,1,a173,1,a192,a201
70,a14,vhigh,a32,a43,high,a65,a73,4,a92,a101,4,a123,low,a143,a152,1,a173,1,a191,a201
71,a14,vhigh,a32,a41,vhigh,a61,a73,1,a92,a101,2,a122,medium,a141,a152,1,a173,1,a191,a201
72,a14,low,a34,a43,low,a65,a75,4,a93,a101,2,a122,vhigh,a143,a151,2,a172,1,a192,a201
73,a11,low,a34,a410,low,a61,a75,3,a93,a101,4,a124,vhigh,a141,a153,2,a174,2,a192,a201
74,a12,vhigh,a34,a49,vhigh,a61,a74,2,a92,a101,1,a121,high,a141,a152,2,a172,1,a191,a201
75,a11,vhigh,a32,a46,medium,a65,a75,4,a93,a101,4,a124,high,a143,a152,1,a174,1,a192,a201
76,a11,low,a34,a41,medium,a61,a75,4,a93,a101,4,a124,vhigh,a143,a153,2,a174,1,a191,a201
77,a11,vhigh,a32,a43,high,a61,a72,4,a93,a101,3,a123,high,a143,a152,1,a173,1,a191,a201
78,a12,low,a33,a43,vhigh,a61,a74,2,a93,a101,4,a122,vhigh,a143,a152,1,a173,1,a191,a201
79,a14,vhigh,a30,a41,vhigh,a65,a73,2,a93,a101,2,a122,high,a143,a152,1,a172,2,a191,a201
80,a12,vhigh,a32,a42,high,a61,a72,2,a94,a101,1,a122,low,a143,a152,1,a173,1,a191,a201
81,a14,high,a32,a43,vhigh,a65,a72,1,a92,a101,1,a123,vhigh,a143,a152,2,a173,1,a192,a201
82,a14,medium,a32,a43,low,a63,a75,4,a93,a101,3,a122,vhigh,a142,a152,1,a173,1,a192,a201
83,a14,medium,a32,a49,medium,a62,a73,3,a92,a101,4,a122,low,a143,a151,1,a172,1,a191,a201
84,a11,high,a32,a410,medium,a61,a75,4,a92,a103,4,a121,vhigh,a143,a152,1,a172,1,a192,a201
85,a11,low,a32,a43,medium,a61,a75,3,a93,a101,4,a121,vhigh,a143,a152,1,a172,1,a191,a201
86,a14,low,a34,a49,medium,a61,a73,4,a92,a103,2,a121,medium,a143,a152,2,a174,1,a192,a201
87,a12,medium,a34,a42,low,a61,a72,4,a92,a101,1,a122,medium,a143,a152,2,a173,1,a191,a201
88,a12,vhigh,a32,a46,vhigh,a62,a73,1,a93,a101,4,a124,vhigh,a143,a153,1,a173,2,a192,a201
89,a11,medium,a32,a40,medium,a62,a74,4,a93,a101,3,a123,medium,a143,a152,1,a174,2,a192,a201
90,a11,low,a30,a45,low,a61,a74,4,a93,a101,3,a121,medium,a143,a152,2,a173,1,a191,a201
91,a14,low,a34,a43,low,a61,a75,4,a93,a101,4,a121,vhigh,a143,a152,1,a173,1,a191,a201
92,a11,low,a34,a41,medium,a61,a75,4,a93,a101,3,a121,vhigh,a143,a152,1,a173,1,a191,a201
93,a14,low,a34,a43,low,a65,a75,4,a92,a101,3,a122,medium,a141,a152,1,a172,2,a191,a201
94,a13,high,a34,a42,high,a65,a75,4,a93,a102,4,a124,low,a143,a151,2,a173,1,a191,a201
95,a12,low,a32,a40,low,a64,a75,4,a93,a101,4,a121,vhigh,a143,a152,1,a173,1,a192,a201
96,a12,vhigh,a30,a49,vhigh,a61,a72,3,a93,a101,4,a124,vhigh,a143,a151,1,a173,1,a192,a201
97,a14,low,a34,a46,medium,a65,a74,4,a92,a101,2,a123,vhigh,a143,a152,1,a173,1,a191,a201
98,a12,medium,a32,a49,high,a62,a73,4,a93,a101,4,a123,high,a143,a152,1,a173,1,a191,a201
99,a12,vhigh,a34,a43,high,a61,a75,4,a93,a101,4,a121,high,a143,a152,1,a173,1,a191,a201
100,a12,high,a33,a41,vhigh,a65,a74,3,a93,a101,4,a122,high,a141,a151,2,a174,2,a192,a201
101,a14,high,a32,a40,medium,a62,a75,4,a94,a101,4,a121,high,a143,a151,1,a172,1,a191,a201
102,a12,vhigh,a32,a43,high,a61,a74,4,a93,a101,4,a123,low,a143,a151,1,a173,1,a191,a201
103,a14,low,a33,a43,low,a61,a73,3,a92,a101,2,a121,low,a143,a152,1,a173,1,a191,a201
104,a12,low,a34,a42,medium,a61,a74,4,a93,a101,3,a123,high,a143,a151,1,a173,1,a192,a201
105,a14,low,a32,a41,high,a65,a72,2,a94,a101,4,a123,low,a143,a151,1,a173,1,a192,a201
106,a12,high,a34,a410,vhigh,a61,a73,2,a93,a102,3,a123,high,a143,a152,2,a174,2,a192,a201
107,a14,medium,a31,a40,vhigh,a61,a75,2,a93,a101,4,a124,high,a141,a152,2,a174,2,a192,a201
108,a12,low,a32,a40,vhigh,a61,a74,2,a93,a101,2,a123,medium,a143,a152,1,a173,1,a191,a201
109,a11,high,a32,a42,vhigh,a65,a72,1,a92,a101,2,a122,medium,a143,a152,1,a173,1,a192,a202
110,a12,medium,a32,a49,medium,a63,a75,1,a94,a101,2,a121,high,a143,a152,1,a173,1,a192,a201
111,a12,low,a33,a49,medium,a62,a75,1,a91,a101,2,a123,medium,a141,a152,2,a173,2,a191,a201
112,a13,medium,a32,a46,low,a61,a72,4,a92,a101,4,a122,low,a143,a151,1,a173,1,a192,a201
113,a12,medium,a32,a40,vhigh,a61,a74,3,a93,a101,3,a121,medium,a143,a151,1,a172,1,a191,a201
114,a14,vhigh,a34,a40,vhigh,a61,a73,4,a92,a101,2,a121,low,a142,a152,2,a173,1,a192,a201
115,a11,low,a32,a43,medium,a63,a75,3,a94,a101,1,a121,high,a143,a152,1,a173,1,a191,a201
116,a14,vhigh,a34,a43,high,a65,a75,4,a93,a101,1,a121,vhigh,a143,a152,1,a173,1,a192,a201
117,a11,vhigh,a32,a43,vhigh,a65,a74,4,a92,a101,3,a123,medium,a143,a152,1,a174,1,a192,a201
118,a11,low,a34,a42,medium,a65,a72,2,a92,a102,3,a121,medium,a143,a151,2,a173,1,a191,a202
119,a11,vhigh,a34,a42,vhigh,a63,a73,1,a92,a101,4,a123,low,a143,a152,2,a173,1,a191,a201
120,a12,low,a34,a40,high,a63,a74,3,a91,a101,3,a123,high,a143,a152,1,a174,1,a192,a201
121,a11,high,a32,a43,medium,a61,a73,3,a92,a101,2,a121,low,a143,a152,2,a173,1,a192,a201
122,a14,high,a34,a41,high,a61,a75,4,a92,a101,2,a123,high,a143,a151,2,a174,1,a192,a201
123,a14,low,a32,a42,medium,a61,a73,3,a93,a101,2,a121,low,a143,a151,1,a172,1,a191,a201
124,a13,low,a34,a40,low,a61,a75,4,a93,a101,4,a124,vhigh,a143,a153,2,a173,1,a192,a201
125,a12,medium,a32,a42,medium,a65,a72,4,a92,a101,3,a121,medium,a143,a151,1,a173,1,a191,a201
126,a11,low,a34,a40,medium,a61,a73,4,a93,a101,2,a122,medium,a143,a152,2,a173,1,a191,a201
127,a11,low,a32,a43,low,a61,a73,4,a94,a101,2,a121,high,a143,a152,1,a172,1,a191,a201
128,a12,low,a32,a45,low,a61,a73,4,a93,a101,2,a123,medium,a143,a152,1,a173,1,a191,a201
129,a12,low,a34,a41,medium,a61,a71,4,a93,a101,2,a123,high,a143,a152,2,a174,1,a192,a201
130,a11,low,a34,a40,high,a61,a73,3,a92,a102,2,a121,medium,a143,a152,2,a173,1,a191,a201
131,a12,vhigh,a32,a40,vhigh,a65,a74,1,a92,a101,2,a123,low,a143,a152,1,a173,1,a191,a201
132,a11,vhigh,a33,a46,vhigh,a61,a73,4,a93,a101,3,a122,medium,a142,a152,1,a173,1,a192,a201
133,a14,medium,a32,a42,high,a61,a72,2,a93,a101,3,a122,medium,a141,a152,2,a172,1,a191,a201
134,a14,medium,a32,a42,medium,a61,a73,4,a93,a101,4,a124,vhigh,a141,a153,2,a173,1,a191,a201
135,a14,vhigh,a32,a43,vhigh,a62,a74,2,a92,a101,4,a121,low,a143,a152,1,a173,1,a192,a201
136,a14,low,a34,a43,low,a65,a75,4,a92,a101,2,a121,high,a143,a152,2,a173,1,a192,a201
137,a14,vhigh,a33,a41,vhigh,a64,a73,2,a93,a101,2,a123,medium,a143,a152,2,a173,1,a191,a201
138,a12,low,a32,a43,low,a63,a73,4,a93,a101,3,a121,vhigh,a143,a152,1,a172,1,a191,a201
139,a12,medium,a34,a43,high,a65,a74,4,a93,a103,2,a121,high,a141,a152,3,a173,1,a192,a201
140,a13,low,a32,a43,medium,a61,a73,2,a92,a101,2,a123,vhigh,a143,a151,1,a172,1,a192,a201
141,a13,low,a32,a40,low,a64,a72,2,a94,a101,2,a121,medium,a143,a152,1,a171,1,a191,a202
142,a12,vhigh,a32,a43,vhigh,a61,a72,4,a92,a101,1,a124,medium,a143,a152,1,a174,1,a192,a201
143,a11,vhigh,a32,a43,high,a61,a73,3,a93,a101,2,a123,medium,a143,a152,1,a174,1,a191,a201
144,a11,medium,a32,a42,high,a61,a73,2,a93,a101,2,a123,low,a143,a152,1,a173,1,a191,a201
145,a14,high,a34,a42,medium,a61,a72,4,a92,a101,4,a122,low,a143,a152,1,a173,1,a192,a201
146,a12,vhigh,a31,a49,high,a62,a74,4,a93,a101,2,a123,medium,a143,a152,1,a173,1,a191,a201
147,a11,low,a34,a40,low,a61,a75,1,a92,a101,4,a124,high,a143,a152,2,a173,1,a192,a201
148,a14,low,a34,a40,low,a62,a74,4,a92,a101,3,a123,vhigh,a143,a152,2,a173,1,a192,a201
149,a11,vhigh,a34,a42,vhigh,a61,a73,3,a93,a103,2,a122,medium,a143,a152,2,a173,1,a191,a201
150,a14,medium,a34,a43,medium,a64,a75,4,a93,a101,4,a123,vhigh,a143,a152,2,a173,1,a191,a201
151,a14,low,a32,a43,low,a62,a75,2,a93,a101,4,a124,high,a141,a153,1,a173,2,a192,a201
152,a14,low,a32,a43,medium,a61,a73,1,a93,a101,4,a122,high,a143,a152,1,a173,1,a192,a202
153,a13,vhigh,a32,a43,vhigh,a61,a73,4,a93,a101,1,a123,low,a143,a152,1,a173,1,a191,a201
154,a12,high,a34,a41,vhigh,a64,a75,2,a92,a101,4,a124,medium,a143,a151,1,a173,1,a191,a201
155,a12,high,a33,a49,vhigh,a62,a74,4,a93,a101,4,a123,high,a143,a151,1,a174,1,a192,a201
156,a11,low,a32,a42,low,a61,a73,2,a92,a101,4,a123,low,a143,a151,1,a173,1,a191,a201
157,a11,low,a34,a45,low,a62,a75,3,a93,a103,4,a121,vhigh,a143,a152,2,a173,2,a191,a202
158,a11,low,a31,a48,low,a61,a75,4,a94,a101,1,a123,vhigh,a141,a152,1,a172,1,a191,a201
159,a12,high,a32,a40,high,a62,a74,2,a93,a101,3,a123,high,a141,a152,2,a173,1,a192,a201
160,a14,low,a34,a43,medium,a65,a73,1,a93,a101,2,a121,high,a143,a152,2,a172,2,a191,a201
161,a14,high,a34,a43,high,a62,a75,3,a93,a101,4,a121,high,a143,a152,1,a173,2,a192,a201
162,a14,medium,a34,a40,low,a61,a72,4,a92,a101,1,a122,medium,a143,a152,2,a173,1,a191,a201
163,a14,medium,a32,a44,low,a63,a74,4,a93,a101,3,a122,high,a143,a152,2,a173,1,a192,a201
164,a12,low,a32,a40,vhigh,a61,a71,2,a93,a101,4,a124,vhigh,a141,a153,1,a174,1,a192,a201
165,a14,vhigh,a32,a40,low,a63,a75,4,a93,a101,4,a122,high,a143,a152,1,a173,1,a191,a201
166,a14,low,a32,a42,high,a63,a73,1,a93,a101,2,a123,medium,a143,a152,1,a173,1,a192,a201
167,a11,medium,a32,a42,low,a61,a71,4,a92,a101,2,a123,medium,a143,a152,1,a173,1,a191,a201
168,a12,low,a32,a42,medium,a64,a72,4,a92,a101,1,a121,low,a143,a152,1,a173,1,a191,a201
169,a14,high,a32,a42,high,a61,a74,2,a92,a101,4,a122,low,a143,a151,1,a173,1,a192,a201
170,a12,high,a34,a49,medium,a61,a75,4,a91,a101,4,a121,medium,a143,a152,2,a173,1,a192,a201
171,a11,medium,a30,a40,low,a61,a75,4,a93,a101,3,a123,medium,a143,a151,2,a173,2,a191,a201
172,a14,low,a32,a42,low,a61,a73,4,a92,a101,1,a121,low,a143,a152,1,a173,1,a192,a201
173,a12,high,a33,a42,medium,a61,a71,3,a92,a101,2,a122,high,a143,a152,1,a174,1,a192,a201
174,a12,low,a32,a43,medium,a61,a73,4,a93,a103,2,a121,medium,a143,a152,1,a173,1,a191,a202
175,a11,high,a33,a46,high,a61,a72,2,a93,a101,1,a122,low,a143,a152,2,a173,1,a191,a201
176,a14,vhigh,a31,a41,vhigh,a65,a71,4,a92,a101,1,a121,vhigh,a141,a152,1,a174,1,a192,a201
177,a11,low,a32,a42,high,a61,a73,2,a91,a101,1,a123,high,a143,a152,1,a173,1,a191,a201
178,a11,low,a34,a43,low,a63,a75,4,a93,a101,4,a123,vhigh,a143,a152,2,a173,1,a191,a201
179,a14,low,a32,a43,medium,a61,a74,4,a93,a101,2,a123,medium,a143,a151,2,a174,2,a192,a201
180,a11,high,a34,a40,low,a61,a75,4,a93,a101,4,a121,vhigh,a143,a152,2,a173,1,a191,a201
181,a14,vhigh,a33,a49,vhigh,a61,a72,1,a91,a101,1,a123,medium,a143,a152,2,a173,1,a191,a201
182,a12,vhigh,a33,a49,vhigh,a61,a73,2,a91,a101,2,a121,medium,a142,a152,2,a174,1,a192,a201
183,a11,high,a31,a40,medium,a65,a73,4,a93,a101,2,a122,high,a143,a152,2,a172,2,a191,a201
184,a14,high,a34,a42,high,a64,a73,4,a93,a101,4,a121,vhigh,a143,a152,1,a173,1,a192,a201
185,a12,medium,a34,a40,low,a61,a75,4,a93,a101,4,a123,high,a141,a152,1,a173,2,a192,a201
186,a14,medium,a34,a43,low,a61,a73,4,a93,a101,2,a122,medium,a143,a152,2,a173,1,a191,a201
187,a12,low,a31,a41,vhigh,a61,a75,2,a92,a101,4,a124,vhigh,a141,a153,1,a174,2,a192,a201
188,a12,medium,a34,a40,low,a61,a71,2,a93,a101,3,a123,vhigh,a143,a153,3,a171,1,a192,a201
189,a11,low,a32,a43,low,a62,a74,4,a94,a101,1,a122,low,a143,a152,1,a173,1,a191,a201
190,a12,medium,a30,a42,high,a61,a73,1,a92,a101,4,a123,medium,a141,a152,2,a173,1,a192,a201
191,a14,high,a32,a49,vhigh,a64,a73,2,a93,a101,3,a122,vhigh,a143,a152,3,a174,1,a192,a201
192,a12,vhigh,a30,a49,high,a62,a74,4,a93,a101,4,a124,high,a143,a153,1,a172,2,a191,a201
193,a12,vhigh,a32,a49,high,a61,a73,4,a93,a101,2,a123,high,a143,a152,1,a173,2,a192,a201
194,a14,low,a32,a43,medium,a61,a74,2,a94,a101,2,a121,medium,a143,a151,1,a173,1,a191,a201
195,a12,vhigh,a32,a43,high,a62,a73,4,a93,a103,4,a122,low,a143,a151,1,a173,1,a191,a201
196,a12,low,a34,a46,medium,a61,a75,2,a92,a101,3,a123,high,a143,a152,2,a174,1,a192,a201
197,a14,low,a34,a43,medium,a61,a73,1,a92,a101,1,a123,medium,a143,a152,2,a173,1,a192,a201
198,a12,low,a32,a42,low,a62,a72,4,a92,a101,4,a123,medium,a141,a151,4,a173,1,a191,a201
199,a12,high,a32,a41,high,a65,a75,4,a93,a101,4,a124,high,a141,a153,1,a173,1,a192,a201
200,a12,medium,a33,a42,vhigh,a61,a75,4,a91,a101,3,a124,high,a143,a152,1,a174,1,a192,a201
201,a14,low,a34,a46,low,a63,a75,4,a93,a101,2,a123,vhigh,a143,a152,2,a173,1,a192,a201
202,a11,low,a32,a40,low,a61,a73,4,a94,a101,3,a121,medium,a143,a152,1,a172,1,a191,a201
203,a14,vhigh,a33,a49,vhigh,a61,a74,3,a93,a101,4,a123,low,a143,a152,2,a173,1,a191,a201
204,a11,low,a32,a48,low,a61,a74,4,a94,a101,4,a122,low,a143,a151,1,a173,1,a191,a201
205,a14,low,a34,a40,medium,a61,a75,4,a93,a101,1,a121,high,a143,a152,2,a172,2,a191,a201
206,a11,vhigh,a34,a41,vhigh,a61,a75,3,a93,a101,4,a124,high,a143,a153,3,a174,2,a192,a201
207,a14,low,a34,a42,medium,a61,a75,4,a93,a101,4,a121,vhigh,a143,a152,3,a173,1,a192,a201
208,a12,low,a34,a44,medium,a61,a74,4,a93,a101,3,a122,low,a143,a152,1,a173,1,a191,a201
209,a11,high,a32,a49,vhigh,a61,a73,2,a94,a101,2,a123,low,a142,a152,1,a172,1,a191,a201
210,a14,low,a32,a41,medium,a64,a74,3,a93,a101,2,a122,vhigh,a143,a152,1,a173,1,a191,a202
211,a14,low,a34,a43,high,a65,a73,1,a93,a101,2,a121,medium,a143,a152,2,a173,2,a191,a201
212,a14,vhigh,a32,a43,high,a65,a75,2,a92,a101,4,a121,vhigh,a143,a152,1,a172,1,a192,a201
213,a11,vhigh,a30,a49,vhigh,a61,a71,2,a93,a101,4,a122,vhigh,a142,a152,2,a173,1,a192,a201
214,a13,vhigh,a33,a49,medium,a61,a75,4,a93,a101,4,a121,vhigh,a143,a152,1,a174,1,a192,a201
215,a14,vhigh,a34,a43,high,a65,a75,4,a93,a101,2,a123,vhigh,a143,a152,1,a173,1,a192,a201
216,a12,low,a34,a48,low,a65,a74,1,a92,a101,3,a122,high,a143,a152,2,a172,1,a191,a201
217,a11,medium,a30,a49,high,a61,a74,3,a93,a101,1,a122,medium,a141,a152,1,a173,1,a192,a201
218,a13,vhigh,a32,a43,high,a61,a73,2,a93,a101,2,a121,low,a143,a152,1,a173,1,a192,a201
219,a11,high,a32,a42,high,a61,a73,2,a91,a101,2,a121,low,a143,a151,1,a172,1,a191,a201
220,a14,low,a32,a40,low,a61,a73,2,a92,a101,4,a123,vhigh,a143,a152,1,a173,1,a192,a201
221,a12,low,a32,a43,low,a61,a72,4,a94,a103,1,a121,low,a141,a152,1,a172,1,a191,a201
222,a11,low,a32,a46,low,a65,a73,4,a92,a101,4,a122,low,a141,a151,1,a173,1,a192,a201
223,a14,low,a32,a43,low,a61,a73,4,a93,a101,2,a121,medium,a141,a152,2,a173,1,a191,a201
224,a14,high,a33,a49,high,a65,a73,4,a93,a101,4,a121,medium,a143,a152,2,a173,2,a192,a201
225,a14,medium,a32,a41,vhigh,a61,a73,3,a93,a101,2,a123,medium,a143,a152,1,a173,1,a192,a201
226,a14,vhigh,a30,a45,high,a61,a73,4,a93,a101,2,a123,medium,a143,a152,2,a173,1,a191,a201
227,a12,vhigh,a32,a43,vhigh,a64,a74,1,a93,a102,2,a124,medium,a141,a152,2,a173,1,a192,a201
228,a11,low,a32,a42,vhigh,a61,a75,4,a93,a101,4,a124,vhigh,a143,a153,1,a174,1,a192,a201
229,a14,low,a32,a43,medium,a61,a74,4,a93,a101,2,a123,low,a143,a152,1,a173,1,a191,a201
230,a11,high,a32,a42,high,a61,a72,4,a93,a101,1,a124,low,a141,a153,1,a173,1,a191,a201
231,a13,vhigh,a32,a43,vhigh,a61,a73,4,a93,a101,2,a123,low,a143,a152,1,a173,1,a191,a201
232,a14,low,a32,a40,high,a63,a75,2,a93,a101,4,a124,vhigh,a143,a153,1,a172,1,a191,a201
233,a14,low,a32,a43,medium,a62,a74,3,a93,a101,1,a124,high,a143,a152,1,a173,1,a191,a201
234,a12,medium,a32,a43,low,a61,a73,4,a94,a103,2,a121,low,a143,a152,1,a172,1,a191,a201
235,a14,low,a34,a43,medium,a61,a74,2,a93,a101,1,a121,high,a143,a152,3,a172,2,a191,a201
236,a11,high,a32,a43,medium,a61,a71,4,a93,a101,2,a123,medium,a142,a152,1,a174,2,a191,a201
237,a12,low,a32,a40,vhigh,a65,a71,1,a93,a101,2,a122,low,a143,a152,1,a171,1,a192,a201
238,a12,high,a32,a49,high,a62,a75,4,a91,a101,2,a123,vhigh,a141,a151,2,a172,1,a191,a201
239,a14,low,a34,a43,low,a61,a73,4,a92,a101,2,a122,high,a143,a152,2,a173,1,a191,a201
240,a11,vhigh,a32,a43,high,a61,a75,1,a93,a103,3,a122,high,a143,a152,1,a173,2,a191,a201
241,a11,high,a32,a40,low,a65,a75,4,a92,a101,2,a123,medium,a141,a152,1,a173,1,a191,a201
242,a14,low,a32,a43,medium,a61,a74,3,a93,a101,2,a122,vhigh,a143,a152,1,a173,2,a191,a201
243,a11,vhigh,a30,a41,vhigh,a61,a75,3,a93,a101,4,a124,low,a143,a153,2,a173,2,a191,a201
244,a14,low,a34,a49,low,a61,a73,3,a92,a101,2,a121,medium,a143,a152,2,a173,1,a191,a201
245,a14,low,a31,a48,high,a63,a73,4,a92,a101,3,a121,high,a143,a152,1,a172,2,a191,a201
246,a14,high,a32,a49,low,a61,a74,4,a93,a101,1,a121,low,a143,a152,1,a173,1,a192,a201
247,a14,low,a34,a43,low,a61,a75,4,a93,a101,4,a121,vhigh,a143,a152,3,a173,1,a191,a201
248,a14,low,a30,a40,low,a62,a73,4,a93,a101,1,a124,high,a141,a151,1,a173,1,a191,a202
249,a13,high,a32,a42,medium,a61,a73,2,a93,a101,2,a121,low,a143,a152,1,a173,1,a191,a201
250,a14,medium,a32,a43,low,a61,a71,3,a92,a102,4,a121,low,a143,a151,1,a173,1,a191,a201
251,a11,low,a34,a40,low,a64,a74,3,a92,a101,4,a121,high,a143,a152,2,a172,1,a192,a201
252,a13,low,a32,a42,medium,a61,a73,1,a92,a101,2,a123,vhigh,a143,a152,1,a172,1,a191,a201
253,a12,vhigh,a32,a40,medium,a61,a73,4,a92,a103,2,a124,low,a141,a152,1,a173,1,a191,a201
254,a14,high,a33,a42,vhigh,a62,a73,2,a93,a101,3,a122,high,a143,a152,2,a173,1,a191,a201
255,a12,low,a32,a42,medium,a65,a74,2,a93,a101,1,a123,low,a143,a152,1,a173,1,a192,a201
256,a12,vhigh,a33,a43,vhigh,a65,a73,1,a93,a101,1,a121,medium,a143,a152,1,a172,1,a191,a201
257,a14,high,a34,a43,high,a61,a73,4,a93,a101,2,a121,high,a143,a152,2,a172,1,a191,a201
258,a11,low,a31,a43,medium,a61,a73,4,a91,a101,1,a124,medium,a143,a153,1,a173,1,a191,a201
259,a14,medium,a32,a41,high,a62,a72,1,a92,a101,4,a123,low,a143,a152,1,a173,1,a192,a201
260,a14,low,a34,a43,low,a62,a71,4,a92,a101,4,a121,vhigh,a143,a152,3,a172,1,a191,a201
261,a11,low,a32,a42,medium,a61,a73,2,a93,a101,2,a121,medium,a143,a152,1,a173,1,a191,a201
262,a11,high,a32,a43,medium,a61,a75,4,a92,a101,4,a123,vhigh,a143,a152,1,a173,1,a191,a201
263,a11,medium,a34,a40,vhigh,a61,a75,2,a93,a101,4,a124,high,a143,a153,3,a174,1,a192,a201
264,a14,low,a34,a46,high,a61,a75,2,a92,a101,4,a124,vhigh,a141,a153,3,a172,1,a191,a201
265,a14,low,a34,a40,low,a61,a75,3,a93,a101,4,a121,medium,a143,a152,2,a172,2,a191,a202
266,a12,medium,a32,a43,low,a61,a75,4,a93,a101,3,a123,high,a143,a152,1,a173,2,a191,a201
267,a14,vhigh,a34,a49,vhigh,a65,a75,4,a93,a101,4,a121,high,a143,a152,2,a173,1,a191,a201
268,a14,high,a32,a43,medium,a61,a72,4,a92,a101,3,a123,high,a142,a152,1,a173,1,a192,a201
269,a11,medium,a32,a40,vhigh,a61,a75,1,a91,a101,4,a122,vhigh,a143,a152,1,a174,1,a192,a202
270,a14,high,a32,a43,low,a65,a75,4,a93,a101,2,a123,low,a143,a152,2,a173,1,a191,a201
271,a14,medium,a32,a40,high,a65,a74,4,a93,a101,3,a122,medium,a143,a152,1,a173,1,a191,a202
272,a14,low,a34,a42,medium,a63,a74,3,a92,a101,4,a123,high,a143,a151,1,a173,1,a192,a201
273,a12,vhigh,a31,a40,vhigh,a65,a71,4,a93,a102,4,a124,high,a143,a153,1,a174,1,a192,a201
274,a12,vhigh,a32,a43,high,a61,a74,4,a93,a101,4,a121,medium,a143,a152,2,a173,1,a191,a201
275,a11,vhigh,a32,a45,vhigh,a61,a72,1,a91,a101,1,a124,high,a143,a152,1,a172,1,a192,a201
276,a14,low,a32,a43,high,a61,a73,1,a93,a101,2,a121,medium,a143,a152,1,a173,2,a191,a201
277,a14,medium,a34,a43,high,a61,a73,2,a92,a101,2,a123,low,a143,a152,2,a173,1,a191,a201
278,a11,low,a32,a42,low,a65,a75,2,a91,a101,4,a122,vhigh,a143,a152,1,a172,1,a192,a201
279,a14,low,a32,a42,vhigh,a61,a72,1,a92,a101,4,a122,medium,a143,a152,1,a173,1,a191,a201
280,a14,high,a32,a43,medium,a62,a73,4,a93,a101,4,a123,medium,a143,a151,1,a174,1,a192,a201
281,a14,medium,a34,a41,high,a64,a75,3,a93,a101,4,a124,low,a143,a151,2,a173,1,a192,a201
282,a14,low,a32,a42,medium,a61,a73,4,a93,a101,2,a121,vhigh,a143,a152,1,a173,1,a191,a201
283,a13,medium,a31,a43,medium,a65,a74,4,a93,a101,4,a123,vhigh,a141,a152,1,a172,1,a191,a201
284,a14,medium,a34,a42,medium,a65,a75,4,a93,a101,4,a122,vhigh,a143,a152,1,a173,1,a191,a201
285,a12,high,a34,a40,high,a62,a72,4,a91,a101,2,a123,high,a143,a152,1,a173,1,a192,a201
286,a11,vhigh,a32,a40,vhigh,a61,a72,1,a92,a101,1,a121,high,a143,a152,1,a172,1,a192,a201
287,a11,vhigh,a32,a41,vhigh,a61,a74,4,a93,a101,3,a122,low,a143,a152,1,a173,2,a191,a201
288,a12,vhigh,a33,a410,vhigh,a62,a71,2,a93,a101,4,a124,medium,a143,a153,1,a174,1,a192,a201
289,a12,low,a32,a43,low,a61,a73,4,a92,a103,4,a121,vhigh,a143,a152,2,a173,1,a192,a201
290,a11,high,a33,a43,low,a61,a72,4,a94,a101,4,a121,vhigh,a142,a152,1,a173,1,a191,a201
291,a14,low,a32,a49,low,a61,a73,2,a94,a101,2,a121,low,a143,a152,1,a173,1,a192,a202
292,a12,vhigh,a32,a41,vhigh,a61,a72,1,a94,a101,4,a123,medium,a143,a151,1,a174,1,a192,a201
293,a11,high,a34,a41,vhigh,a61,a75,2,a92,a101,4,a124,vhigh,a143,a153,2,a174,2,a192,a201
294,a13,vhigh,a34,a41,vhigh,a61,a75,4,a93,a101,4,a124,vhigh,a143,a153,1,a173,1,a191,a201
295,a14,vhigh,a34,a49,vhigh,a65,a75,4,a91,a101,2,a123,vhigh,a141,a152,2,a174,2,a191,a201
296,a12,vhigh,a32,a42,vhigh,a61,a72,1,a92,a101,2,a123,low,a143,a152,1,a173,1,a192,a201
297,a14,low,a32,a41,vhigh,a65,a72,1,a92,a101,4,a123,low,a143,a151,1,a173,1,a191,a201
298,a14,low,a32,a40,low,a65,a75,4,a93,a102,2,a122,vhigh,a143,a152,1,a172,1,a191,a202
299,a14,medium,a32,a42,high,a61,a73,3,a93,a101,4,a121,vhigh,a143,a152,1,a173,1,a192,a201
300,a12,high,a34,a42,high,a64,a74,3,a93,a101,2,a123,medium,a143,a152,2,a173,1,a192,a201
301,a14,low,a32,a40,low,a61,a71,1,a92,a101,4,a121,vhigh,a143,a152,1,a171,1,a192,a201
302,a12,vhigh,a30,a43,high,a61,a73,4,a92,a101,1,a123,high,a143,a152,1,a173,1,a192,a201
303,a13,high,a34,a40,low,a65,a74,4,a93,a101,2,a121,high,a141,a152,2,a172,2,a191,a201
304,a11,low,a34,a40,low,a61,a74,4,a93,a102,3,a122,vhigh,a143,a152,2,a173,1,a192,a201
305,a14,vhigh,a34,a40,vhigh,a63,a73,2,a93,a101,2,a124,vhigh,a141,a153,1,a173,1,a191,a201
306,a14,low,a32,a42,medium,a64,a73,4,a91,a101,2,a121,medium,a143,a152,1,a173,1,a191,a201
307,a14,vhigh,a32,a41,vhigh,a65,a74,2,a92,a101,4,a122,low,a142,a151,1,a172,1,a191,a201
308,a11,low,a32,a43,low,a62,a72,4,a94,a101,3,a124,medium,a143,a152,1,a172,1,a192,a201
309,a12,low,a32,a42,low,a61,a73,3,a92,a101,4,a121,low,a143,a152,1,a173,1,a191,a201
310,a12,low,a32,a40,low,a61,a73,4,a94,a101,4,a121,low,a143,a151,1,a172,1,a191,a201
311,a12,vhigh,a32,a410,vhigh,a65,a71,3,a93,a101,4,a124,high,a141,a153,1,a171,1,a192,a201
312,a14,high,a32,a42,vhigh,a62,a73,4,a93,a101,1,a123,low,a142,a152,1,a173,1,a191,a201
313,a13,high,a32,a42,high,a61,a72,2,a92,a101,4,a123,low,a143,a152,1,a173,1,a191,a201
314,a12,low,a32,a40,low,a61,a74,2,a94,a101,3,a123,low,a141,a152,1,a172,1,a191,a201
315,a13,low,a32,a40,medium,a65,a72,1,a93,a101,2,a121,medium,a143,a152,1,a172,2,a191,a202
316,a11,vhigh,a31,a42,high,a61,a75,4,a93,a101,4,a123,medium,a141,a152,1,a173,1,a191,a201
317,a11,low,a32,a42,low,a61,a73,2,a93,a103,3,a122,high,a143,a152,1,a172,2,a191,a201
318,a12,high,a32,a42,vhigh,a65,a73,1,a92,a101,4,a122,vhigh,a143,a152,1,a172,1,a192,a201
319,a14,low,a34,a46,low,a61,a73,4,a93,a101,2,a123,medium,a143,a152,2,a173,1,a191,a201
320,a11,medium,a33,a42,high,a61,a75,1,a92,a101,4,a122,medium,a143,a152,2,a172,1,a191,a201
321,a11,high,a32,a43,medium,a61,a72,4,a91,a101,3,a122,medium,a143,a152,1,a173,1,a191,a201
322,a11,high,a32,a41,high,a61,a74,2,a93,a101,1,a124,high,a143,a153,1,a174,1,a192,a201
323,a11,medium,a32,a42,high,a64,a73,4,a93,a101,2,a123,medium,a143,a152,1,a173,1,a191,a201
324,a14,medium,a34,a40,low,a61,a73,4,a92,a101,3,a121,high,a143,a152,2,a173,1,a191,a201
325,a11,low,a34,a40,high,a61,a74,1,a93,a101,4,a121,high,a143,a152,2,a172,1,a191,a202
326,a14,low,a34,a42,vhigh,a65,a75,2,a93,a101,4,a122,vhigh,a143,a151,1,a173,1,a192,a201
327,a14,high,a32,a40,medium,a64,a74,4,a92,a101,3,a123,high,a143,a152,1,a173,2,a192,a201
328,a13,vhigh,a32,a43,vhigh,a61,a75,4,a93,a101,2,a123,medium,a143,a152,1,a173,1,a191,a201
329,a12,low,a32,a43,low,a61,a75,4,a93,a101,4,a123,medium,a143,a152,1,a173,2,a191,a201
330,a11,high,a34,a41,vhigh,a61,a71,2,a93,a101,4,a124,vhigh,a143,a153,2,a174,1,a192,a201
331,a14,medium,a34,a46,medium,a62,a73,4,a92,a101,2,a121,medium,a143,a152,2,a173,1,a191,a201
332,a12,vhigh,a32,a40,vhigh,a62,a72,4,a92,a101,2,a122,low,a143,a152,1,a174,1,a191,a201
333,a14,vhigh,a34,a41,vhigh,a62,a73,2,a92,a101,4,a123,low,a141,a151,2,a172,1,a191,a201
334,a11,high,a30,a42,vhigh,a61,a75,3,a93,a101,4,a124,low,a141,a151,2,a173,2,a191,a201
335,a11,low,a34,a42,high,a61,a73,1,a91,a101,4,a121,vhigh,a143,a151,1,a174,1,a192,a201
336,a12,medium,a32,a43,medium,a61,a72,2,a92,a103,4,a122,low,a143,a152,1,a172,1,a191,a201
337,a11,medium,a32,a44,low,a65,a73,4,a92,a101,2,a123,low,a143,a151,1,a173,1,a191,a201
338,a11,high,a32,a42,vhigh,a61,a73,4,a93,a101,4,a122,medium,a143,a152,1,a173,1,a191,a201
339,a12,low,a32,a42,medium,a61,a73,4,a91,a101,2,a123,medium,a143,a152,1,a172,1,a191,a201
340,a12,high,a34,a46,vhigh,a61,a72,2,a92,a101,4,a124,low,a143,a153,2,a173,1,a192,a201
341,a11,high,a32,a42,high,a61,a74,1,a92,a101,4,a123,low,a143,a151,1,a172,1,a191,a201
342,a12,medium,a32,a43,high,a63,a72,1,a94,a101,3,a121,low,a143,a151,1,a173,1,a191,a201
343,a12,medium,a32,a49,vhigh,a61,a75,1,a93,a102,1,a121,medium,a141,a152,1,a174,1,a192,a201
344,a13,low,a32,a40,high,a61,a72,1,a93,a103,1,a122,high,a143,a152,1,a172,2,a191,a201
345,a14,medium,a34,a43,medium,a61,a73,4,a92,a101,2,a123,vhigh,a143,a152,1,a172,1,a191,a201
346,a12,medium,a34,a43,low,a61,a72,4,a93,a103,4,a121,low,a143,a152,2,a173,1,a191,a201
347,a12,high,a32,a43,high,a63,a71,1,a92,a101,4,a124,low,a143,a151,1,a171,1,a191,a201
348,a14,low,a33,a49,medium,a62,a73,1,a93,a101,2,a121,high,a143,a152,2,a172,1,a191,a201
349,a12,low,a34,a46,low,a64,a75,4,a93,a101,3,a124,medium,a143,a153,2,a173,2,a191,a201
350,a14,low,a32,a44,low,a61,a72,1,a92,a101,4,a121,low,a143,a151,1,a173,1,a192,a201
351,a12,low,a32,a42,low,a61,a73,1,a92,a101,2,a123,medium,a143,a152,1,a173,1,a191,a202
352,a14,medium,a34,a41,high,a65,a71,2,a93,a101,4,a124,high,a143,a152,1,a174,1,a192,a201
353,a11,low,a30,a43,vhigh,a61,a73,4,a93,a101,2,a122,medium,a143,a151,2,a173,1,a192,a201
354,a14,low,a32,a46,low,a63,a75,4,a93,a101,4,a124,vhigh,a143,a153,1,a173,1,a192,a201
355,a12,high,a32,a40,low,a61,a72,4,a93,a101,2,a121,low,a142,a152,1,a172,1,a191,a201
356,a14,low,a34,a43,high,a65,a75,1,a93,a102,4,a121,vhigh,a143,a152,1,a173,1,a192,a201
357,a14,vhigh,a33,a43,vhigh,a61,a73,4,a93,a101,2,a123,low,a143,a152,2,a174,1,a192,a201
358,a14,low,a32,a43,low,a61,a73,4,a94,a101,2,a121,medium,a143,a152,1,a173,1,a191,a201
359,a11,vhigh,a32,a42,high,a61,a74,4,a92,a101,4,a121,low,a143,a151,1,a173,1,a191,a201
360,a12,medium,a32,a46,low,a65,a73,4,a93,a101,4,a124,vhigh,a143,a153,1,a173,1,a191,a201
361,a13,low,a32,a43,high,a65,a75,2,a93,a101,3,a123,high,a143,a152,1,a174,1,a191,a201
362,a13,low,a33,a40,medium,a61,a73,2,a92,a101,2,a123,high,a142,a152,2,a173,1,a192,a201
363,a14,low,a32,a42,medium,a61,a73,1,a94,a101,2,a122,low,a143,a151,1,a173,1,a191,a201
364,a11,medium,a32,a42,high,a61,a71,4,a93,a101,1,a123,low,a143,a152,1,a171,1,a191,a201
365,a14,low,a32,a49,medium,a61,a74,2,a93,a101,4,a123,high,a143,a152,1,a173,1,a192,a201
366,a14,medium,a34,a41,high,a61,a74,3,a93,a101,1,a123,medium,a143,a152,2,a173,1,a191,a201
367,a11,medium,a32,a42,high,a61,a72,1,a92,a101,4,a123,low,a143,a151,1,a173,1,a191,a201
368,a11,vhigh,a32,a42,high,a61,a75,4,a93,a101,2,a123,high,a143,a152,1,a173,2,a191,a201
369,a12,medium,a32,a42,high,a61,a74,2,a92,a101,4,a121,high,a143,a151,1,a173,1,a191,a201
370,a14,vhigh,a32,a40,high,a65,a73,4,a93,a101,4,a121,high,a143,a152,1,a173,1,a191,a201
371,a14,medium,a34,a43,vhigh,a61,a75,3,a93,a101,4,a123,medium,a143,a152,2,a173,1,a192,a201
372,a14,low,a34,a42,medium,a61,a72,1,a92,a101,3,a121,low,a143,a151,2,a173,1,a191,a201
373,a14,vhigh,a34,a40,vhigh,a65,a75,2,a93,a101,4,a124,vhigh,a141,a153,1,a174,1,a192,a201
374,a12,vhigh,a31,a410,vhigh,a62,a75,3,a92,a101,4,a124,vhigh,a141,a153,2,a174,1,a192,a201
375,a11,vhigh,a31,a49,vhigh,a61,a74,2,a92,a103,4,a123,high,a143,a151,1,a173,1,a191,a201
376,a14,medium,a33,a43,high,a61,a71,2,a94,a101,3,a121,high,a143,a152,2,a173,1,a191,a201
377,a14,low,a33,a43,low,a65,a75,3,a93,a101,4,a124,high,a143,a153,1,a173,1,a191,a201
378,a12,vhigh,a32,a40,vhigh,a61,a75,4,a93,a101,2,a124,vhigh,a143,a153,1,a174,1,a192,a201
379,a14,low,a34,a40,low,a62,a73,4,a92,a101,4,a123,vhigh,a143,a152,2,a172,1,a191,a201
380,a11,high,a32,a42,medium,a65,a74,4,a93,a101,4,a123,high,a143,a152,1,a173,1,a192,a201
381,a12,medium,a32,a41,vhigh,a61,a71,3,a92,a101,4,a124,high,a143,a153,1,a174,1,a192,a201
382,a14,high,a32,a40,low,a65,a74,4,a92,a101,4,a122,low,a143,a151,1,a173,1,a191,a201
383,a13,low,a32,a40,low,a61,a72,4,a93,a101,1,a121,low,a143,a152,1,a173,1,a191,a201
384,a14,vhigh,a33,a49,vhigh,a62,a73,2,a93,a101,2,a122,low,a143,a152,2,a172,1,a191,a201
385,a14,medium,a34,a43,medium,a61,a73,2,a92,a101,1,a123,low,a143,a152,2,a173,1,a191,a201
386,a14,medium,a32,a43,low,a65,a72,4,a92,a101,2,a121,low,a143,a151,1,a173,1,a192,a201
387,a12,medium,a34,a42,vhigh,a61,a71,4,a93,a101,4,a122,high,a142,a152,2,a174,1,a192,a201
388,a12,medium,a34,a49,high,a63,a73,2,a93,a101,4,a123,medium,a141,a152,1,a173,1,a191,a201
389,a14,low,a32,a49,medium,a61,a74,3,a92,a101,2,a123,medium,a143,a152,2,a173,1,a191,a201
390,a14,medium,a32,a40,medium,a61,a73,2,a94,a101,2,a122,medium,a143,a152,1,a174,1,a192,a201
391,a12,low,a32,a42,low,a64,a72,1,a92,a101,4,a121,low,a143,a151,1,a172,1,a191,a201
392,a11,vhigh,a32,a40,high,a61,a74,2,a93,a101,4,a124,high,a141,a153,1,a174,2,a192,a201
393,a11,low,a34,a43,medium,a61,a74,1,a92,a101,4,a123,medium,a143,a152,1,a173,1,a191,a201
394,a14,low,a34,a42,high,a61,a71,2,a93,a101,3,a123,medium,a143,a152,1,a174,1,a191,a201
395,a12,vhigh,a33,a46,vhigh,a62,a74,2,a93,a101,3,a124,medium,a143,a151,1,a173,1,a192,a201
396,a11,low,a32,a42,high,a61,a71,3,a92,a101,4,a124,vhigh,a143,a153,1,a174,1,a191,a201
397,a11,vhigh,a34,a42,high,a61,a73,3,a94,a101,2,a122,vhigh,a143,a152,2,a173,1,a192,a201
398,a12,low,a32,a40,low,a61,a75,1,a91,a101,1,a121,vhigh,a143,a151,2,a173,1,a191,a201
399,a14,high,a34,a43,medium,a64,a73,4,a92,a101,1,a121,vhigh,a143,a152,2,a172,1,a191,a201
400,a14,medium,a32,a43,medium,a61,a72,3,a94,a101,4,a121,high,a143,a152,1,a173,1,a192,a201
401,a12,medium,a34,a49,medium,a65,a73,4,a94,a101,4,a121,medium,a141,a152,2,a173,1,a191,a201
402,a14,high,a33,a49,vhigh,a61,a72,2,a93,a101,2,a123,medium,a141,a152,2,a173,1,a192,a201
403,a14,medium,a33,a40,low,a61,a73,4,a93,a101,2,a123,medium,a143,a152,2,a172,1,a191,a201
404,a12,medium,a33,a40,high,a65,a75,4,a93,a101,4,a123,vhigh,a143,a152,1,a173,2,a191,a201
405,a12,high,a32,a43,medium,a61,a72,1,a94,a101,1,a122,low,a143,a152,1,a173,1,a192,a201
406,a14,high,a34,a41,medium,a65,a74,4,a93,a101,4,a123,vhigh,a143,a152,2,a173,2,a192,a201
407,a11,medium,a32,a43,low,a61,a72,4,a94,a101,2,a121,medium,a143,a152,1,a173,1,a191,a202
408,a14,high,a32,a43,high,a63,a75,3,a91,a101,2,a123,low,a143,a152,1,a174,1,a192,a201
409,a13,low,a34,a40,low,a63,a74,4,a94,a101,2,a121,medium,a143,a152,3,a173,1,a192,a201
410,a12,high,a32,a43,medium,a61,a75,4,a92,a101,4,a123,low,a143,a152,1,a173,1,a192,a201
411,a14,vhigh,a34,a41,vhigh,a61,a74,3,a93,a101,2,a123,high,a143,a152,2,a174,1,a192,a201
412,a14,low,a34,a49,medium,a61,a71,4,a93,a101,2,a123,high,a142,a152,2,a174,1,a192,a201
413,a14,low,a32,a40,medium,a63,a73,3,a93,a101,2,a124,high,a143,a151,1,a172,2,a191,a202
414,a11,high,a32,a40,medium,a65,a73,4,a92,a101,2,a122,high,a143,a152,1,a173,1,a191,a201
415,a14,vhigh,a34,a41,vhigh,a61,a75,2,a93,a101,2,a122,high,a143,a152,2,a173,2,a192,a201
416,a11,low,a32,a40,high,a61,a72,4,a93,a101,1,a121,medium,a143,a152,1,a172,2,a191,a201
417,a11,medium,a33,a46,vhigh,a65,a73,1,a92,a101,2,a123,low,a143,a151,2,a173,1,a192,a201
418,a14,high,a32,a40,high,a63,a74,1,a92,a101,2,a123,medium,a141,a152,1,a174,1,a191,a201
419,a12,medium,a32,a40,low,a65,a73,4,a92,a101,2,a122,medium,a143,a152,1,a173,1,a191,a201
420,a14,medium,a32,a40,high,a64,a74,2,a92,a101,3,a123,low,a143,a151,1,a173,1,a191,a201
421,a12,low,a32,a41,medium,a65,a73,4,a93,a101,2,a123,medium,a143,a152,1,a173,1,a191,a201
422,a12,low,a34,a40,low,a61,a74,2,a93,a101,3,a121,vhigh,a143,a152,2,a172,2,a191,a201
423,a14,high,a33,a42,medium,a62,a74,4,a93,a101,3,a121,high,a143,a152,2,a174,1,a191,a201
424,a12,low,a32,a42,high,a65,a75,1,a92,a101,2,a122,low,a141,a152,1,a173,1,a192,a201
425,a12,medium,a32,a41,high,a61,a73,1,a94,a101,3,a123,low,a143,a151,1,a173,1,a192,a201
426,a14,vhigh,a34,a43,high,a61,a75,4,a93,a101,2,a123,medium,a143,a152,2,a173,1,a191,a201
427,a14,medium,a34,a43,low,a64,a73,4,a93,a101,3,a121,vhigh,a143,a152,2,a173,1,a191,a201
428,a14,low,a32,a42,low,a61,a75,1,a93,a101,4,a123,low,a143,a152,1,a173,1,a191,a201
429,a11,medium,a34,a45,low,a61,a71,2,a92,a101,4,a124,vhigh,a143,a153,3,a171,2,a191,a201
430,a14,low,a32,a49,high,a61,a74,1,a93,a101,4,a121,vhigh,a143,a152,1,a172,1,a191,a201
431,a12,high,a32,a410,vhigh,a61,a73,2,a93,a102,3,a123,medium,a141,a152,2,a174,1,a192,a201
432,a11,low,a34,a42,medium,a61,a71,4,a93,a101,4,a124,high,a143,a153,3,a174,1,a192,a201
433,a14,high,a34,a45,medium,a61,a73,4,a91,a101,2,a121,medium,a143,a152,2,a173,1,a192,a201
434,a11,low,a32,a42,medium,a61,a73,3,a93,a101,2,a121,low,a143,a152,1,a173,1,a191,a201
435,a12,low,a32,a43,medium,a65,a73,2,a94,a101,1,a121,low,a143,a152,1,a173,1,a192,a201
436,a14,low,a32,a45,low,a63,a74,2,a94,a101,4,a121,low,a143,a151,1,a172,1,a191,a201
437,a14,high,a34,a40,low,a64,a75,4,a92,a101,4,a121,high,a143,a152,2,a173,1,a192,a201
438,a11,vhigh,a34,a45,high,a61,a71,4,a93,a102,4,a123,vhigh,a143,a152,2,a171,1,a191,a201
439,a13,low,a31,a49,low,a61,a72,4,a92,a101,1,a121,low,a143,a152,1,a171,1,a191,a201
440,a14,low,a32,a40,medium,a61,a75,4,a93,a101,4,a123,high,a143,a152,1,a174,1,a192,a201
441,a11,low,a32,a42,medium,a61,a73,2,a92,a102,3,a122,medium,a143,a152,1,a173,1,a191,a201
442,a12,high,a33,a410,high,a61,a73,2,a93,a101,3,a123,medium,a141,a152,2,a173,1,a192,a201
443,a14,low,a32,a46,low,a61,a75,4,a93,a101,4,a123,high,a141,a152,1,a172,2,a191,a201
444,a12,vhigh,a34,a42,vhigh,a61,a73,2,a92,a101,3,a123,medium,a143,a152,1,a174,1,a192,a201
445,a14,low,a34,a46,low,a65,a75,4,a92,a101,4,a122,high,a143,a151,2,a172,1,a191,a201
446,a11,vhigh,a32,a40,medium,a61,a72,4,a92,a101,4,a123,high,a143,a152,1,a173,1,a192,a201
447,a12,low,a32,a43,high,a61,a73,2,a93,a103,2,a121,high,a143,a152,1,a173,1,a191,a201
448,a13,low,a32,a42,medium,a65,a75,3,a92,a101,4,a121,vhigh,a143,a152,1,a174,1,a192,a201
449,a12,medium,a33,a45,medium,a64,a73,3,a94,a101,3,a122,vhigh,a142,a152,2,a173,1,a191,a201
450,a14,vhigh,a34,a41,vhigh,a65,a73,4,a93,a101,2,a123,medium,a143,a152,1,a174,1,a192,a201
451,a14,low,a32,a43,low,a61,a73,3,a92,a101,1,a121,medium,a143,a152,1,a173,1,a191,a201
452,a14,low,a30,a42,high,a61,a75,2,a93,a101,4,a122,high,a143,a152,2,a173,1,a191,a201
453,a14,high,a32,a41,high,a61,a75,4,a93,a101,4,a123,high,a143,a152,1,a174,1,a192,a201
454,a11,high,a32,a40,vhigh,a61,a74,2,a93,a102,3,a122,medium,a143,a152,1,a173,1,a192,a201
455,a14,high,a32,a41,high,a61,a72,4,a92,a101,1,a124,medium,a143,a152,1,a174,1,a192,a201
456,a11,low,a34,a40,high,a61,a73,2,a93,a101,2,a121,high,a143,a151,2,a173,2,a191,a201
457,a11,low,a32,a41,high,a61,a75,3,a93,a101,4,a124,high,a143,a153,1,a173,1,a192,a201
458,a11,low,a32,a44,low,a61,a72,4,a92,a101,1,a121,medium,a143,a152,1,a173,1,a191,a201
459,a14,medium,a32,a43,vhigh,a61,a72,3,a93,a101,2,a123,medium,a143,a152,1,a173,1,a192,a201
460,a11,vhigh,a32,a42,high,a61,a73,1,a93,a103,2,a122,high,a143,a152,1,a173,2,a191,a201
461,a11,medium,a32,a40,medium,a61,a72,2,a93,a101,3,a121,high,a143,a152,1,a173,1,a191,a201
462,a12,low,a32,a42,high,a61,a72,3,a92,a101,1,a121,high,a143,a151,1,a174,1,a191,a201
463,a12,low,a32,a48,low,a65,a75,4,a93,a101,4,a122,high,a143,a152,2,a173,1,a191,a201
464,a14,medium,a32,a49,medium,a61,a74,4,a93,a101,1,a123,high,a142,a152,2,a173,1,a192,a201
465,a11,high,a32,a41,high,a61,a73,3,a93,a103,4,a124,vhigh,a141,a152,1,a173,2,a192,a201
466,a11,high,a33,a43,medium,a61,a72,4,a92,a101,2,a123,medium,a143,a151,1,a172,1,a192,a201
467,a14,vhigh,a33,a43,vhigh,a65,a75,3,a93,a101,3,a123,medium,a141,a152,2,a173,2,a191,a201
468,a14,vhigh,a33,a49,high,a61,a73,2,a92,a101,2,a123,low,a143,a152,2,a173,1,a192,a201
469,a14,high,a33,a41,vhigh,a61,a74,3,a93,a101,3,a123,high,a143,a152,2,a172,1,a192,a201
470,a12,high,a32,a43,high,a62,a72,3,a94,a101,2,a123,low,a143,a151,1,a173,1,a192,a201
471,a11,low,a32,a46,low,a61,a72,4,a92,a101,4,a122,low,a143,a152,1,a173,1,a191,a201
472,a11,low,a32,a40,low,a61,a73,4,a93,a101,3,a123,medium,a143,a152,1,a172,1,a191,a201
473,a14,low,a32,a48,low,a65,a71,4,a93,a101,4,a122,high,a143,a152,1,a174,2,a192,a201
474,a12,medium,a34,a43,low,a61,a73,4,a94,a101,2,a123,medium,a143,a152,1,a173,1,a191,a201
475,a11,medium,a30,a42,high,a61,a72,1,a92,a101,4,a122,low,a143,a151,1,a173,1,a191,a201
476,a14,vhigh,a32,a41,high,a63,a73,4,a93,a101,4,a123,low,a143,a152,1,a173,1,a191,a201
477,a13,high,a32,a43,vhigh,a61,a74,4,a93,a101,2,a123,low,a141,a152,1,a173,1,a191,a201
478,a12,low,a32,a49,low,a62,a74,3,a93,a101,4,a121,high,a143,a152,1,a172,1,a191,a201
479,a11,medium,a34,a42,medium,a61,a75,4,a93,a101,4,a123,vhigh,a143,a152,2,a173,2,a192,a201
480,a12,low,a34,a43,high,a61,a73,1,a92,a101,1,a121,low,a143,a152,1,a172,1,a191,a201
481,a12,high,a32,a40,low,a61,a72,4,a93,a101,1,a122,low,a143,a152,1,a173,1,a191,a201
482,a11,vhigh,a32,a42,high,a64,a75,4,a92,a101,4,a122,vhigh,a143,a151,2,a173,1,a192,a201
483,a14,medium,a33,a42,low,a64,a74,3,a92,a101,2,a122,medium,a143,a152,2,a173,1,a191,a201
484,a14,low,a34,a40,low,a63,a73,4,a93,a101,4,a121,vhigh,a143,a152,1,a173,1,a192,a201
485,a12,low,a33,a40,low,a61,a71,4,a93,a101,4,a122,vhigh,a143,a152,1,a174,1,a192,a201
486,a14,low,a32,a43,high,a61,a73,2,a93,a101,4,a123,vhigh,a143,a152,1,a173,1,a192,a201
487,a14,high,a32,a40,high,a61,a75,4,a92,a102,4,a124,vhigh,a143,a153,1,a173,1,a192,a201
488,a14,low,a32,a40,medium,a62,a73,3,a93,a101,2,a121,high,a143,a151,1,a172,1,a191,a202
489,a14,low,a32,a40,high,a61,a73,2,a93,a103,3,a122,low,a143,a151,1,a173,1,a191,a201
490,a14,low,a34,a43,medium,a61,a75,2,a93,a101,2,a124,low,a143,a152,2,a173,1,a191,a201
491,a12,vhigh,a30,a49,vhigh,a61,a75,2,a92,a101,4,a124,high,a143,a153,2,a174,1,a192,a201
492,a14,low,a34,a43,low,a62,a73,1,a92,a101,1,a122,medium,a143,a152,2,a173,1,a191,a201
493,a12,low,a32,a43,low,a65,a75,4,a93,a101,4,a122,high,a143,a152,1,a173,1,a191,a201
494,a11,low,a34,a40,medium,a61,a73,3,a93,a101,2,a121,high,a143,a151,2,a172,2,a191,a202
495,a11,high,a32,a42,high,a65,a73,2,a94,a101,4,a123,low,a143,a152,1,a173,1,a191,a201
496,a12,vhigh,a32,a42,vhigh,a62,a72,4,a93,a102,1,a124,medium,a143,a151,1,a174,1,a192,a201
497,a14,high,a34,a42,medium,a61,a74,4,a93,a101,3,a122,high,a143,a152,2,a173,1,a191,a201
498,a12,medium,a32,a43,low,a61,a75,4,a94,a103,2,a121,medium,a143,a152,1,a172,1,a191,a201
499,a13,low,a34,a40,low,a62,a75,2,a91,a101,4,a123,medium,a143,a152,2,a173,2,a192,a201
500,a11,high,a32,a40,high,a61,a72,4,a92,a101,1,a122,medium,a143,a152,1,a173,1,a191,a201
501,a11,vhigh,a32,a41,vhigh,a61,a75,2,a93,a101,4,a124,high,a143,a153,1,a173,2,a191,a201
502,a13,low,a32,a43,low,a62,a75,2,a91,a101,4,a121,vhigh,a143,a152,1,a173,1,a191,a201
503,a12,high,a34,a43,low,a62,a72,4,a93,a101,4,a124,high,a141,a152,2,a173,2,a191,a201
504,a11,high,a32,a40,low,a61,a72,4,a92,a101,4,a122,low,a143,a151,1,a173,1,a191,a201
505,a14,low,a32,a40,low,a65,a73,4,a93,a103,4,a122,medium,a143,a152,1,a172,1,a191,a201
506,a13,medium,a34,a41,high,a63,a73,2,a93,a101,2,a123,high,a143,a152,1,a173,1,a192,a201
507,a12,medium,a31,a40,vhigh,a62,a71,1,a93,a101,2,a122,high,a143,a152,1,a174,2,a192,a201
508,a14,high,a32,a43,medium,a61,a73,4,a94,a101,2,a122,medium,a143,a152,1,a173,1,a191,a201
509,a14,vhigh,a32,a41,vhigh,a62,a75,4,a93,a101,2,a123,vhigh,a143,a152,1,a174,1,a192,a201
510,a11,low,a32,a40,low,a61,a74,4,a93,a101,2,a121,low,a143,a152,1,a173,1,a191,a201
511,a14,vhigh,a32,a41,vhigh,a61,a73,2,a93,a101,2,a124,medium,a143,a153,1,a174,1,a192,a201
512,a13,medium,a32,a49,high,a61,a74,2,a93,a101,4,a122,low,a143,a151,1,a173,1,a192,a201
513,a12,low,a33,a43,low,a61,a73,4,a94,a102,4,a121,low,a143,a151,2,a173,1,a191,a201
514,a14,high,a32,a40,medium,a65,a72,4,a93,a101,1,a122,vhigh,a143,a152,1,a173,1,a191,a201
515,a11,low,a34,a40,low,a61,a74,4,a92,a101,3,a122,high,a143,a152,2,a173,1,a191,a202
516,a11,low,a34,a40,low,a61,a72,2,a93,a101,4,a121,high,a143,a152,1,a172,2,a191,a202
517,a14,vhigh,a34,a42,vhigh,a61,a72,2,a92,a101,4,a122,low,a143,a151,2,a173,1,a192,a201
518,a11,low,a32,a40,low,a62,a75,3,a93,a101,2,a122,vhigh,a143,a152,1,a173,1,a192,a201
519,a14,low,a34,a43,low,a65,a75,4,a93,a101,4,a124,high,a143,a153,2,a173,1,a191,a201
520,a14,high,a34,a45,vhigh,a61,a75,3,a93,a101,4,a124,vhigh,a143,a153,2,a173,1,a191,a201
521,a11,medium,a32,a43,high,a61,a73,2,a92,a101,2,a121,low,a143,a152,1,a173,1,a191,a201
522,a11,vhigh,a30,a42,vhigh,a61,a73,3,a93,a101,4,a124,vhigh,a143,a153,2,a173,2,a191,a201
523,a14,high,a32,a41,high,a62,a74,3,a92,a101,4,a123,low,a143,a152,1,a173,1,a191,a201
524,a12,medium,a32,a43,low,a61,a73,4,a92,a103,4,a121,low,a143,a152,1,a172,2,a191,a201
525,a12,vhigh,a32,a41,vhigh,a61,a72,2,a93,a101,3,a123,medium,a143,a152,2,a173,1,a191,a201
526,a14,medium,a34,a46,medium,a62,a73,4,a92,a101,3,a123,medium,a143,a152,1,a173,1,a191,a201
527,a14,low,a34,a43,medium,a61,a74,2,a93,a101,1,a121,high,a143,a152,2,a172,2,a191,a201
528,a11,vhigh,a32,a43,medium,a61,a73,4,a91,a101,4,a123,medium,a143,a151,1,a173,1,a191,a201
529,a11,low,a32,a40,low,a61,a72,3,a93,a101,4,a121,high,a143,a152,1,a172,2,a192,a201
530,a12,vhigh,a32,a46,medium,a61,a74,3,a93,a101,1,a123,medium,a143,a152,2,a173,2,a191,a201
531,a12,medium,a32,a40,high,a62,a73,2,a92,a101,4,a123,medium,a143,a151,2,a173,1,a192,a201
532,a14,low,a33,a41,medium,a61,a73,4,a94,a101,4,a121,high,a143,a151,1,a173,1,a191,a201
533,a14,high,a32,a43,low,a62,a74,4,a94,a101,3,a122,low,a143,a152,1,a173,1,a192,a201
534,a14,high,a32,a43,high,a65,a72,4,a93,a101,2,a123,low,a143,a152,2,a173,1,a191,a201
535,a13,high,a34,a46,medium,a61,a72,2,a91,a101,1,a123,medium,a143,a151,1,a173,1,a191,a201
536,a11,low,a32,a40,medium,a65,a71,4,a92,a101,3,a122,vhigh,a143,a152,1,a174,1,a192,a201
537,a12,medium,a34,a42,high,a61,a75,3,a92,a101,4,a122,high,a143,a152,1,a173,1,a192,a201
538,a11,vhigh,a32,a40,vhigh,a61,a75,4,a93,a101,4,a124,high,a141,a153,1,a174,1,a191,a201
539,a13,medium,a32,a42,high,a61,a72,1,a92,a101,1,a122,vhigh,a142,a152,1,a172,1,a191,a201
540,a12,low,a32,a43,medium,a61,a72,1,a94,a101,1,a121,low,a143,a151,1,a173,1,a191,a201
541,a14,high,a33,a40,medium,a61,a75,4,a93,a101,4,a124,vhigh,a143,a153,2,a173,1,a192,a201
542,a11,vhigh,a32,a42,vhigh,a65,a75,4,a93,a101,4,a122,medium,a143,a152,1,a173,1,a191,a201
543,a13,medium,a32,a42,high,a61,a73,2,a93,a101,1,a121,high,a143,a152,1,a172,2,a191,a201
544,a14,low,a34,a40,low,a61,a75,4,a93,a101,4,a121,vhigh,a143,a152,2,a172,1,a191,a201
545,a11,high,a33,a40,low,a61,a71,4,a93,a101,2,a121,vhigh,a143,a153,2,a173,2,a191,a201
546,a14,high,a34,a40,medium,a61,a73,4,a92,a101,4,a123,high,a143,a152,1,a173,1,a192,a201
547,a14,high,a32,a43,medium,a61,a74,3,a93,a101,1,a123,medium,a141,a152,1,a173,2,a191,a201
548,a11,low,a31,a43,low,a61,a73,4,a92,a101,4,a121,low,a141,a152,1,a172,1,a191,a201
549,a14,vhigh,a34,a41,vhigh,a65,a74,2,a93,a101,1,a124,high,a143,a153,2,a173,1,a192,a201
550,a14,low,a34,a45,low,a65,a74,4,a92,a101,4,a121,low,a143,a152,2,a173,1,a191,a201
551,a14,low,a31,a43,medium,a63,a75,2,a93,a101,4,a122,vhigh,a141,a152,1,a172,2,a191,a201
552,a11,vhigh,a32,a43,vhigh,a61,a74,1,a94,a103,1,a121,high,a143,a152,2,a173,1,a192,a201
553,a12,low,a34,a40,medium,a62,a72,4,a93,a101,1,a123,medium,a143,a152,1,a173,1,a191,a201
554,a12,low,a32,a46,low,a61,a74,4,a92,a101,4,a122,vhigh,a143,a152,2,a174,1,a192,a201
555,a12,low,a32,a43,low,a61,a72,2,a93,a101,1,a123,low,a142,a152,1,a173,1,a191,a201
556,a12,medium,a30,a40,medium,a62,a72,3,a92,a101,3,a123,medium,a143,a152,2,a173,1,a191,a201
557,a14,high,a30,a40,vhigh,a65,a73,1,a92,a101,4,a122,medium,a141,a152,2,a173,1,a192,a201
558,a11,high,a31,a42,high,a61,a74,3,a93,a101,4,a123,medium,a141,a152,1,a173,1,a191,a201
559,a12,medium,a34,a42,medium,a61,a72,2,a93,a101,2,a121,medium,a143,a152,2,a172,1,a191,a201
560,a11,high,a32,a41,high,a65,a75,4,a93,a101,4,a124,vhigh,a141,a153,1,a173,2,a192,a201
561,a11,high,a31,a43,medium,a61,a74,4,a93,a103,4,a123,low,a141,a151,1,a172,1,a191,a201
562,a13,low,a33,a43,low,a61,a72,2,a92,a101,1,a122,medium,a141,a152,1,a173,1,a191,a201
563,a12,vhigh,a32,a40,vhigh,a65,a73,1,a93,a101,4,a124,high,a143,a153,1,a173,1,a192,a201
564,a12,high,a33,a49,vhigh,a65,a73,4,a93,a101,2,a122,high,a141,a152,2,a174,1,a192,a201
565,a12,high,a33,a43,medium,a62,a74,3,a92,a101,2,a122,low,a143,a151,2,a173,1,a192,a201
566,a11,low,a32,a40,medium,a61,a74,2,a91,a101,3,a123,high,a143,a152,1,a173,1,a191,a201
567,a14,high,a34,a43,high,a64,a75,2,a93,a101,2,a123,high,a143,a152,1,a173,1,a191,a201
568,a12,vhigh,a32,a43,vhigh,a65,a74,4,a93,a101,1,a123,high,a143,a152,2,a173,2,a192,a201
569,a11,vhigh,a32,a43,vhigh,a61,a73,3,a92,a101,2,a123,medium,a143,a152,1,a173,1,a192,a201
570,a11,high,a32,a42,high,a61,a72,4,a92,a101,4,a121,low,a143,a151,1,a172,1,a192,a201
571,a14,vhigh,a34,a43,vhigh,a61,a74,3,a93,a102,2,a123,high,a143,a152,1,a173,1,a191,a201
572,a14,high,a32,a41,vhigh,a65,a71,2,a92,a101,4,a122,low,a143,a151,1,a174,1,a192,a201
573,a11,medium,a32,a49,low,a61,a73,4,a92,a101,4,a122,low,a143,a152,1,a172,1,a191,a201
574,a12,low,a32,a43,low,a61,a75,4,a93,a101,4,a123,medium,a143,a152,2,a172,1,a191,a201
575,a14,medium,a34,a42,high,a61,a74,2,a92,a102,3,a123,low,a141,a152,2,a173,1,a191,a201
576,a12,low,a32,a43,high,a61,a74,2,a92,a101,1,a121,medium,a143,a152,1,a173,1,a191,a201
577,a14,high,a34,a46,medium,a65,a73,3,a92,a101,2,a123,medium,a143,a152,2,a173,1,a192,a201
578,a12,vhigh,a34,a40,high,a61,a72,4,a91,a101,4,a123,medium,a143,a152,2,a173,1,a191,a201
579,a14,high,a32,a48,low,a61,a72,4,a94,a101,3,a123,medium,a143,a152,2,a172,1,a191,a201
580,a12,medium,a34,a40,low,a61,a75,3,a93,a103,3,a121,medium,a141,a152,2,a173,1,a191,a201
581,a12,low,a34,a40,high,a61,a72,1,a93,a101,3,a121,vhigh,a141,a152,2,a172,2,a191,a201
582,a14,low,a32,a42,medium,a61,a73,4,a92,a101,2,a121,low,a143,a151,1,a173,1,a191,a201
583,a12,vhigh,a32,a45,high,a61,a72,4,a93,a101,1,a124,medium,a143,a151,1,a172,1,a191,a201
584,a14,low,a32,a40,medium,a65,a75,4,a92,a101,4,a124,vhigh,a143,a153,1,a174,1,a192,a201
585,a11,medium,a32,a42,medium,a61,a73,1,a92,a101,4,a121,low,a141,a151,1,a173,1,a191,a201
586,a11,low,a32,a42,low,a61,a73,4,a93,a103,1,a122,low,a143,a152,1,a172,1,a191,a201
587,a11,medium,a32,a44,low,a61,a73,4,a94,a101,3,a121,vhigh,a143,a152,1,a172,1,a192,a201
588,a11,low,a34,a42,medium,a61,a75,3,a93,a101,3,a122,vhigh,a143,a152,2,a173,1,a191,a201
589,a11,low,a34,a43,low,a61,a74,4,a92,a101,3,a121,vhigh,a143,a152,4,a172,1,a192,a201
590,a12,high,a33,a40,medium,a65,a73,4,a92,a101,4,a123,high,a143,a151,2,a173,1,a192,a201
591,a14,high,a32,a49,medium,a64,a75,4,a92,a101,4,a121,high,a141,a152,1,a172,1,a191,a201
592,a12,high,a32,a40,high,a61,a73,3,a92,a101,4,a122,low,a143,a151,1,a172,1,a192,a201
593,a11,high,a31,a410,low,a65,a75,4,a93,a101,3,a123,high,a142,a152,1,a174,1,a192,a201
594,a12,low,a31,a40,low,a62,a72,1,a92,a101,1,a122,medium,a142,a152,1,a172,1,a191,a201
595,a11,high,a32,a40,medium,a61,a74,4,a92,a101,4,a123,low,a143,a151,2,a173,1,a191,a201
596,a12,high,a30,a49,vhigh,a61,a73,1,a93,a101,4,a121,high,a143,a152,3,a172,1,a192,a201
597,a14,medium,a34,a40,high,a61,a74,2,a93,a101,2,a122,medium,a141,a152,2,a173,1,a191,a201
598,a14,high,a33,a49,high,a61,a73,1,a93,a101,2,a124,medium,a143,a153,1,a173,1,a191,a201
599,a12,low,a32,a43,high,a61,a72,1,a92,a103,1,a121,vhigh,a143,a152,1,a173,1,a191,a201
600,a12,low,a32,a42,low,a61,a73,4,a92,a101,1,a122,medium,a143,a152,1,a173,1,a191,a201
601,a12,high,a31,a46,medium,a61,a74,4,a92,a101,4,a124,high,a141,a153,1,a172,1,a191,a201
602,a14,vhigh,a32,a42,high,a61,a73,4,a92,a101,2,a123,medium,a143,a152,1,a174,1,a192,a201
603,a13,low,a32,a42,low,a61,a72,4,a92,a101,2,a122,low,a143,a152,1,a173,1,a191,a201
604,a11,high,a31,a42,high,a63,a73,4,a93,a101,4,a121,low,a142,a152,1,a173,1,a192,a201
605,a14,high,a34,a49,vhigh,a61,a73,3,a93,a101,2,a121,vhigh,a143,a152,1,a174,1,a192,a201
606,a12,vhigh,a32,a43,high,a62,a73,4,a92,a102,4,a124,vhigh,a143,a153,1,a173,1,a191,a201
607,a14,medium,a32,a43,medium,a61,a72,4,a93,a101,1,a121,medium,a143,a152,1,a173,1,a191,a201
608,a14,medium,a32,a41,low,a65,a75,4,a93,a101,4,a124,vhigh,a141,a153,1,a173,2,a191,a201
609,a11,low,a32,a44,low,a62,a71,4,a92,a101,3,a122,low,a143,a152,1,a173,1,a191,a201
610,a13,low,a32,a40,low,a62,a75,1,a92,a101,4,a124,vhigh,a143,a153,1,a172,2,a191,a201
611,a11,high,a32,a43,high,a64,a72,4,a92,a101,2,a123,medium,a141,a152,1,a173,1,a191,a201
612,a11,high,a31,a41,high,a61,a73,1,a92,a103,4,a123,low,a141,a151,1,a173,1,a191,a202
613,a14,medium,a33,a42,medium,a61,a74,4,a92,a101,1,a121,low,a143,a152,1,a173,1,a191,a201
614,a12,vhigh,a30,a49,vhigh,a65,a73,2,a93,a101,2,a123,vhigh,a141,a152,1,a174,1,a192,a201
615,a12,vhigh,a33,a43,vhigh,a65,a73,2,a93,a101,2,a124,medium,a143,a153,1,a174,1,a191,a201
616,a11,low,a34,a40,high,a61,a73,1,a93,a101,3,a121,high,a143,a151,3,a173,2,a191,a201
617,a12,vhigh,a32,a42,high,a62,a73,2,a92,a102,4,a123,low,a143,a151,1,a173,1,a191,a201
618,a14,low,a32,a40,low,a61,a73,4,a91,a101,2,a121,vhigh,a143,a152,1,a172,1,a191,a201
619,a12,high,a34,a49,high,a61,a74,2,a93,a101,3,a122,medium,a143,a152,2,a173,1,a191,a201
620,a14,medium,a34,a40,medium,a61,a73,3,a93,a101,2,a122,medium,a141,a152,2,a173,1,a191,a201
621,a14,vhigh,a32,a49,high,a65,a73,4,a91,a101,2,a121,high,a141,a152,1,a173,1,a191,a201
622,a11,low,a32,a42,medium,a61,a72,4,a92,a101,1,a123,low,a143,a151,1,a173,1,a191,a201
623,a11,medium,a32,a43,high,a61,a73,4,a93,a101,4,a124,vhigh,a143,a153,2,a173,1,a191,a201
624,a14,medium,a32,a43,medium,a65,a75,4,a93,a101,2,a123,high,a143,a152,1,a173,1,a191,a201
625,a13,low,a32,a42,medium,a61,a73,2,a93,a101,2,a121,high,a143,a152,1,a173,1,a192,a201
626,a12,low,a31,a40,medium,a62,a74,2,a93,a101,3,a124,medium,a143,a152,1,a173,1,a191,a201
627,a14,vhigh,a34,a42,vhigh,a63,a73,4,a93,a101,4,a121,high,a143,a152,2,a173,1,a192,a201
628,a14,low,a32,a46,high,a65,a75,1,a93,a101,4,a121,vhigh,a143,a152,1,a172,1,a191,a201
629,a11,high,a32,a43,high,a61,a73,2,a92,a101,4,a123,medium,a143,a152,1,a173,1,a191,a201
630,a11,medium,a31,a42,medium,a61,a73,4,a93,a101,3,a123,vhigh,a141,a152,1,a173,1,a191,a201
631,a12,medium,a32,a43,medium,a65,a72,4,a93,a101,1,a122,low,a143,a152,1,a173,1,a191,a201
632,a14,low,a32,a42,medium,a61,a72,2,a92,a102,2,a123,low,a143,a151,2,a173,1,a191,a201
633,a12,high,a32,a40,low,a61,a72,3,a92,a101,4,a123,low,a143,a152,1,a172,1,a192,a201
634,a14,low,a32,a46,medium,a61,a75,4,a93,a101,4,a122,vhigh,a141,a152,3,a173,2,a192,a201
635,a14,high,a32,a43,medium,a63,a74,4,a92,a101,1,a123,medium,a143,a152,1,a173,1,a191,a201
636,a14,vhigh,a33,a43,vhigh,a61,a74,2,a93,a101,4,a123,low,a143,a152,2,a173,1,a192,a201
637,a14,low,a32,a43,medium,a61,a72,4,a92,a101,3,a123,high,a143,a152,1,a173,2,a191,a201
638,a11,vhigh,a33,a43,vhigh,a61,a74,3,a93,a101,2,a122,low,a141,a152,2,a173,2,a192,a201
639,a11,medium,a32,a46,low,a61,a71,4,a92,a101,1,a121,medium,a143,a152,1,a171,1,a191,a201
640,a12,medium,a32,a45,low,a61,a75,4,a93,a101,4,a123,high,a143,a152,2,a172,1,a191,a201
641,a14,medium,a32,a46,vhigh,a62,a73,3,a93,a101,2,a122,high,a143,a152,1,a174,1,a192,a201
642,a14,high,a34,a43,medium,a61,a74,4,a94,a103,2,a123,medium,a143,a152,2,a173,1,a192,a201
643,a11,medium,a34,a43,medium,a61,a74,4,a94,a101,1,a122,medium,a143,a152,2,a174,1,a192,a201
644,a14,vhigh,a33,a49,vhigh,a65,a72,4,a93,a101,4,a123,medium,a143,a151,2,a173,1,a192,a201
645,a11,vhigh,a30,a42,vhigh,a61,a73,2,a91,a103,2,a121,medium,a143,a152,2,a173,1,a191,a201
646,a14,low,a32,a40,medium,a63,a73,2,a92,a101,2,a122,low,a143,a152,1,a173,1,a191,a201
647,a13,high,a32,a40,low,a61,a74,4,a93,a101,3,a124,high,a141,a153,1,a173,2,a191,a201
648,a11,low,a32,a46,low,a61,a73,4,a93,a101,4,a123,high,a143,a151,1,a172,2,a191,a201
649,a11,vhigh,a32,a46,vhigh,a61,a74,4,a93,a101,1,a124,vhigh,a143,a153,1,a174,1,a192,a201
650,a12,low,a32,a42,medium,a61,a73,4,a93,a101,2,a122,high,a143,a152,1,a172,1,a191,a201
651,a11,high,a32,a40,medium,a61,a75,4,a93,a102,1,a121,vhigh,a143,a152,1,a173,1,a191,a201
652,a12,vhigh,a33,a40,vhigh,a62,a75,2,a93,a101,4,a123,high,a143,a152,4,a174,1,a192,a201
653,a14,high,a34,a41,high,a61,a74,4,a93,a101,3,a123,high,a143,a152,2,a173,1,a192,a201
654,a11,medium,a32,a40,vhigh,a61,a71,1,a93,a101,4,a124,low,a143,a153,1,a173,1,a191,a201
655,a12,low,a32,a40,low,a61,a75,4,a93,a101,4,a123,high,a141,a152,1,a172,2,a191,a201
656,a14,vhigh,a32,a43,vhigh,a65,a74,4,a93,a101,3,a123,high,a142,a152,1,a173,1,a192,a201
657,a12,vhigh,a30,a49,vhigh,a61,a73,2,a92,a101,1,a123,medium,a143,a152,2,a173,1,a191,a201
658,a12,medium,a34,a42,vhigh,a61,a75,2,a93,a101,1,a124,high,a143,a152,1,a173,1,a192,a201
659,a13,low,a32,a43,low,a61,a73,3,a94,a101,4,a121,low,a143,a151,1,a173,1,a191,a201
660,a11,low,a32,a40,low,a65,a73,4,a94,a101,2,a123,low,a143,a152,1,a173,1,a191,a201
661,a14,high,a32,a42,medium,a61,a75,4,a93,a101,2,a121,vhigh,a143,a152,2,a173,1,a191,a201
662,a12,low,a33,a42,low,a61,a71,4,a93,a101,1,a122,high,a142,a152,2,a174,1,a192,a201
663,a13,low,a34,a46,low,a61,a73,2,a92,a101,4,a122,vhigh,a143,a152,1,a172,1,a191,a201
664,a14,high,a34,a410,vhigh,a61,a71,4,a93,a102,2,a124,medium,a141,a152,2,a174,1,a192,a201
665,a12,vhigh,a31,a42,high,a64,a73,4,a93,a101,2,a123,high,a142,a152,1,a173,2,a192,a201
666,a14,vhigh,a31,a49,high,a61,a73,1,a92,a101,1,a121,medium,a142,a152,1,a173,1,a191,a201
667,a11,low,a34,a40,vhigh,a61,a75,3,a93,a102,4,a122,vhigh,a143,a151,2,a173,1,a192,a201
668,a13,vhigh,a34,a43,high,a61,a75,4,a93,a101,4,a122,vhigh,a143,a152,1,a173,1,a191,a201
669,a14,high,a34,a49,vhigh,a62,a73,3,a93,a101,3,a122,medium,a143,a152,2,a172,1,a192,a201
670,a14,vhigh,a32,a49,vhigh,a62,a74,2,a93,a101,2,a123,medium,a143,a152,2,a173,1,a192,a201
671,a14,vhigh,a32,a40,vhigh,a61,a75,2,a93,a101,4,a122,high,a143,a152,1,a174,1,a192,a201
672,a14,low,a34,a40,medium,a63,a73,1,a94,a101,2,a123,low,a143,a152,1,a173,1,a191,a201
673,a14,high,a33,a49,high,a63,a72,4,a93,a101,2,a121,high,a141,a152,1,a172,2,a191,a201
674,a14,vhigh,a34,a43,vhigh,a61,a74,4,a92,a101,4,a123,low,a143,a151,1,a174,1,a192,a201
675,a14,high,a34,a42,vhigh,a61,a75,4,a93,a101,4,a123,medium,a143,a152,1,a173,1,a192,a201
676,a12,vhigh,a32,a43,vhigh,a62,a73,2,a94,a101,2,a123,low,a143,a152,1,a173,1,a191,a201
677,a11,high,a32,a43,high,a61,a75,4,a93,a101,4,a121,vhigh,a141,a151,1,a172,1,a191,a201
678,a14,medium,a32,a43,medium,a61,a72,3,a92,a101,1,a121,low,a143,a152,1,a173,1,a191,a201
679,a14,low,a32,a46,medium,a61,a72,1,a92,a101,2,a124,vhigh,a143,a152,1,a173,1,a191,a201
680,a14,low,a32,a43,medium,a65,a73,4,a93,a101,4,a124,high,a143,a153,1,a173,1,a192,a201
681,a14,medium,a33,a43,medium,a61,a73,4,a94,a101,3,a121,medium,a141,a152,2,a173,1,a191,a201
682,a14,high,a34,a43,vhigh,a61,a72,3,a94,a101,3,a124,vhigh,a143,a153,3,a173,1,a192,a201
683,a12,vhigh,a33,a49,vhigh,a62,a74,1,a93,a101,3,a122,medium,a143,a152,2,a172,2,a192,a201
684,a14,vhigh,a32,a40,vhigh,a65,a73,4,a93,a101,4,a124,high,a143,a153,1,a173,2,a192,a201
685,a13,low,a34,a43,low,a65,a74,4,a93,a101,2,a122,medium,a143,a152,2,a173,1,a192,a201
686,a12,vhigh,a33,a40,high,a62,a75,4,a93,a101,3,a124,medium,a143,a153,1,a173,1,a191,a201
687,a14,low,a32,a43,high,a62,a75,3,a93,a102,4,a123,high,a143,a152,1,a173,1,a192,a201
688,a11,low,a32,a40,high,a64,a73,1,a93,a101,3,a122,medium,a143,a152,1,a173,2,a191,a201
689,a11,medium,a34,a42,low,a61,a73,2,a91,a101,3,a122,low,a143,a152,2,a173,1,a191,a201
690,a12,medium,a32,a45,high,a62,a73,3,a92,a101,2,a121,low,a143,a152,1,a172,1,a191,a201
691,a12,high,a32,a43,high,a62,a72,2,a93,a101,1,a123,medium,a143,a152,1,a173,1,a191,a201
692,a11,low,a34,a40,vhigh,a65,a72,1,a93,a101,3,a121,vhigh,a143,a152,2,a172,2,a191,a201
693,a14,high,a32,a43,medium,a61,a74,4,a93,a101,2,a123,medium,a143,a152,1,a173,1,a192,a201
694,a14,low,a32,a41,low,a63,a73,2,a93,a101,4,a122,vhigh,a143,a151,1,a173,1,a191,a201
695,a12,low,a32,a43,low,a61,a74,4,a93,a103,3,a121,medium,a143,a152,2,a173,1,a191,a202
696,a14,low,a34,a40,low,a61,a71,1,a92,a101,2,a122,high,a143,a152,1,a171,1,a191,a201
697,a14,medium,a34,a43,medium,a61,a73,4,a93,a101,2,a123,low,a143,a152,2,a173,1,a191,a201
698,a13,medium,a32,a46,medium,a61,a75,4,a93,a101,4,a123,high,a143,a151,1,a174,1,a192,a201
699,a14,low,a32,a42,low,a63,a73,4,a92,a101,4,a123,medium,a143,a151,1,a172,1,a191,a201
700,a11,vhigh,a34,a41,vhigh,a61,a75,4,a93,a101,4,a124,vhigh,a143,a153,2,a173,1,a192,a201
701,a13,high,a32,a43,medium,a62,a75,4,a92,a101,2,a124,vhigh,a143,a153,1,a173,1,a192,a201
702,a12,vhigh,a33,a49,high,a62,a75,4,a93,a101,2,a122,high,a142,a152,2,a173,1,a191,a201
703,a12,vhigh,a32,a49,high,a61,a72,4,a92,a101,1,a122,medium,a143,a152,1,a173,2,a192,a201
704,a14,medium,a32,a40,vhigh,a63,a75,1,a92,a101,4,a124,high,a143,a153,1,a173,1,a191,a201
705,a12,vhigh,a32,a40,vhigh,a62,a74,3,a93,a101,2,a122,low,a143,a152,1,a173,1,a191,a201
706,a12,low,a30,a42,high,a61,a72,4,a92,a101,3,a122,low,a143,a151,2,a173,1,a191,a201
707,a12,low,a32,a43,low,a61,a75,4,a92,a101,4,a121,low,a143,a152,1,a173,1,a191,a201
708,a12,low,a32,a43,medium,a61,a73,2,a93,a101,2,a121,high,a143,a152,1,a172,2,a191,a201
709,a14,medium,a34,a43,low,a63,a75,4,a93,a101,3,a122,medium,a141,a152,2,a174,1,a192,a201
710,a11,low,a31,a46,low,a61,a75,4,a92,a101,4,a124,high,a143,a153,1,a173,1,a191,a201
711,a14,high,a32,a41,high,a65,a75,4,a93,a101,4,a121,vhigh,a143,a152,1,a174,1,a192,a201
712,a11,low,a34,a43,low,a61,a73,4,a93,a101,4,a121,low,a143,a152,2,a172,1,a191,a201
713,a12,vhigh,a32,a40,vhigh,a61,a74,4,a93,a101,2,a124,medium,a143,a152,1,a174,1,a192,a201
714,a14,vhigh,a34,a41,vhigh,a65,a75,1,a93,a101,4,a123,vhigh,a143,a152,2,a173,1,a191,a201
715,a14,vhigh,a34,a43,high,a65,a75,3,a93,a101,2,a123,high,a143,a152,2,a173,2,a192,a201
716,a14,medium,a32,a43,medium,a61,a73,4,a93,a101,2,a124,medium,a143,a153,1,a174,1,a192,a201
717,a13,high,a34,a43,high,a65,a73,3,a93,a101,2,a123,medium,a143,a152,2,a173,1,a192,a201
718,a12,high,a30,a41,vhigh,a62,a75,3,a94,a101,4,a123,medium,a141,a152,2,a173,1,a192,a201
719,a13,low,a30,a43,low,a61,a72,4,a93,a101,2,a123,high,a143,a152,2,a174,1,a192,a201
720,a12,low,a31,a46,low,a64,a72,4,a92,a101,2,a122,low,a141,a151,1,a173,2,a191,a201
721,a11,low,a32,a40,low,a61,a73,4,a92,a101,2,a121,low,a143,a152,1,a172,1,a191,a201
722,a12,low,a32,a43,low,a63,a73,4,a92,a101,3,a121,vhigh,a143,a152,1,a172,1,a191,a201
723,a14,vhigh,a32,a40,high,a61,a73,3,a92,a101,3,a121,low,a143,a151,1,a173,1,a191,a201
724,a14,low,a34,a40,low,a64,a73,2,a92,a101,2,a121,high,a141,a152,2,a172,1,a191,a201
725,a14,medium,a34,a43,low,a63,a73,2,a94,a101,2,a122,vhigh,a143,a152,2,a172,1,a191,a201
726,a11,medium,a32,a43,medium,a61,a73,4,a92,a101,4,a123,low,a141,a151,2,a173,1,a191,a201
727,a12,vhigh,a31,a49,vhigh,a61,a75,4,a92,a101,3,a124,vhigh,a143,a151,1,a173,1,a191,a201
728,a13,high,a34,a49,low,a64,a73,2,a91,a101,4,a121,high,a143,a152,2,a173,1,a192,a201
729,a12,high,a33,a43,vhigh,a61,a72,1,a93,a101,2,a123,medium,a143,a152,1,a173,1,a191,a201
730,a11,high,a32,a43,medium,a61,a73,2,a93,a101,4,a121,low,a143,a151,1,a172,2,a191,a201
731,a12,low,a32,a43,low,a61,a74,4,a92,a103,2,a121,vhigh,a143,a152,1,a172,1,a191,a201
732,a14,high,a32,a41,high,a64,a73,2,a92,a101,4,a123,medium,a143,a151,1,a173,1,a192,a201
733,a14,low,a34,a40,high,a61,a74,1,a92,a101,1,a121,high,a143,a152,1,a173,2,a191,a201
734,a12,vhigh,a31,a44,vhigh,a65,a72,3,a92,a101,2,a124,medium,a141,a152,1,a171,1,a191,a201
735,a12,high,a32,a41,vhigh,a61,a73,1,a92,a101,4,a123,low,a143,a151,2,a174,1,a191,a201
736,a11,medium,a32,a40,vhigh,a62,a73,3,a93,a101,4,a123,high,a143,a152,1,a172,2,a192,a201
737,a14,low,a34,a40,vhigh,a61,a74,1,a93,a101,3,a124,vhigh,a143,a152,2,a174,2,a192,a201
738,a12,vhigh,a30,a49,vhigh,a62,a73,4,a92,a101,4,a123,low,a143,a151,2,a172,1,a191,a201
739,a11,high,a31,a40,high,a62,a74,2,a93,a101,3,a123,medium,a141,a152,1,a173,1,a191,a201
740,a12,low,a31,a43,low,a61,a73,4,a93,a101,4,a121,low,a142,a152,1,a172,1,a191,a201
741,a14,high,a32,a43,high,a65,a75,4,a93,a101,3,a122,high,a143,a152,1,a173,1,a192,a201
742,a11,vhigh,a34,a42,vhigh,a65,a74,4,a93,a101,4,a122,medium,a143,a152,2,a174,1,a192,a201
743,a11,medium,a34,a49,medium,a61,a72,3,a93,a101,1,a122,medium,a141,a152,2,a172,1,a191,a201
744,a11,medium,a32,a40,high,a61,a71,1,a92,a101,4,a123,low,a143,a151,1,a173,1,a191,a201
745,a11,low,a32,a40,low,a61,a72,3,a92,a101,1,a121,high,a143,a152,1,a172,1,a191,a201
746,a14,high,a32,a41,vhigh,a65,a73,1,a93,a101,3,a123,low,a143,a152,1,a173,1,a191,a201
747,a14,medium,a32,a41,high,a61,a74,2,a93,a101,2,a123,medium,a143,a152,1,a173,1,a191,a201
748,a11,low,a32,a42,low,a61,a75,2,a92,a101,1,a122,vhigh,a141,a152,1,a173,1,a192,a201
749,a11,medium,a32,a40,low,a61,a72,1,a92,a101,2,a123,low,a143,a152,1,a172,1,a191,a201
750,a12,low,a32,a49,low,a62,a74,2,a92,a101,4,a121,low,a143,a151,1,a172,1,a191,a201
751,a14,vhigh,a34,a43,vhigh,a61,a74,4,a92,a101,2,a123,low,a143,a152,2,a173,1,a191,a201
752,a14,low,a33,a45,medium,a64,a75,4,a93,a101,4,a124,vhigh,a143,a153,2,a173,2,a191,a201
753,a11,high,a32,a40,low,a65,a74,4,a92,a101,4,a124,medium,a143,a151,1,a173,1,a191,a201
754,a13,low,a34,a40,low,a61,a73,1,a93,a101,1,a121,vhigh,a143,a152,3,a171,2,a191,a202
755,a13,medium,a34,a43,low,a65,a73,3,a93,a101,4,a124,high,a143,a153,2,a173,1,a192,a201
756,a14,high,a32,a40,medium,a61,a73,2,a93,a103,2,a121,medium,a143,a152,1,a173,1,a192,a201
757,a11,low,a34,a40,low,a61,a75,4,a93,a101,3,a122,high,a143,a152,2,a173,1,a191,a201
758,a14,medium,a34,a40,vhigh,a65,a75,1,a92,a101,4,a123,vhigh,a143,a152,1,a173,1,a192,a201
759,a11,medium,a34,a42,medium,a61,a73,4,a92,a101,4,a121,low,a143,a151,2,a173,1,a191,a201
760,a11,low,a32,a43,medium,a61,a73,4,a93,a101,3,a122,low,a143,a152,1,a172,1,a191,a201
761,a14,high,a34,a40,vhigh,a65,a75,4,a93,a101,4,a124,medium,a143,a153,1,a174,1,a192,a201
762,a14,high,a34,a40,high,a62,a74,4,a94,a101,3,a122,medium,a143,a152,2,a173,1,a192,a201
763,a12,low,a32,a43,low,a61,a75,3,a94,a103,3,a121,high,a141,a152,2,a172,1,a191,a201
764,a11,vhigh,a32,a42,high,a61,a72,2,a91,a101,4,a122,medium,a143,a152,1,a172,1,a191,a201
765,a14,low,a32,a41,high,a65,a72,1,a92,a101,4,a121,medium,a143,a151,1,a173,1,a191,a201
766,a12,low,a34,a42,high,a61,a75,1,a93,a101,4,a123,medium,a143,a151,3,a173,1,a192,a201
767,a14,low,a34,a43,medium,a61,a75,2,a93,a101,4,a121,vhigh,a143,a152,2,a172,1,a192,a201
768,a11,high,a32,a41,high,a65,a75,2,a92,a101,4,a121,low,a143,a151,1,a173,1,a191,a201
769,a11,vhigh,a34,a46,vhigh,a61,a73,3,a92,a101,2,a124,low,a143,a152,2,a174,1,a192,a201
770,a14,high,a34,a41,high,a61,a75,1,a93,a101,4,a123,high,a143,a152,1,a174,1,a192,a201
771,a14,high,a34,a43,medium,a62,a75,4,a93,a101,4,a122,vhigh,a141,a152,2,a173,1,a191,a201
772,a13,low,a34,a40,medium,a63,a71,2,a93,a101,4,a124,vhigh,a141,a153,3,a171,1,a191,a201
773,a11,high,a32,a40,medium,a65,a73,4,a92,a101,4,a121,low,a143,a151,1,a173,1,a191,a201
774,a14,vhigh,a34,a40,high,a61,a74,4,a93,a101,4,a123,high,a143,a152,2,a173,1,a192,a201
775,a11,medium,a32,a43,high,a61,a74,4,a92,a103,1,a121,low,a143,a152,1,a173,1,a191,a201
776,a14,vhigh,a34,a41,vhigh,a64,a75,4,a93,a101,2,a123,high,a143,a152,2,a174,1,a192,a201
777,a12,medium,a32,a45,high,a61,a71,2,a92,a101,4,a123,vhigh,a143,a152,1,a173,1,a192,a201
778,a12,vhigh,a34,a43,vhigh,a61,a74,2,a93,a103,2,a121,low,a143,a152,2,a173,1,a191,a201
779,a14,high,a34,a40,medium,a64,a75,4,a93,a101,4,a121,vhigh,a143,a152,1,a173,1,a192,a201
780,a12,low,a30,a48,medium,a61,a73,2,a93,a101,2,a121,medium,a143,a152,1,a172,1,a192,a201
781,a12,low,a32,a40,low,a62,a72,4,a92,a101,2,a122,low,a141,a152,1,a172,1,a191,a201
782,a12,high,a32,a41,vhigh,a65,a71,1,a91,a101,4,a121,vhigh,a143,a152,1,a174,1,a192,a201
783,a12,medium,a32,a49,medium,a64,a73,4,a93,a101,2,a122,high,a143,a152,1,a172,1,a192,a201
784,a14,high,a32,a43,high,a63,a75,3,a93,a101,4,a123,high,a143,a152,1,a173,1,a191,a201
785,a14,vhigh,a34,a41,high,a65,a75,4,a93,a101,3,a123,high,a143,a152,2,a173,2,a192,a201
786,a12,vhigh,a33,a46,vhigh,a61,a75,4,a93,a101,4,a124,vhigh,a143,a153,1,a173,1,a191,a201
787,a11,vhigh,a34,a46,vhigh,a61,a73,4,a93,a101,3,a124,medium,a141,a152,1,a173,1,a192,a201
788,a12,high,a32,a49,low,a61,a75,2,a92,a101,4,a122,high,a143,a152,1,a173,2,a191,a201
789,a14,high,a32,a41,vhigh,a65,a75,3,a93,a101,4,a123,high,a143,a152,1,a174,2,a192,a201
790,a14,low,a34,a42,low,a65,a73,1,a94,a101,2,a122,medium,a143,a152,2,a173,1,a191,a201
791,a13,high,a32,a42,high,a61,a75,3,a91,a101,4,a124,vhigh,a143,a153,1,a173,1,a191,a201
792,a14,high,a32,a42,high,a63,a75,4,a93,a101,3,a124,medium,a143,a151,1,a173,1,a192,a201
793,a14,low,a32,a42,medium,a62,a72,2,a92,a101,4,a122,low,a143,a151,1,a173,1,a191,a201
794,a11,medium,a32,a41,vhigh,a65,a75,1,a93,a101,4,a122,vhigh,a143,a153,1,a173,2,a192,a201
795,a14,low,a34,a42,low,a61,a72,2,a92,a101,4,a122,low,a143,a151,2,a172,1,a191,a201
796,a14,high,a33,a40,low,a65,a75,4,a94,a101,4,a123,vhigh,a143,a152,2,a173,1,a192,a201
797,a12,low,a32,a40,medium,a65,a72,4,a93,a101,2,a121,high,a143,a152,1,a171,1,a191,a201
798,a14,high,a34,a46,medium,a61,a75,4,a93,a101,4,a124,vhigh,a143,a153,2,a173,2,a191,a201
799,a12,medium,a34,a43,medium,a61,a75,3,a92,a103,4,a121,vhigh,a141,a151,2,a172,1,a192,a201
800,a11,high,a34,a42,vhigh,a61,a75,1,a92,a101,4,a122,low,a143,a152,2,a173,1,a191,a201
801,a14,low,a34,a43,low,a65,a75,4,a93,a101,4,a123,high,a143,a152,2,a173,1,a191,a201
802,a12,low,a32,a40,vhigh,a65,a71,1,a92,a101,2,a121,low,a143,a151,1,a171,1,a191,a201
803,a11,vhigh,a32,a40,vhigh,a61,a74,2,a93,a101,1,a123,low,a143,a152,1,a173,1,a192,a201
804,a12,low,a32,a43,low,a61,a72,3,a94,a101,3,a121,low,a143,a152,1,a172,1,a191,a202
805,a14,low,a34,a43,low,a65,a75,4,a93,a101,4,a121,vhigh,a143,a152,4,a173,1,a191,a201
806,a12,vhigh,a31,a41,vhigh,a61,a71,1,a93,a101,2,a124,vhigh,a141,a153,1,a174,1,a192,a201
807,a12,medium,a30,a40,medium,a61,a72,2,a92,a101,1,a121,low,a143,a151,2,a171,1,a191,a201
808,a12,low,a32,a49,low,a61,a72,3,a94,a101,2,a121,low,a143,a152,1,a173,1,a192,a201
809,a12,low,a32,a43,low,a61,a74,3,a94,a103,3,a121,medium,a141,a152,1,a172,1,a191,a201
810,a11,vhigh,a34,a41,vhigh,a61,a74,4,a93,a101,4,a123,low,a143,a152,2,a173,1,a192,a201
811,a11,vhigh,a32,a44,high,a61,a73,3,a93,a101,4,a123,vhigh,a143,a152,1,a173,1,a191,a201
812,a11,vhigh,a32,a40,high,a61,a74,4,a93,a101,4,a124,vhigh,a143,a153,1,a173,2,a191,a201
813,a12,vhigh,a33,a40,vhigh,a61,a73,2,a92,a101,2,a122,vhigh,a143,a151,1,a173,1,a191,a201
814,a14,low,a32,a44,low,a63,a73,1,a91,a101,4,a121,vhigh,a143,a152,1,a173,1,a191,a201
815,a14,low,a34,a43,medium,a61,a74,1,a92,a101,2,a123,low,a143,a151,2,a173,1,a192,a201
816,a11,vhigh,a32,a410,vhigh,a61,a71,2,a91,a102,3,a123,vhigh,a143,a152,1,a174,1,a191,a201
817,a11,medium,a32,a43,low,a61,a73,4,a94,a101,3,a121,low,a141,a152,1,a173,1,a191,a201
818,a14,low,a32,a40,low,a61,a73,3,a94,a101,2,a121,medium,a143,a152,2,a173,1,a192,a201
819,a13,low,a32,a43,high,a61,a73,3,a94,a101,1,a123,low,a143,a152,1,a173,1,a191,a201
820,a11,vhigh,a32,a42,high,a61,a75,2,a93,a101,2,a122,high,a141,a152,1,a173,2,a191,a201
821,a11,low,a34,a40,low,a61,a75,4,a93,a101,4,a121,vhigh,a143,a152,2,a172,1,a191,a201
822,a14,medium,a34,a42,high,a61,a72,3,a91,a101,2,a123,high,a143,a152,2,a174,1,a192,a201
823,a11,high,a34,a40,medium,a61,a75,4,a94,a101,3,a123,medium,a143,a152,2,a173,1,a192,a201
824,a11,medium,a34,a40,high,a61,a75,1,a92,a101,4,a121,medium,a141,a151,3,a173,1,a192,a201
825,a14,medium,a30,a49,vhigh,a61,a73,2,a93,a101,2,a123,high,a142,a152,2,a173,2,a191,a201
826,a11,vhigh,a32,a41,vhigh,a65,a75,3,a93,a101,4,a124,vhigh,a143,a153,1,a173,1,a191,a201
827,a12,vhigh,a33,a49,vhigh,a65,a73,4,a93,a101,4,a124,high,a143,a153,1,a173,2,a192,a201
828,a14,high,a33,a49,high,a63,a73,4,a93,a101,2,a123,vhigh,a143,a152,2,a173,2,a192,a201
829,a11,medium,a32,a40,low,a61,a72,4,a92,a101,3,a123,low,a143,a151,1,a173,1,a192,a201
830,a11,vhigh,a30,a49,vhigh,a61,a75,2,a93,a101,4,a123,medium,a143,a151,2,a173,1,a191,a201
831,a12,high,a32,a43,vhigh,a65,a75,2,a92,a101,4,a123,high,a143,a152,1,a173,1,a192,a201
832,a13,medium,a32,a43,high,a61,a72,2,a92,a101,3,a121,low,a143,a152,1,a172,1,a191,a201
833,a11,low,a30,a40,low,a61,a73,4,a93,a101,4,a123,vhigh,a141,a152,2,a173,1,a191,a201
834,a14,low,a32,a43,low,a65,a73,4,a92,a101,2,a123,low,a143,a152,1,a173,1,a191,a201
835,a14,low,a32,a42,low,a61,a72,1,a92,a101,3,a121,low,a143,a151,1,a172,2,a191,a201
836,a11,high,a34,a41,high,a61,a75,4,a93,a101,4,a122,vhigh,a143,a152,2,a173,1,a192,a201
837,a14,high,a34,a43,high,a61,a75,4,a94,a102,3,a121,vhigh,a143,a152,2,a173,1,a191,a201
838,a11,vhigh,a32,a42,vhigh,a61,a74,4,a93,a101,2,a122,medium,a143,a152,1,a173,1,a191,a201
839,a14,high,a33,a41,high,a61,a73,3,a93,a101,2,a121,medium,a142,a152,2,a172,1,a191,a201
840,a14,medium,a32,a45,medium,a61,a72,4,a92,a101,4,a121,low,a143,a152,1,a173,1,a191,a201
841,a14,high,a31,a49,medium,a61,a74,4,a93,a101,4,a123,vhigh,a141,a152,1,a173,1,a192,a201
842,a14,medium,a32,a42,high,a61,a75,4,a93,a101,4,a122,vhigh,a141,a152,3,a173,2,a192,a201
843,a12,high,a32,a42,vhigh,a65,a74,2,a93,a101,3,a123,high,a143,a152,1,a173,1,a192,a201
844,a14,medium,a32,a40,vhigh,a65,a73,2,a93,a101,4,a123,vhigh,a143,a151,2,a173,1,a191,a201
845,a14,high,a32,a40,low,a61,a72,4,a94,a101,2,a121,medium,a143,a152,1,a173,1,a191,a201
846,a11,low,a32,a43,low,a61,a74,3,a93,a101,4,a121,vhigh,a143,a152,1,a173,1,a191,a201
847,a11,low,a32,a43,low,a61,a75,4,a93,a101,4,a121,vhigh,a142,a152,1,a172,1,a191,a201
848,a11,high,a34,a40,medium,a61,a73,4,a94,a103,2,a122,medium,a141,a151,2,a173,1,a191,a202
849,a14,high,a34,a41,vhigh,a65,a74,3,a93,a101,4,a122,vhigh,a143,a152,2,a173,1,a192,a201
850,a14,medium,a34,a43,medium,a61,a73,4,a93,a101,4,a124,high,a143,a153,2,a173,1,a192,a201
851,a11,medium,a31,a40,medium,a61,a74,4,a93,a101,4,a124,medium,a143,a153,2,a172,2,a191,a201
852,a14,vhigh,a33,a40,vhigh,a61,a75,2,a93,a101,2,a123,vhigh,a143,a152,2,a173,2,a192,a201
853,a14,high,a32,a40,medium,a62,a72,4,a94,a101,3,a121,medium,a143,a152,1,a173,1,a192,a201
854,a14,low,a32,a48,low,a65,a74,4,a92,a101,3,a122,high,a143,a152,1,a173,1,a192,a201
855,a14,medium,a34,a42,high,a61,a73,4,a93,a101,2,a124,medium,a143,a153,1,a173,1,a192,a201
856,a11,medium,a32,a40,high,a61,a73,3,a92,a101,2,a122,medium,a143,a152,1,a173,1,a192,a201
857,a14,low,a32,a40,high,a62,a73,1,a93,a103,2,a121,low,a143,a151,1,a173,2,a191,a202
858,a14,high,a34,a41,vhigh,a64,a73,4,a93,a101,2,a121,medium,a143,a152,2,a173,1,a191,a201
859,a14,medium,a33,a49,medium,a61,a73,4,a94,a101,2,a123,medium,a143,a152,1,a173,1,a192,a201
860,a11,high,a32,a43,high,a61,a72,4,a92,a101,4,a121,high,a143,a152,1,a173,1,a192,a201
861,a14,vhigh,a34,a42,vhigh,a64,a72,4,a93,a101,2,a121,medium,a142,a152,2,a172,2,a192,a201
862,a14,low,a32,a42,medium,a61,a73,2,a93,a101,2,a121,low,a141,a151,1,a172,1,a191,a201
863,a14,medium,a32,a42,medium,a63,a73,2,a92,a101,4,a123,low,a143,a151,1,a173,1,a191,a201
864,a11,medium,a32,a43,high,a61,a72,4,a92,a101,1,a123,medium,a142,a152,1,a173,1,a191,a201
865,a14,low,a34,a42,high,a61,a75,2,a93,a101,4,a122,high,a142,a152,1,a173,1,a191,a201
866,a14,vhigh,a32,a49,vhigh,a65,a75,3,a93,a101,2,a122,high,a143,a152,2,a173,1,a191,a201
867,a11,low,a32,a42,low,a61,a75,4,a92,a101,4,a122,low,a143,a151,1,a173,1,a191,a201
868,a14,vhigh,a33,a42,vhigh,a63,a74,2,a92,a101,4,a123,high,a143,a152,2,a173,1,a192,a201
869,a13,low,a34,a40,low,a61,a75,1,a93,a101,4,a121,vhigh,a143,a152,2,a173,2,a191,a202
870,a11,high,a34,a49,medium,a62,a74,4,a93,a101,1,a121,low,a143,a152,2,a173,1,a192,a201
871,a14,medium,a32,a44,low,a65,a72,4,a92,a101,1,a121,low,a143,a152,1,a173,1,a191,a201
872,a11,low,a32,a42,high,a61,a73,2,a93,a102,2,a122,medium,a143,a152,1,a172,2,a191,a201
873,a12,low,a34,a40,low,a64,a73,4,a92,a101,4,a123,high,a143,a152,2,a173,1,a191,a201
874,a11,medium,a31,a43,medium,a61,a72,3,a93,a102,4,a124,high,a141,a153,1,a174,1,a192,a201
875,a14,vhigh,a32,a43,high,a61,a75,4,a93,a101,2,a123,medium,a143,a152,1,a173,1,a191,a201
876,a11,low,a32,a40,medium,a61,a72,3,a93,a101,2,a124,medium,a143,a153,1,a174,1,a192,a201
877,a14,vhigh,a34,a43,vhigh,a65,a74,2,a93,a101,3,a122,high,a143,a152,2,a173,1,a191,a201
878,a14,high,a32,a41,vhigh,a61,a74,3,a93,a101,3,a123,high,a143,a152,1,a174,1,a192,a201
879,a14,high,a32,a41,vhigh,a65,a73,2,a91,a101,4,a124,vhigh,a143,a153,1,a173,1,a192,a201
880,a12,vhigh,a34,a40,medium,a65,a75,4,a93,a101,4,a121,high,a143,a152,2,a173,1,a191,a201
881,a14,medium,a34,a43,low,a61,a71,4,a92,a101,4,a123,vhigh,a143,a152,2,a171,1,a191,a201
882,a12,high,a32,a42,vhigh,a61,a74,3,a91,a101,3,a123,vhigh,a143,a152,1,a173,1,a192,a201
883,a11,low,a32,a46,low,a61,a72,4,a92,a101,4,a122,vhigh,a143,a152,1,a173,1,a191,a201
884,a12,high,a34,a49,high,a65,a74,4,a93,a101,3,a124,high,a143,a152,2,a173,2,a192,a201
885,a12,vhigh,a32,a49,vhigh,a61,a73,2,a93,a101,2,a123,low,a143,a152,1,a173,1,a192,a201
886,a14,vhigh,a34,a40,vhigh,a61,a75,4,a93,a101,4,a123,high,a143,a152,2,a174,1,a192,a201
887,a14,vhigh,a31,a41,vhigh,a65,a72,3,a93,a103,4,a121,high,a141,a151,2,a173,2,a192,a201
888,a11,vhigh,a34,a49,high,a61,a75,4,a93,a101,4,a123,vhigh,a142,a152,4,a174,2,a192,a201
889,a14,medium,a34,a43,medium,a61,a75,4,a93,a101,4,a123,vhigh,a143,a152,2,a173,1,a192,a201
890,a11,low,a34,a40,medium,a61,a73,4,a93,a101,4,a122,high,a141,a152,2,a172,1,a191,a202
891,a12,vhigh,a34,a41,vhigh,a61,a73,3,a93,a101,4,a123,high,a143,a152,2,a173,1,a192,a201
892,a14,medium,a34,a43,low,a65,a73,4,a93,a101,3,a122,medium,a143,a152,2,a173,1,a192,a201
893,a14,vhigh,a33,a41,vhigh,a65,a74,3,a93,a101,2,a123,medium,a142,a152,1,a174,2,a192,a201
894,a11,high,a32,a43,high,a61,a72,4,a92,a101,4,a122,medium,a143,a151,1,a174,1,a192,a201
895,a14,low,a34,a42,medium,a64,a74,3,a92,a101,2,a122,high,a143,a152,1,a173,1,a191,a202
896,a14,medium,a32,a42,medium,a65,a74,1,a92,a101,4,a121,medium,a141,a151,1,a172,1,a191,a201
897,a11,medium,a32,a42,vhigh,a61,a73,2,a93,a102,3,a123,high,a143,a152,1,a173,1,a191,a201
898,a11,medium,a34,a40,high,a61,a75,2,a93,a103,4,a122,vhigh,a141,a151,1,a173,1,a192,a201
899,a14,high,a34,a40,high,a65,a72,2,a91,a101,4,a121,vhigh,a143,a152,2,a173,1,a192,a201
900,a14,vhigh,a34,a41,vhigh,a65,a75,2,a93,a101,4,a124,high,a143,a153,2,a173,1,a191,a201
901,a14,medium,a32,a43,medium,a65,a73,4,a94,a101,2,a121,high,a143,a151,1,a173,1,a192,a201
902,a14,high,a32,a43,low,a61,a75,4,a93,a101,1,a121,high,a143,a152,1,a174,1,a192,a201
903,a11,low,a32,a43,low,a61,a73,2,a93,a101,2,a121,low,a143,a151,1,a174,2,a192,a201
904,a11,high,a32,a40,high,a65,a74,2,a93,a102,2,a121,low,a143,a152,1,a172,1,a191,a202
905,a12,vhigh,a32,a46,high,a65,a73,2,a94,a101,2,a123,medium,a143,a152,1,a173,1,a191,a201
906,a14,medium,a33,a41,high,a61,a72,1,a92,a101,2,a122,vhigh,a143,a152,2,a172,1,a191,a201
907,a12,low,a32,a40,high,a65,a73,1,a92,a101,2,a121,medium,a143,a152,1,a172,1,a191,a201
908,a14,vhigh,a33,a43,vhigh,a61,a73,4,a92,a101,4,a121,high,a143,a152,2,a173,1,a191,a201
909,a12,high,a34,a42,vhigh,a61,a72,2,a92,a101,4,a123,low,a141,a152,1,a172,1,a191,a201
910,a12,vhigh,a32,a43,high,a65,a75,2,a92,a101,4,a123,low,a143,a152,1,a173,1,a191,a201
911,a14,low,a32,a49,medium,a64,a75,1,a91,a101,2,a121,medium,a143,a152,1,a173,1,a192,a201
912,a11,high,a31,a49,high,a61,a73,4,a93,a101,2,a122,medium,a143,a151,1,a173,1,a192,a201
913,a12,vhigh,a30,a410,vhigh,a61,a73,1,a92,a101,2,a122,medium,a141,a152,1,a174,1,a192,a202
914,a14,low,a32,a41,high,a62,a73,1,a93,a102,2,a121,medium,a143,a152,1,a173,2,a191,a201
915,a11,low,a32,a40,vhigh,a61,a75,1,a93,a101,4,a124,vhigh,a141,a152,1,a174,1,a192,a201
916,a11,high,a32,a42,high,a62,a71,1,a91,a101,1,a122,medium,a143,a152,1,a173,1,a191,a201
917,a11,high,a32,a42,high,a61,a75,4,a93,a101,2,a122,high,a143,a151,1,a174,1,a192,a201
918,a14,medium,a34,a42,medium,a61,a73,4,a92,a101,2,a124,medium,a143,a152,2,a173,1,a191,a201
919,a14,vhigh,a33,a43,vhigh,a63,a74,4,a93,a101,1,a123,high,a143,a152,1,a174,1,a192,a201
920,a11,low,a32,a43,medium,a61,a72,3,a92,a101,4,a122,low,a143,a151,1,a173,1,a191,a201
921,a12,low,a32,a40,medium,a61,a74,3,a93,a101,4,a122,medium,a143,a151,1,a173,2,a192,a201
922,a11,high,a31,a42,vhigh,a61,a72,2,a91,a101,1,a122,vhigh,a141,a152,1,a173,1,a192,a201
923,a11,low,a31,a40,low,a61,a72,4,a93,a101,2,a123,vhigh,a141,a152,2,a173,1,a192,a201
924,a11,medium,a34,a42,low,a61,a72,4,a92,a101,4,a122,low,a143,a151,1,a173,1,a191,a201
925,a11,vhigh,a32,a41,vhigh,a61,a74,4,a93,a101,4,a124,high,a142,a153,3,a173,2,a192,a201
926,a14,vhigh,a32,a43,medium,a65,a75,4,a93,a101,4,a123,vhigh,a143,a152,1,a173,1,a192,a201
927,a11,low,a33,a40,low,a61,a73,4,a93,a101,2,a121,vhigh,a143,a152,2,a172,2,a191,a201
928,a11,high,a32,a42,medium,a61,a72,4,a93,a102,1,a122,low,a143,a152,1,a172,1,a191,a202
929,a12,low,a32,a43,medium,a61,a72,4,a92,a101,2,a123,low,a143,a152,1,a173,1,a192,a201
930,a14,low,a34,a40,low,a61,a73,3,a93,a101,1,a121,medium,a143,a152,2,a173,1,a191,a201
931,a14,low,a34,a43,low,a63,a75,4,a93,a101,4,a122,high,a143,a152,2,a173,2,a192,a201
932,a11,low,a32,a43,medium,a61,a73,4,a92,a101,1,a123,low,a141,a152,1,a173,1,a191,a201
933,a12,vhigh,a33,a43,medium,a62,a72,4,a93,a101,3,a124,medium,a142,a152,2,a174,1,a191,a201
934,a13,low,a32,a43,low,a61,a73,3,a92,a101,2,a121,medium,a143,a152,1,a172,1,a191,a201
935,a12,low,a32,a43,medium,a61,a72,4,a94,a101,3,a123,medium,a143,a151,1,a174,1,a192,a201
936,a12,vhigh,a32,a46,vhigh,a61,a73,4,a93,a101,4,a124,high,a143,a153,1,a173,1,a191,a201
937,a14,high,a34,a41,vhigh,a65,a73,2,a93,a101,4,a122,vhigh,a143,a152,2,a174,2,a192,a201
938,a14,low,a32,a40,high,a65,a72,2,a93,a101,3,a122,vhigh,a143,a152,1,a174,2,a192,a201
939,a14,low,a32,a40,medium,a61,a73,3,a93,a101,2,a121,medium,a143,a152,1,a172,2,a191,a202
940,a14,high,a32,a42,low,a65,a74,4,a93,a101,2,a123,medium,a142,a152,1,a173,1,a192,a201
941,a14,low,a34,a40,medium,a61,a74,2,a93,a101,1,a121,high,a143,a152,3,a172,2,a191,a201
942,a11,medium,a32,a42,medium,a61,a72,4,a92,a103,1,a122,vhigh,a143,a151,1,a173,1,a191,a201
943,a12,vhigh,a30,a40,vhigh,a63,a72,1,a92,a101,1,a123,medium,a143,a152,2,a173,1,a191,a201
944,a11,high,a31,a42,high,a63,a72,4,a93,a101,4,a124,medium,a143,a153,1,a173,2,a192,a201
945,a14,low,a32,a40,high,a65,a71,4,a93,a101,4,a124,high,a143,a152,1,a174,1,a192,a201
946,a14,medium,a32,a42,medium,a61,a72,4,a94,a102,1,a122,vhigh,a143,a152,1,a172,2,a191,a201
947,a14,high,a32,a43,high,a62,a75,2,a93,a101,4,a123,medium,a143,a152,2,a173,1,a191,a201
948,a12,medium,a34,a49,high,a61,a71,3,a94,a101,3,a123,high,a143,a152,3,a171,2,a192,a201
949,a11,vhigh,a33,a49,medium,a61,a74,2,a93,a101,1,a123,low,a143,a152,2,a173,1,a192,a201
950,a12,high,a32,a41,vhigh,a63,a72,3,a92,a101,4,a123,medium,a143,a151,1,a173,1,a191,a201
951,a14,vhigh,a32,a42,vhigh,a61,a71,4,a92,a101,2,a123,low,a143,a152,2,a174,1,a192,a201
952,a11,low,a32,a40,medium,a61,a73,4,a92,a103,4,a122,medium,a143,a152,1,a173,1,a192,a201
953,a11,high,a34,a43,low,a64,a75,4,a92,a101,4,a122,vhigh,a143,a151,2,a174,1,a192,a201
954,a13,vhigh,a34,a43,high,a65,a75,4,a93,a101,4,a122,vhigh,a142,a152,2,a172,1,a191,a201
955,a12,low,a34,a43,low,a61,a75,2,a93,a101,4,a121,high,a143,a152,3,a172,1,a191,a201
956,a11,vhigh,a32,a40,vhigh,a61,a73,3,a93,a101,2,a123,vhigh,a143,a152,1,a172,1,a191,a201
957,a12,high,a32,a42,high,a62,a75,4,a93,a101,4,a124,medium,a143,a153,1,a173,1,a191,a201
958,a14,low,a34,a43,medium,a61,a75,2,a94,a101,2,a121,medium,a143,a151,2,a173,1,a191,a201
959,a12,high,a33,a40,high,a61,a73,1,a91,a101,4,a122,vhigh,a143,a152,2,a173,1,a191,a201
960,a14,medium,a32,a40,high,a65,a73,3,a93,a101,2,a124,medium,a143,a152,1,a173,1,a191,a201
961,a14,high,a32,a43,high,a63,a75,3,a93,a101,2,a123,high,a141,a152,2,a173,1,a192,a201
962,a12,low,a32,a45,low,a61,a72,3,a94,a101,1,a122,low,a143,a152,1,a172,1,a191,a201
963,a12,vhigh,a32,a43,medium,a65,a73,4,a92,a101,1,a123,low,a143,a152,1,a173,1,a191,a201
964,a12,vhigh,a34,a43,high,a63,a73,4,a93,a101,2,a122,low,a143,a152,2,a172,1,a191,a201
965,a14,medium,a32,a43,high,a61,a75,4,a92,a101,2,a123,vhigh,a141,a151,1,a174,1,a192,a201
966,a14,vhigh,a32,a43,vhigh,a65,a74,2,a94,a101,4,a122,medium,a143,a151,1,a173,1,a192,a201
967,a11,low,a34,a40,high,a61,a73,1,a93,a101,2,a121,high,a143,a152,2,a172,2,a191,a201
968,a12,medium,a32,a45,medium,a62,a73,4,a93,a103,2,a121,low,a143,a152,1,a173,1,a191,a201
969,a14,high,a32,a40,vhigh,a61,a73,1,a93,a101,4,a122,vhigh,a143,a152,1,a172,2,a191,a201
970,a11,high,a31,a40,low,a61,a71,1,a92,a102,4,a124,medium,a143,a151,2,a171,1,a191,a201
971,a11,vhigh,a32,a49,vhigh,a61,a75,4,a93,a102,4,a124,high,a143,a151,1,a173,1,a191,a201
972,a14,vhigh,a34,a43,high,a61,a73,4,a92,a101,2,a123,medium,a143,a152,1,a173,1,a192,a201
973,a13,high,a32,a43,low,a63,a73,3,a92,a101,3,a123,vhigh,a143,a152,1,a172,1,a191,a201
974,a12,low,a32,a43,low,a61,a73,2,a92,a103,3,a121,vhigh,a143,a152,1,a173,1,a191,a201
975,a12,medium,a33,a49,high,a65,a75,4,a93,a101,2,a122,high,a143,a152,2,a173,1,a191,a201
976,a14,high,a33,a40,high,a61,a75,4,a93,a101,4,a123,vhigh,a143,a152,2,a172,2,a191,a201
977,a12,medium,a31,a40,low,a62,a73,2,a94,a101,2,a122,low,a143,a151,1,a173,1,a191,a201
978,a12,vhigh,a34,a42,vhigh,a61,a74,2,a93,a101,2,a122,vhigh,a143,a152,1,a173,1,a191,a201
979,a14,vhigh,a32,a49,vhigh,a61,a71,3,a93,a101,2,a123,medium,a141,a151,1,a174,1,a192,a201
980,a13,high,a32,a40,high,a62,a73,1,a92,a101,1,a123,medium,a141,a152,1,a174,1,a192,a201
981,a11,vhigh,a32,a41,vhigh,a61,a73,2,a93,a101,2,a122,low,a143,a152,1,a173,2,a191,a201
982,a14,high,a34,a42,medium,a61,a74,2,a93,a101,2,a122,medium,a143,a152,2,a172,1,a191,a201
983,a11,medium,a34,a42,medium,a61,a73,4,a92,a101,3,a122,low,a143,a151,2,a173,1,a191,a201
984,a13,vhigh,a30,a49,vhigh,a61,a72,2,a91,a101,1,a122,medium,a143,a152,2,a173,1,a191,a201
985,a14,medium,a32,a43,medium,a62,a71,2,a92,a101,4,a121,vhigh,a143,a152,1,a173,1,a191,a201
986,a11,high,a32,a41,vhigh,a61,a71,4,a93,a101,2,a124,medium,a143,a153,1,a174,1,a192,a201
987,a12,high,a34,a43,medium,a61,a75,4,a93,a101,2,a122,vhigh,a143,a152,2,a172,1,a191,a201
988,a14,low,a34,a46,high,a65,a72,2,a93,a101,1,a122,high,a143,a152,2,a172,2,a191,a201
989,a14,medium,a31,a43,medium,a62,a75,4,a93,a101,4,a123,high,a141,a152,1,a172,2,a191,a201
990,a11,medium,a32,a43,medium,a65,a74,2,a94,a101,4,a123,low,a143,a151,2,a172,1,a191,a201
991,a11,vhigh,a32,a42,high,a61,a71,4,a93,a101,3,a122,medium,a143,a152,1,a174,1,a192,a201
992,a14,low,a32,a40,high,a65,a75,4,a93,a101,3,a123,vhigh,a143,a152,1,a173,1,a192,a201
993,a14,low,a32,a42,medium,a61,a74,3,a92,a101,4,a121,medium,a143,a152,1,a172,1,a191,a201
994,a11,vhigh,a32,a41,high,a61,a73,4,a91,a101,4,a122,high,a143,a152,1,a174,1,a192,a201
995,a14,low,a32,a43,low,a61,a75,4,a93,a101,4,a123,high,a143,a152,1,a173,1,a191,a201
996,a11,vhigh,a32,a43,medium,a61,a73,4,a93,a101,4,a124,low,a143,a153,1,a173,1,a192,a201
997,a12,vhigh,a34,a41,vhigh,a62,a71,3,a93,a101,4,a123,medium,a143,a152,1,a173,1,a191,a201
