User ID, Item1 ID, Item2 ID, Is Control
1,7,13,0
1,11,16,0
1,5,20,0
1,1,19,1
1,1,12,0
1,1,11,0
1,1,19,0
1,8,17,0
1,10,4,0
1,3,2,0
1,18,3,0
1,16,4,0
1,15,13,0
1,8,14,1
1,3,15,0
1,3,17,0
1,16,3,0
1,3,10,0
1,8,7,0
1,15,11,0
1,14,8,0
1,8,14,0
1,1,10,0
1,14,13,0
1,7,12,0
1,9,12,0
1,8,17,1
1,8,11,0
1,6,9,0
1,7,5,0
1,3,4,0
1,1,2,0
1,15,14,0
1,14,2,0
1,5,4,0
1,14,16,1
1,8,10,0
1,7,2,0
1,14,16,0
1,19,12,0
1,17,2,0
1,19,6,0
2,7,13,0
2,11,16,0
2,20,5,0
2,1,19,1
2,1,12,0
2,11,1,0
2,19,1,0
2,17,8,0
2,4,10,0
2,3,2,0
2,18,3,0
2,16,4,0
2,15,13,0
2,8,14,1
2,3,15,0
2,17,3,0
2,16,3,0
2,3,10,0
2,7,8,0
2,15,11,0
2,14,8,0
2,8,14,0
2,1,10,0
2,14,13,0
2,7,12,0
2,9,12,0
2,17,8,1
2,8,11,0
2,9,6,0
2,7,5,0
2,3,4,0
2,1,2,0
2,15,14,0
2,14,2,0
2,4,5,0
2,14,16,1
2,8,10,0
2,7,2,0
2,14,16,0
2,19,12,0
2,17,2,0
2,6,19,0
3,7,13,0
3,11,16,0
3,5,20,0
3,1,19,1
3,1,12,0
3,1,11,0
3,1,19,0
3,8,17,0
3,10,4,0
3,3,2,0
3,18,3,0
3,16,4,0
3,15,13,0
3,8,14,1
3,3,15,0
3,3,17,0
3,16,3,0
3,3,10,0
3,8,7,0
3,15,11,0
3,14,8,0
3,8,14,0
3,1,10,0
3,14,13,0
3,7,12,0
3,9,12,0
3,8,17,1
3,11,8,0
3,6,9,0
3,7,5,0
3,3,4,0
3,1,2,0
3,14,15,0
3,14,2,0
3,5,4,0
3,14,16,1
3,8,10,0
3,7,2,0
3,14,16,0
3,19,12,0
3,17,2,0
3,19,6,0
4,13,7,0
4,11,16,0
4,20,5,0
4,1,19,1
4,12,1,0
4,11,1,0
4,1,19,0
4,8,17,0
4,10,4,0
4,3,2,0
4,18,3,0
4,4,16,0
4,15,13,0
4,14,8,1
4,3,15,0
4,17,3,0
4,16,3,0
4,3,10,0
4,8,7,0
4,15,11,0
4,14,8,0
4,14,8,0
4,10,1,0
4,14,13,0
4,12,7,0
4,9,12,0
4,17,8,1
4,8,11,0
4,6,9,0
4,5,7,0
4,4,3,0
4,1,2,0
4,14,15,0
4,14,2,0
4,5,4,0
4,14,16,1
4,10,8,0
4,2,7,0
4,14,16,0
4,12,19,0
4,17,2,0
4,6,19,0
5,3,7,0
5,14,11,0
5,9,19,0
5,10,20,1
5,15,16,0
5,14,17,0
5,10,20,0
5,18,10,0
5,15,19,0
5,15,17,0
5,8,20,0
5,15,5,0
5,7,20,0
5,19,20,1
5,8,4,0
5,9,11,0
5,14,19,0
5,8,13,0
5,1,5,0
5,18,17,0
5,9,16,0
5,19,20,0
5,1,20,0
5,6,16,0
5,18,7,0
5,15,12,0
5,18,10,1
5,20,4,0
5,6,20,0
5,13,4,0
5,13,2,0
5,3,13,0
5,18,1,0
5,7,4,0
5,19,4,0
5,15,4,1
5,18,4,0
5,20,2,0
5,15,4,0
5,14,20,0
5,17,19,0
6,3,7,0
6,11,14,0
6,9,19,0
6,10,20,1
6,16,15,0
6,17,14,0
6,10,20,0
6,10,18,0
6,15,19,0
6,15,17,0
6,8,20,0
6,15,5,0
6,7,20,0
6,19,20,1
6,4,8,0
6,11,9,0
6,19,14,0
6,13,8,0
6,1,5,0
6,18,17,0
6,16,9,0
6,19,20,0
6,1,20,0
6,16,6,0
6,7,18,0
6,15,12,0
6,10,18,1
6,4,20,0
6,20,6,0
6,13,4,0
6,13,2,0
6,3,13,0
6,1,18,0
6,7,4,0
6,4,19,0
6,4,15,1
6,18,4,0
6,2,20,0
6,15,4,0
6,14,20,0
6,17,19,0
7,3,7,0
7,14,11,0
7,9,19,0
7,10,20,1
7,16,15,0
7,14,17,0
7,10,20,0
7,10,18,0
7,15,19,0
7,15,17,0
7,20,8,0
7,15,5,0
7,20,7,0
7,20,19,1
7,8,4,0
7,11,9,0
7,14,19,0
7,13,8,0
7,1,5,0
7,17,18,0
7,9,16,0
7,20,19,0
7,1,20,0
7,6,16,0
7,18,7,0
7,12,15,0
7,18,10,1
7,4,20,0
7,20,6,0
7,4,13,0
7,2,13,0
7,13,3,0
7,1,18,0
7,4,7,0
7,4,19,0
7,4,15,1
7,18,4,0
7,2,20,0
7,4,15,0
7,14,20,0
7,17,19,0
8,3,7,0
8,14,11,0
8,9,19,0
8,10,20,1
8,15,16,0
8,17,14,0
8,20,10,0
8,18,10,0
8,15,19,0
8,17,15,0
8,8,20,0
8,15,5,0
8,7,20,0
8,19,20,1
8,8,4,0
8,9,11,0
8,14,19,0
8,8,13,0
8,1,5,0
8,17,18,0
8,9,16,0
8,19,20,0
8,1,20,0
8,6,16,0
8,18,7,0
8,15,12,0
8,18,10,1
8,4,20,0
8,6,20,0
8,4,13,0
8,13,2,0
8,3,13,0
8,1,18,0
8,7,4,0
8,19,4,0
8,15,4,1
8,18,4,0
8,20,2,0
8,15,4,0
8,14,20,0
8,17,19,0
9,3,9,0
9,6,8,0
9,17,7,0
9,17,9,1
9,11,7,0
9,17,9,0
9,4,2,0
9,18,6,0
9,9,4,0
9,11,4,0
9,1,4,0
9,14,5,0
9,1,16,1
9,19,7,0
9,17,19,0
9,15,2,0
9,11,19,0
9,6,12,0
9,10,5,0
9,8,9,0
9,1,16,0
9,18,4,0
9,12,2,0
9,14,4,0
9,3,20,0
9,4,2,1
9,6,4,0
9,11,6,0
9,16,13,0
9,18,12,0
9,9,7,0
9,1,17,0
9,13,20,0
9,18,11,0
9,18,1,1
9,8,12,0
9,1,7,0
9,18,1,0
9,3,16,0
9,10,12,0
9,9,2,0
10,3,9,0
10,6,8,0
10,17,7,0
10,17,9,1
10,7,11,0
10,17,9,0
10,4,2,0
10,18,6,0
10,9,4,0
10,11,4,0
10,1,4,0
10,14,5,0
10,1,16,1
10,7,19,0
10,17,19,0
10,15,2,0
10,11,19,0
10,6,12,0
10,10,5,0
10,8,9,0
10,1,16,0
10,18,4,0
10,12,2,0
10,14,4,0
10,3,20,0
10,4,2,1
10,6,4,0
10,11,6,0
10,16,13,0
10,18,12,0
10,7,9,0
10,1,17,0
10,13,20,0
10,18,11,0
10,18,1,1
10,8,12,0
10,1,7,0
10,18,1,0
10,3,16,0
10,10,12,0
10,9,2,0
11,3,9,0
11,6,8,0
11,17,7,0
11,17,9,1
11,7,11,0
11,17,9,0
11,4,2,0
11,18,6,0
11,9,4,0
11,11,4,0
11,1,4,0
11,14,5,0
11,1,16,1
11,7,19,0
11,17,19,0
11,15,2,0
11,11,19,0
11,6,12,0
11,10,5,0
11,8,9,0
11,1,16,0
11,18,4,0
11,12,2,0
11,14,4,0
11,3,20,0
11,4,2,1
11,6,4,0
11,11,6,0
11,16,13,0
11,18,12,0
11,9,7,0
11,1,17,0
11,13,20,0
11,18,11,0
11,18,1,1
11,8,12,0
11,1,7,0
11,18,1,0
11,3,16,0
11,10,12,0
11,9,2,0
12,3,9,0
12,6,8,0
12,17,7,0
12,9,17,1
12,9,17,0
12,2,4,0
12,18,6,0
12,4,9,0
12,4,11,0
12,1,4,0
12,14,5,0
12,1,16,1
12,7,19,0
12,17,19,0
12,15,2,0
12,19,11,0
12,12,6,0
12,5,10,0
12,9,8,0
12,1,16,0
12,4,18,0
12,12,2,0
12,14,4,0
12,20,3,0
12,2,4,1
12,4,6,0
12,11,6,0
12,16,13,0
12,12,18,0
12,9,7,0
12,17,1,0
12,20,13,0
12,18,11,0
12,18,1,1
12,12,8,0
12,1,7,0
12,18,1,0
12,3,16,0
12,10,12,0
12,9,2,0
13,5,13,0
13,11,13,0
13,20,16,0
13,16,19,1
13,19,10,0
13,12,20,0
13,16,19,0
13,3,1,0
13,17,11,0
13,20,18,0
13,6,1,0
13,14,9,0
13,17,16,1
13,11,14,0
13,6,5,0
13,17,6,0
13,17,10,0
13,6,13,0
13,1,9,0
13,9,13,0
13,17,16,0
13,19,18,0
13,7,13,0
13,11,15,0
13,19,5,0
13,1,3,1
13,12,5,0
13,6,12,0
13,11,15,0
13,3,12,0
13,2,5,0
13,18,5,0
13,6,3,0
13,8,2,0
13,14,3,1
13,12,13,0
13,6,7,0
13,14,3,0
13,8,3,0
13,16,8,0
13,11,3,0
14,13,5,0
14,11,13,0
14,16,20,0
14,16,19,1
14,10,19,0
14,12,20,0
14,16,19,0
14,1,3,0
14,17,11,0
14,18,20,0
14,1,6,0
14,9,14,0
14,17,16,1
14,11,14,0
14,6,5,0
14,17,6,0
14,17,10,0
14,6,13,0
14,1,9,0
14,9,13,0
14,17,16,0
14,18,19,0
14,7,13,0
14,11,15,0
14,19,5,0
14,1,3,1
14,12,5,0
14,6,12,0
14,11,15,0
14,3,12,0
14,2,5,0
14,18,5,0
14,3,6,0
14,8,2,0
14,3,14,1
14,13,12,0
14,6,7,0
14,3,14,0
14,8,3,0
14,8,16,0
14,3,11,0
15,13,5,0
15,11,13,0
15,16,20,0
15,19,16,1
15,19,10,0
15,12,20,0
15,19,16,0
15,3,1,0
15,11,17,0
15,18,20,0
15,6,1,0
15,14,9,0
15,17,16,1
15,11,14,0
15,6,5,0
15,17,6,0
15,17,10,0
15,6,13,0
15,9,1,0
15,9,13,0
15,17,16,0
15,18,19,0
15,7,13,0
15,11,15,0
15,19,5,0
15,3,1,1
15,5,12,0
15,6,12,0
15,11,15,0
15,3,12,0
15,5,2,0
15,18,5,0
15,6,3,0
15,8,2,0
15,3,14,1
15,13,12,0
15,6,7,0
15,3,14,0
15,8,3,0
15,8,16,0
15,11,3,0
16,5,13,0
16,11,13,0
16,16,20,0
16,19,16,1
16,19,10,0
16,20,12,0
16,19,16,0
16,3,1,0
16,11,17,0
16,18,20,0
16,6,1,0
16,14,9,0
16,17,16,1
16,11,14,0
16,6,5,0
16,17,6,0
16,17,10,0
16,6,13,0
16,9,1,0
16,9,13,0
16,17,16,0
16,19,18,0
16,7,13,0
16,11,15,0
16,19,5,0
16,5,12,0
16,6,12,0
16,11,15,0
16,12,3,0
16,5,2,0
16,18,5,0
16,6,3,0
16,8,2,0
16,14,3,1
16,12,13,0
16,6,7,0
16,14,3,0
16,8,3,0
16,8,16,0
16,11,3,0
17,13,16,0
17,7,14,0
17,3,9,0
17,15,9,1
17,18,2,0
17,16,12,0
17,15,9,0
17,3,19,0
17,11,12,0
17,8,6,0
17,18,14,0
17,15,10,0
17,9,12,0
17,1,15,1
17,8,5,0
17,17,20,0
17,6,2,0
17,6,10,0
17,15,20,0
17,7,16,0
17,9,5,0
17,1,15,0
17,11,6,0
17,14,12,0
17,9,20,0
17,8,19,0
17,3,19,1
17,17,12,0
17,1,8,0
17,10,13,0
17,18,9,0
17,16,2,0
17,17,4,0
17,3,5,0
17,19,2,0
17,1,14,1
17,4,12,0
17,3,10,0
17,1,14,0
17,19,13,0
17,7,13,0
17,10,2,0
18,16,13,0
18,14,7,0
18,3,9,0
18,9,15,1
18,18,2,0
18,16,12,0
18,9,15,0
18,19,3,0
18,11,12,0
18,6,8,0
18,14,18,0
18,15,10,0
18,9,12,0
18,1,15,1
18,8,5,0
18,17,20,0
18,6,2,0
18,6,10,0
18,20,15,0
18,16,7,0
18,9,5,0
18,1,15,0
18,6,11,0
18,14,12,0
18,9,20,0
18,19,8,0
18,19,3,1
18,17,12,0
18,8,1,0
18,13,10,0
18,9,18,0
18,16,2,0
18,17,4,0
18,3,5,0
18,19,2,0
18,14,1,1
18,12,4,0
18,3,10,0
18,14,1,0
18,19,13,0
18,7,13,0
18,2,10,0
19,13,16,0
19,14,7,0
19,3,9,0
19,15,9,1
19,18,2,0
19,12,16,0
19,15,9,0
19,3,19,0
19,11,12,0
19,8,6,0
19,18,14,0
19,15,10,0
19,9,12,0
19,1,15,1
19,8,5,0
19,17,20,0
19,6,2,0
19,10,6,0
19,15,20,0
19,7,16,0
19,9,5,0
19,1,15,0
19,6,11,0
19,14,12,0
19,9,20,0
19,8,19,0
19,3,19,1
19,17,12,0
19,1,8,0
19,10,13,0
19,18,9,0
19,16,2,0
19,17,4,0
19,3,5,0
19,19,2,0
19,1,14,1
19,4,12,0
19,3,10,0
19,1,14,0
19,19,13,0
19,7,13,0
19,10,2,0
20,13,16,0
20,7,14,0
20,9,3,0
20,15,9,1
20,2,18,0
20,12,16,0
20,15,9,0
20,19,3,0
20,12,11,0
20,6,8,0
20,14,18,0
20,15,10,0
20,12,9,0
20,15,1,1
20,5,8,0
20,20,17,0
20,2,6,0
20,6,10,0
20,20,15,0
20,7,16,0
20,5,9,0
20,15,1,0
20,11,6,0
20,12,14,0
20,20,9,0
20,19,8,0
20,19,3,1
20,12,17,0
20,8,1,0
20,13,10,0
20,9,18,0
20,2,16,0
20,4,17,0
20,5,3,0
20,2,19,0
20,14,1,1
20,12,4,0
20,3,10,0
20,14,1,0
20,13,19,0
20,7,13,0
20,2,10,0
21,7,13,0
21,11,16,0
21,20,5,0
21,1,19,1
21,1,12,0
21,1,11,0
21,1,19,0
21,8,17,0
21,10,4,0
21,3,2,0
21,18,8,0
21,4,16,0
21,15,13,0
21,8,14,1
21,3,18,0
21,3,17,0
21,10,16,0
21,3,10,0
21,8,7,0
21,15,11,0
21,14,13,0
21,8,14,0
21,14,10,0
21,7,12,0
21,9,10,0
21,8,17,1
21,8,11,0
21,6,9,0
21,7,5,0
21,3,4,0
21,1,2,0
21,15,14,0
21,14,2,0
21,4,5,0
21,14,16,1
21,8,10,0
21,7,2,0
21,14,16,0
21,19,12,0
21,17,2,0
21,6,19,0
22,13,7,0
22,11,16,0
22,5,20,0
22,1,19,1
22,1,12,0
22,1,11,0
22,1,19,0
22,8,17,0
22,10,4,0
22,3,2,0
22,8,18,0
22,16,4,0
22,15,13,0
22,8,14,1
22,18,3,0
22,3,17,0
22,10,16,0
22,3,10,0
22,8,7,0
22,15,11,0
22,13,14,0
22,8,14,0
22,10,14,0
22,7,12,0
22,10,9,0
22,8,17,1
22,8,11,0
22,6,9,0
22,7,5,0
22,3,4,0
22,1,2,0
22,15,14,0
22,2,14,0
22,5,4,0
22,16,14,1
22,8,10,0
22,7,2,0
22,16,14,0
22,19,12,0
22,2,17,0
22,19,6,0
23,13,7,0
23,11,16,0
23,20,5,0
23,19,1,1
23,1,12,0
23,1,11,0
23,1,19,0
23,8,17,0
23,10,4,0
23,3,2,0
23,8,18,0
23,4,16,0
23,15,13,0
23,14,8,1
23,18,3,0
23,3,17,0
23,16,10,0
23,3,10,0
23,8,7,0
23,15,11,0
23,14,13,0
23,8,14,0
23,14,10,0
23,7,12,0
23,9,10,0
23,17,8,1
23,11,8,0
23,6,9,0
23,7,5,0
23,3,4,0
23,1,2,0
23,14,15,0
23,14,2,0
23,4,5,0
23,16,14,1
23,8,10,0
23,2,7,0
23,14,16,0
23,12,19,0
23,17,2,0
23,6,19,0
24,7,13,0
24,11,16,0
24,20,5,0
24,19,1,1
24,1,12,0
24,11,1,0
24,19,1,0
24,8,17,0
24,4,10,0
24,3,2,0
24,8,18,0
24,4,16,0
24,15,13,0
24,14,8,1
24,18,3,0
24,3,17,0
24,16,10,0
24,3,10,0
24,8,7,0
24,11,15,0
24,14,13,0
24,14,8,0
24,14,10,0
24,7,12,0
24,9,10,0
24,8,17,1
24,8,11,0
24,6,9,0
24,7,5,0
24,3,4,0
24,1,2,0
24,14,15,0
24,14,2,0
24,5,4,0
24,14,16,1
24,8,10,0
24,7,2,0
24,14,16,0
24,19,12,0
24,17,2,0
24,19,6,0
25,13,7,0
25,16,11,0
25,20,5,0
25,1,19,1
25,12,1,0
25,1,11,0
25,1,19,0
25,17,8,0
25,4,10,0
25,3,2,0
25,18,8,0
25,4,16,0
25,13,15,0
25,14,8,1
25,3,18,0
25,17,3,0
25,10,16,0
25,3,10,0
25,8,7,0
25,15,11,0
25,14,13,0
25,14,8,0
25,14,10,0
25,12,7,0
25,9,10,0
25,17,8,1
25,8,11,0
25,6,9,0
25,5,7,0
25,4,3,0
25,1,2,0
25,14,15,0
25,14,2,0
25,4,5,0
25,14,16,1
25,10,8,0
25,2,7,0
25,14,16,0
25,12,19,0
25,17,2,0
25,6,19,0
26,7,13,0
26,16,11,0
26,5,20,0
26,1,19,1
26,1,12,0
26,1,11,0
26,1,19,0
26,17,8,0
26,10,4,0
26,3,2,0
26,18,8,0
26,16,4,0
26,15,13,0
26,8,14,1
26,3,18,0
26,3,17,0
26,10,16,0
26,3,10,0
26,7,8,0
26,15,11,0
26,13,14,0
26,8,14,0
26,10,14,0
26,7,12,0
26,10,9,0
26,17,8,1
26,8,11,0
26,9,6,0
26,7,5,0
26,3,4,0
26,1,2,0
26,15,14,0
26,2,14,0
26,4,5,0
26,16,14,1
26,10,8,0
26,7,2,0
26,16,14,0
26,19,12,0
26,17,2,0
26,19,6,0
27,13,7,0
27,16,11,0
27,20,5,0
27,1,19,1
27,1,12,0
27,1,11,0
27,1,19,0
27,8,17,0
27,10,4,0
27,3,2,0
27,18,8,0
27,4,16,0
27,13,15,0
27,8,14,1
27,3,18,0
27,3,17,0
27,10,16,0
27,3,10,0
27,8,7,0
27,15,11,0
27,13,14,0
27,8,14,0
27,10,14,0
27,12,7,0
27,10,9,0
27,17,8,1
27,8,11,0
27,9,6,0
27,5,7,0
27,3,4,0
27,1,2,0
27,15,14,0
27,2,14,0
27,4,5,0
27,16,14,1
27,10,8,0
27,2,7,0
27,16,14,0
27,12,19,0
27,2,17,0
27,6,19,0
28,7,13,0
28,11,16,0
28,20,5,0
28,1,19,1
28,1,12,0
28,1,11,0
28,1,19,0
28,17,8,0
28,10,4,0
28,3,2,0
28,18,8,0
28,4,16,0
28,13,15,0
28,8,14,1
28,18,3,0
28,3,17,0
28,16,10,0
28,3,10,0
28,15,11,0
28,14,13,0
28,8,14,0
28,14,10,0
28,7,12,0
28,9,10,0
28,8,17,1
28,8,11,0
28,6,9,0
28,7,5,0
28,3,4,0
28,1,2,0
28,15,14,0
28,14,2,0
28,4,5,0
28,14,16,1
28,8,10,0
28,7,2,0
28,14,16,0
28,19,12,0
28,17,2,0
28,6,19,0
29,3,7,0
29,11,14,0
29,19,9,0
29,10,20,1
29,15,16,0
29,17,14,0
29,10,20,0
29,18,10,0
29,15,19,0
29,15,17,0
29,8,20,0
29,15,5,0
29,7,20,0
29,19,20,1
29,8,4,0
29,11,9,0
29,14,19,0
29,8,13,0
29,1,5,0
29,18,17,0
29,9,16,0
29,19,20,0
29,1,20,0
29,6,16,0
29,18,7,0
29,15,12,0
29,18,10,1
29,4,20,0
29,6,20,0
29,13,4,0
29,13,2,0
29,3,13,0
29,18,1,0
29,7,4,0
29,19,4,0
29,15,4,1
29,18,4,0
29,2,20,0
29,15,4,0
29,18,16,0
29,14,20,0
29,19,17,0
30,7,3,0
30,14,11,0
30,19,9,0
30,20,10,1
30,15,16,0
30,14,17,0
30,20,10,0
30,18,10,0
30,19,15,0
30,17,15,0
30,8,20,0
30,15,5,0
30,7,20,0
30,19,20,1
30,8,4,0
30,11,9,0
30,19,14,0
30,8,13,0
30,5,1,0
30,17,18,0
30,9,16,0
30,19,20,0
30,1,20,0
30,6,16,0
30,7,18,0
30,15,12,0
30,18,10,1
30,20,4,0
30,6,20,0
30,4,13,0
30,2,13,0
30,3,13,0
30,18,1,0
30,7,4,0
30,19,4,0
30,15,4,1
30,18,4,0
30,20,2,0
30,15,4,0
30,18,16,0
30,14,20,0
30,19,17,0
31,3,7,0
31,14,11,0
31,19,9,0
31,20,10,1
31,16,15,0
31,17,14,0
31,20,10,0
31,10,18,0
31,15,19,0
31,17,15,0
31,8,20,0
31,5,15,0
31,20,7,0
31,19,20,1
31,8,4,0
31,11,9,0
31,14,19,0
31,8,13,0
31,1,5,0
31,17,18,0
31,16,9,0
31,20,19,0
31,1,20,0
31,6,16,0
31,18,7,0
31,12,15,0
31,18,10,1
31,4,20,0
31,6,20,0
31,13,2,0
31,3,13,0
31,18,1,0
31,4,7,0
31,19,4,0
31,4,15,1
31,18,4,0
31,20,2,0
31,4,15,0
31,18,16,0
31,14,20,0
31,17,19,0
32,3,7,0
32,14,11,0
32,9,19,0
32,10,20,1
32,15,16,0
32,14,17,0
32,10,20,0
32,15,19,0
32,15,17,0
32,8,20,0
32,15,5,0
32,20,7,0
32,20,19,1
32,8,4,0
32,9,11,0
32,14,19,0
32,8,13,0
32,1,5,0
32,18,17,0
32,9,16,0
32,20,19,0
32,1,20,0
32,6,16,0
32,18,7,0
32,15,12,0
32,18,10,1
32,20,4,0
32,6,20,0
32,13,4,0
32,13,2,0
32,3,13,0
32,18,1,0
32,4,7,0
32,4,19,0
32,15,4,1
32,18,4,0
32,20,2,0
32,15,4,0
32,18,16,0
32,14,20,0
32,17,19,0
33,3,7,0
33,14,11,0
33,19,9,0
33,10,20,1
33,16,15,0
33,14,17,0
33,10,20,0
33,18,10,0
33,19,15,0
33,17,15,0
33,8,20,0
33,15,5,0
33,7,20,0
33,19,20,1
33,8,4,0
33,11,9,0
33,14,19,0
33,8,13,0
33,1,5,0
33,18,17,0
33,9,16,0
33,19,20,0
33,1,20,0
33,6,16,0
33,18,7,0
33,15,12,0
33,18,10,1
33,4,20,0
33,6,20,0
33,13,4,0
33,13,2,0
33,3,13,0
33,1,18,0
33,7,4,0
33,19,4,0
33,15,4,1
33,18,4,0
33,2,20,0
33,15,4,0
33,18,16,0
33,14,20,0
33,17,19,0
34,3,7,0
34,11,14,0
34,19,9,0
34,20,10,1
34,16,15,0
34,14,17,0
34,10,20,0
34,18,10,0
34,19,15,0
34,17,15,0
34,8,20,0
34,15,5,0
34,20,7,0
34,19,20,1
34,8,4,0
34,11,9,0
34,14,19,0
34,8,13,0
34,1,5,0
34,18,17,0
34,16,9,0
34,19,20,0
34,1,20,0
34,6,16,0
34,18,7,0
34,15,12,0
34,18,10,1
34,20,4,0
34,20,6,0
34,13,4,0
34,13,2,0
34,3,13,0
34,18,1,0
34,7,4,0
34,19,4,0
34,15,4,1
34,18,4,0
34,2,20,0
34,15,4,0
34,18,16,0
34,14,20,0
34,19,17,0
35,3,7,0
35,14,11,0
35,9,19,0
35,10,20,1
35,15,16,0
35,17,14,0
35,10,20,0
35,18,10,0
35,15,19,0
35,15,17,0
35,8,20,0
35,15,5,0
35,7,20,0
35,19,20,1
35,8,4,0
35,9,11,0
35,14,19,0
35,8,13,0
35,1,5,0
35,18,17,0
35,9,16,0
35,19,20,0
35,1,20,0
35,6,16,0
35,18,7,0
35,15,12,0
35,18,10,1
35,4,20,0
35,6,20,0
35,4,13,0
35,13,2,0
35,3,13,0
35,1,18,0
35,7,4,0
35,19,4,0
35,15,4,1
35,18,4,0
35,20,2,0
35,15,4,0
35,18,16,0
35,14,20,0
35,17,19,0
36,7,3,0
36,14,11,0
36,19,9,0
36,20,10,1
36,16,15,0
36,17,14,0
36,20,10,0
36,18,10,0
36,19,15,0
36,17,15,0
36,20,8,0
36,15,5,0
36,7,20,0
36,19,20,1
36,4,8,0
36,11,9,0
36,14,19,0
36,8,13,0
36,5,1,0
36,17,18,0
36,9,16,0
36,19,20,0
36,1,20,0
36,6,16,0
36,7,18,0
36,12,15,0
36,18,10,1
36,4,20,0
36,6,20,0
36,4,13,0
36,2,13,0
36,3,13,0
36,1,18,0
36,7,4,0
36,19,4,0
36,4,15,1
36,18,4,0
36,2,20,0
36,4,15,0
36,18,16,0
36,14,20,0
36,17,19,0
37,3,8,0
37,14,6,0
37,17,7,0
37,9,17,1
37,1,20,0
37,11,7,0
37,17,9,0
37,4,2,0
37,6,18,0
37,9,4,0
37,11,4,0
37,1,4,0
37,7,19,0
37,6,17,0
37,2,15,0
37,6,12,0
37,5,10,0
37,9,8,0
37,4,18,0
37,14,4,0
37,4,6,0
37,11,13,0
37,5,16,0
37,12,18,0
37,9,7,0
37,17,1,0
37,20,13,0
37,11,18,0
37,15,18,1
37,12,8,0
37,7,1,0
37,18,15,0
37,16,3,0
37,12,10,0
37,9,2,0
38,3,8,0
38,6,14,0
38,17,7,0
38,17,9,1
38,1,20,0
38,11,7,0
38,17,9,0
38,4,2,0
38,18,6,0
38,9,4,0
38,11,4,0
38,1,4,0
38,19,7,0
38,17,6,0
38,2,15,0
38,6,12,0
38,5,10,0
38,8,9,0
38,18,4,0
38,14,4,0
38,6,4,0
38,11,13,0
38,16,5,0
38,18,12,0
38,7,9,0
38,1,17,0
38,13,20,0
38,18,11,0
38,18,15,1
38,8,12,0
38,1,7,0
38,18,15,0
38,3,16,0
38,10,12,0
38,9,2,0
39,3,8,0
39,6,14,0
39,17,7,0
39,9,17,1
39,20,1,0
39,11,7,0
39,17,9,0
39,4,2,0
39,6,18,0
39,9,4,0
39,4,11,0
39,4,1,0
39,19,7,0
39,17,6,0
39,15,2,0
39,6,12,0
39,10,5,0
39,9,8,0
39,4,18,0
39,4,14,0
39,4,6,0
39,13,11,0
39,16,5,0
39,12,18,0
39,9,7,0
39,17,1,0
39,13,20,0
39,18,11,0
39,18,15,1
39,12,8,0
39,1,7,0
39,18,15,0
39,3,16,0
39,12,10,0
39,9,2,0
40,8,3,0
40,14,6,0
40,17,7,0
40,17,9,1
40,20,1,0
40,11,7,0
40,17,9,0
40,4,2,0
40,6,18,0
40,9,4,0
40,11,4,0
40,1,4,0
40,19,7,0
40,6,17,0
40,2,15,0
40,6,12,0
40,5,10,0
40,8,9,0
40,18,4,0
40,14,4,0
40,6,4,0
40,11,13,0
40,16,5,0
40,18,12,0
40,9,7,0
40,17,1,0
40,20,13,0
40,11,18,0
40,18,15,1
40,8,12,0
40,1,7,0
40,18,15,0
40,16,3,0
40,12,10,0
40,2,9,0
41,3,8,0
41,6,14,0
41,17,7,0
41,9,17,1
41,20,1,0
41,11,7,0
41,9,17,0
41,4,2,0
41,6,18,0
41,9,4,0
41,4,11,0
41,4,1,0
41,19,7,0
41,17,6,0
41,15,2,0
41,12,6,0
41,10,5,0
41,9,8,0
41,4,18,0
41,4,14,0
41,6,4,0
41,13,11,0
41,5,16,0
41,12,18,0
41,9,7,0
41,17,1,0
41,20,13,0
41,18,11,0
41,15,18,1
41,12,8,0
41,1,7,0
41,15,18,0
41,3,16,0
41,12,10,0
41,9,2,0
42,3,8,0
42,6,14,0
42,7,17,0
42,17,9,1
42,20,1,0
42,7,11,0
42,17,9,0
42,2,4,0
42,18,6,0
42,4,9,0
42,4,11,0
42,4,1,0
42,7,19,0
42,17,6,0
42,2,15,0
42,12,6,0
42,10,5,0
42,8,9,0
42,4,18,0
42,4,14,0
42,4,6,0
42,13,11,0
42,16,5,0
42,18,12,0
42,7,9,0
42,1,17,0
42,13,20,0
42,11,18,0
42,18,15,1
42,12,8,0
42,7,1,0
42,18,15,0
42,16,3,0
42,10,12,0
42,2,9,0
43,3,8,0
43,6,14,0
43,7,17,0
43,9,17,1
43,1,20,0
43,7,11,0
43,9,17,0
43,2,4,0
43,18,6,0
43,9,4,0
43,4,11,0
43,1,4,0
43,7,19,0
43,17,6,0
43,15,2,0
43,12,6,0
43,10,5,0
43,8,9,0
43,4,18,0
43,4,14,0
43,4,6,0
43,13,11,0
43,5,16,0
43,18,12,0
43,7,9,0
43,1,17,0
43,13,20,0
43,18,11,0
43,15,18,1
43,12,8,0
43,7,1,0
43,15,18,0
43,3,16,0
43,10,12,0
43,2,9,0
44,8,3,0
44,14,6,0
44,7,17,0
44,9,17,1
44,20,1,0
44,7,11,0
44,9,17,0
44,2,4,0
44,18,6,0
44,9,4,0
44,11,4,0
44,1,4,0
44,7,19,0
44,6,17,0
44,15,2,0
44,12,6,0
44,10,5,0
44,9,8,0
44,4,18,0
44,14,4,0
44,6,4,0
44,11,13,0
44,5,16,0
44,18,12,0
44,9,7,0
44,17,1,0
44,13,20,0
44,18,11,0
44,15,18,1
44,8,12,0
44,7,1,0
44,15,18,0
44,3,16,0
44,12,10,0
44,9,2,0
45,5,13,0
45,11,10,0
45,20,16,0
45,19,16,1
45,19,10,0
45,20,12,0
45,19,16,0
45,3,1,0
45,17,11,0
45,18,20,0
45,6,1,0
45,17,5,0
45,14,9,0
45,17,16,1
45,11,20,0
45,17,10,0
45,17,13,0
45,6,13,0
45,9,1,0
45,9,13,0
45,17,16,0
45,19,18,0
45,7,15,0
45,11,15,0
45,19,5,0
45,1,19,1
45,12,5,0
45,6,15,0
45,11,5,0
45,12,3,0
45,5,2,0
45,5,18,0
45,6,3,0
45,8,2,0
45,14,3,1
45,12,13,0
45,6,7,0
45,3,14,0
45,8,15,0
45,8,16,0
45,11,3,0
46,13,5,0
46,11,10,0
46,16,20,0
46,19,16,1
46,19,10,0
46,12,20,0
46,19,16,0
46,1,3,0
46,11,17,0
46,18,20,0
46,1,6,0
46,17,5,0
46,9,14,0
46,17,16,1
46,11,20,0
46,17,10,0
46,17,13,0
46,13,6,0
46,1,9,0
46,13,9,0
46,17,16,0
46,18,19,0
46,15,7,0
46,11,15,0
46,19,5,0
46,1,19,1
46,5,12,0
46,15,6,0
46,11,5,0
46,3,12,0
46,2,5,0
46,18,5,0
46,3,6,0
46,8,2,0
46,3,14,1
46,13,12,0
46,7,6,0
46,3,14,0
46,15,8,0
46,8,16,0
46,3,11,0
47,13,5,0
47,11,10,0
47,16,20,0
47,19,16,1
47,19,10,0
47,12,20,0
47,19,16,0
47,3,1,0
47,17,11,0
47,18,20,0
47,1,6,0
47,17,5,0
47,14,9,0
47,17,16,1
47,11,20,0
47,17,10,0
47,17,13,0
47,6,13,0
47,1,9,0
47,9,13,0
47,17,16,0
47,18,19,0
47,15,7,0
47,11,15,0
47,19,5,0
47,1,19,1
47,12,5,0
47,6,15,0
47,11,5,0
47,3,12,0
47,2,5,0
47,18,5,0
47,3,6,0
47,8,2,0
47,3,14,1
47,13,12,0
47,7,6,0
47,3,14,0
47,15,8,0
47,8,16,0
47,3,11,0
48,13,5,0
48,10,11,0
48,20,16,0
48,19,16,1
48,10,19,0
48,12,20,0
48,16,19,0
48,17,11,0
48,20,18,0
48,1,6,0
48,5,17,0
48,9,14,0
48,17,16,1
48,20,11,0
48,10,17,0
48,13,17,0
48,13,6,0
48,9,1,0
48,13,9,0
48,17,16,0
48,18,19,0
48,7,15,0
48,11,15,0
48,5,19,0
48,1,19,1
48,5,12,0
48,6,15,0
48,5,11,0
48,12,3,0
48,2,5,0
48,18,5,0
48,6,3,0
48,2,8,0
48,14,3,1
48,13,12,0
48,7,6,0
48,14,3,0
48,15,8,0
48,8,16,0
48,3,11,0
49,5,13,0
49,11,10,0
49,16,20,0
49,19,16,1
49,19,10,0
49,12,20,0
49,19,16,0
49,1,3,0
49,17,11,0
49,18,20,0
49,6,1,0
49,17,5,0
49,14,9,0
49,17,16,1
49,11,20,0
49,17,10,0
49,17,13,0
49,6,13,0
49,9,1,0
49,17,16,0
49,19,18,0
49,7,15,0
49,11,15,0
49,19,5,0
49,1,19,1
49,12,5,0
49,6,15,0
49,11,5,0
49,3,12,0
49,2,5,0
49,18,5,0
49,6,3,0
49,8,2,0
49,14,3,1
49,12,13,0
49,6,7,0
49,14,3,0
49,8,15,0
49,8,16,0
49,11,3,0
50,13,5,0
50,11,10,0
50,16,20,0
50,19,16,1
50,19,10,0
50,12,20,0
50,19,16,0
50,1,3,0
50,17,11,0
50,18,20,0
50,6,1,0
50,17,5,0
50,9,14,0
50,17,16,1
50,11,20,0
50,17,10,0
50,17,13,0
50,6,13,0
50,9,1,0
50,9,13,0
50,17,16,0
50,18,19,0
50,7,15,0
50,11,15,0
50,19,5,0
50,1,19,1
50,12,5,0
50,15,6,0
50,11,5,0
50,12,3,0
50,2,5,0
50,18,5,0
50,6,3,0
50,8,2,0
50,14,3,1
50,12,13,0
50,7,6,0
50,14,3,0
50,15,8,0
50,8,16,0
50,3,11,0
51,13,5,0
51,11,10,0
51,16,20,0
51,19,16,1
51,19,10,0
51,12,20,0
51,19,16,0
51,1,3,0
51,17,11,0
51,18,20,0
51,1,6,0
51,17,5,0
51,14,9,0
51,17,16,1
51,11,20,0
51,17,10,0
51,17,13,0
51,6,13,0
51,1,9,0
51,9,13,0
51,17,16,0
51,18,19,0
51,15,7,0
51,11,15,0
51,19,5,0
51,1,19,1
51,12,5,0
51,6,15,0
51,11,5,0
51,3,12,0
51,2,5,0
51,18,5,0
51,3,6,0
51,8,2,0
51,3,14,1
51,13,12,0
51,6,7,0
51,3,14,0
51,8,15,0
51,8,16,0
51,3,11,0
52,13,5,0
52,11,10,0
52,16,20,0
52,19,16,1
52,19,10,0
52,12,20,0
52,19,16,0
52,1,3,0
52,17,11,0
52,18,20,0
52,6,1,0
52,17,5,0
52,14,9,0
52,17,16,1
52,11,20,0
52,17,10,0
52,17,13,0
52,6,13,0
52,9,1,0
52,9,13,0
52,17,16,0
52,18,19,0
52,7,15,0
52,11,15,0
52,19,5,0
52,1,19,1
52,12,5,0
52,6,15,0
52,11,5,0
52,3,12,0
52,2,5,0
52,18,5,0
52,6,3,0
52,8,2,0
52,14,3,1
52,12,13,0
52,6,7,0
52,14,3,0
52,8,15,0
52,8,16,0
52,3,11,0
53,13,16,0
53,14,7,0
53,3,9,0
53,15,9,1
53,18,2,0
53,12,16,0
53,15,9,0
53,3,19,0
53,12,11,0
53,8,6,0
53,18,14,0
53,15,10,0
53,9,12,0
53,15,1,1
53,8,5,0
53,17,8,0
53,6,2,0
53,6,10,0
53,15,20,0
53,7,16,0
53,9,5,0
53,15,1,0
53,6,11,0
53,14,12,0
53,9,20,0
53,8,19,0
53,3,19,1
53,12,17,0
53,8,1,0
53,13,10,0
53,18,9,0
53,16,2,0
53,17,4,0
53,3,5,0
53,19,2,0
53,14,1,1
53,12,4,0
53,3,10,0
53,1,14,0
53,13,19,0
53,10,7,0
53,10,2,0
54,13,16,0
54,14,7,0
54,3,9,0
54,15,9,1
54,18,2,0
54,16,12,0
54,15,9,0
54,3,19,0
54,11,12,0
54,8,6,0
54,18,14,0
54,10,15,0
54,12,9,0
54,1,15,1
54,8,5,0
54,17,8,0
54,2,6,0
54,10,6,0
54,15,20,0
54,16,7,0
54,5,9,0
54,1,15,0
54,11,6,0
54,12,14,0
54,20,9,0
54,8,19,0
54,3,19,1
54,12,17,0
54,1,8,0
54,10,13,0
54,18,9,0
54,16,2,0
54,17,4,0
54,3,5,0
54,19,2,0
54,1,14,1
54,4,12,0
54,3,10,0
54,1,14,0
54,13,19,0
54,10,7,0
54,10,2,0
55,13,16,0
55,7,14,0
55,3,9,0
55,15,9,1
55,18,2,0
55,16,12,0
55,15,9,0
55,3,19,0
55,12,11,0
55,8,6,0
55,18,14,0
55,10,15,0
55,9,12,0
55,1,15,1
55,8,5,0
55,17,8,0
55,6,2,0
55,10,6,0
55,15,20,0
55,16,7,0
55,9,5,0
55,1,15,0
55,6,11,0
55,12,14,0
55,9,20,0
55,8,19,0
55,3,19,1
55,17,12,0
55,1,8,0
55,10,13,0
55,18,9,0
55,16,2,0
55,17,4,0
55,3,5,0
55,19,2,0
55,1,14,1
55,4,12,0
55,3,10,0
55,1,14,0
55,13,19,0
55,10,7,0
55,10,2,0
56,16,13,0
56,7,14,0
56,9,3,0
56,9,15,1
56,2,18,0
56,16,12,0
56,9,15,0
56,19,3,0
56,11,12,0
56,6,8,0
56,14,18,0
56,10,15,0
56,9,12,0
56,1,15,1
56,5,8,0
56,17,8,0
56,2,6,0
56,10,6,0
56,20,15,0
56,16,7,0
56,9,5,0
56,1,15,0
56,6,11,0
56,12,14,0
56,9,20,0
56,19,8,0
56,19,3,1
56,17,12,0
56,1,8,0
56,10,13,0
56,9,18,0
56,16,2,0
56,4,17,0
56,5,3,0
56,2,19,0
56,14,1,1
56,4,12,0
56,3,10,0
56,14,1,0
56,19,13,0
56,7,10,0
56,2,10,0
57,16,13,0
57,14,7,0
57,3,9,0
57,9,15,1
57,18,2,0
57,12,16,0
57,9,15,0
57,3,19,0
57,11,12,0
57,6,8,0
57,18,14,0
57,15,10,0
57,9,12,0
57,1,15,1
57,8,5,0
57,17,8,0
57,6,2,0
57,6,10,0
57,15,20,0
57,7,16,0
57,9,5,0
57,15,1,0
57,11,6,0
57,14,12,0
57,9,20,0
57,8,19,0
57,3,19,1
57,17,12,0
57,1,8,0
57,13,10,0
57,9,18,0
57,16,2,0
57,17,4,0
57,3,5,0
57,19,2,0
57,14,1,1
57,4,12,0
57,3,10,0
57,1,14,0
57,19,13,0
57,7,10,0
57,2,10,0
58,16,13,0
58,14,7,0
58,9,3,0
58,9,15,1
58,18,2,0
58,12,16,0
58,9,15,0
58,19,3,0
58,11,12,0
58,8,6,0
58,18,14,0
58,15,10,0
58,9,12,0
58,1,15,1
58,8,5,0
58,17,8,0
58,6,2,0
58,6,10,0
58,15,20,0
58,7,16,0
58,9,5,0
58,1,15,0
58,11,6,0
58,14,12,0
58,9,20,0
58,8,19,0
58,19,3,1
58,17,12,0
58,8,1,0
58,10,13,0
58,9,18,0
58,2,16,0
58,17,4,0
58,3,5,0
58,19,2,0
58,14,1,1
58,12,4,0
58,3,10,0
58,14,1,0
58,19,13,0
58,7,10,0
58,2,10,0
59,13,16,0
59,14,7,0
59,3,9,0
59,15,9,1
59,18,2,0
59,12,16,0
59,15,9,0
59,3,19,0
59,11,12,0
59,8,6,0
59,18,14,0
59,15,10,0
59,9,12,0
59,1,15,1
59,8,5,0
59,17,8,0
59,6,2,0
59,6,10,0
59,15,20,0
59,7,16,0
59,9,5,0
59,1,15,0
59,6,11,0
59,14,12,0
59,9,20,0
59,8,19,0
59,3,19,1
59,17,12,0
59,1,8,0
59,10,13,0
59,18,9,0
59,16,2,0
59,17,4,0
59,3,5,0
59,19,2,0
59,1,14,1
59,4,12,0
59,3,10,0
59,1,14,0
59,19,13,0
59,7,10,0
59,10,2,0
60,13,16,0
60,7,14,0
60,3,9,0
60,15,9,1
60,18,2,0
60,16,12,0
60,15,9,0
60,3,19,0
60,11,12,0
60,8,6,0
60,18,14,0
60,15,10,0
60,9,12,0
60,1,15,1
60,8,5,0
60,17,8,0
60,6,2,0
60,6,10,0
60,15,20,0
60,7,16,0
60,9,5,0
60,1,15,0
60,11,6,0
60,14,12,0
60,9,20,0
60,8,19,0
60,3,19,1
60,17,12,0
60,1,8,0
60,10,13,0
60,18,9,0
60,16,2,0
60,17,4,0
60,3,5,0
60,19,2,0
60,1,14,1
60,4,12,0
60,3,10,0
60,1,14,0
60,19,13,0
60,7,10,0
60,10,2,0
