a11,4,a34,a43,250,a65,a75,1,a93,a101,1,a121,19,a143,a152,1,a173,1,a192,a201,1
a12,4,a32,a43,276,a61,a73,1,a92,a101,1,a121,19,a143,a152,1,a173,1,a191,a201,2
a14,4,a34,a46,338,a61,a74,1,a93,a101,1,a121,20,a143,a152,1,a172,1,a191,a201,1
a11,4,a32,a42,339,a61,a74,1,a93,a103,1,a122,20,a143,a153,1,a173,1,a191,a201,1
a11,4,a33,a40,343,a61,a73,1,a93,a101,1,a124,20,a143,a153,1,a173,1,a191,a201,2
a14,4,a32,a46,362,a65,a73,1,a93,a101,1,a124,20,a143,a153,1,a172,1,a192,a201,1
a14,5,a32,a42,368,a63,a75,1,a93,a101,1,a122,20,a143,a152,1,a173,1,a191,a201,1
a12,6,a32,a41,385,a61,a73,1,a93,a101,1,a123,20,a143,a151,1,a174,1,a192,a201,1
a14,6,a32,a43,392,a64,a74,1,a91,a101,1,a121,20,a143,a152,1,a172,1,a191,a201,1
a12,6,a34,a40,409,a61,a71,1,a94,a101,1,a123,20,a143,a152,1,a174,1,a191,a201,2
a12,6,a32,a40,426,a61,a72,1,a92,a101,1,a123,20,a143,a151,1,a173,1,a191,a201,2
a11,6,a32,a49,428,a61,a72,1,a92,a101,1,a122,20,a143,a151,1,a173,1,a191,a201,2
a12,6,a32,a43,433,a61,a73,1,a92,a101,1,a123,20,a143,a152,1,a173,1,a192,a201,1
a11,6,a34,a40,433,a61,a75,1,a93,a101,1,a123,20,a143,a152,1,a172,1,a191,a201,2
a11,6,a32,a40,448,a61,a73,1,a92,a101,1,a123,20,a143,a151,1,a173,1,a191,a201,1
a11,6,a32,a43,454,a62,a73,1,a92,a101,1,a123,20,a143,a152,1,a172,1,a191,a201,2
a14,6,a34,a43,458,a65,a75,1,a93,a101,1,a122,21,a143,a152,1,a173,1,a191,a201,1
a11,6,a30,a49,484,a65,a72,1,a93,a101,1,a123,21,a141,a152,1,a173,1,a191,a201,1
a12,6,a32,a41,518,a61,a75,1,a92,a101,1,a124,21,a143,a153,1,a174,1,a192,a201,2
a14,6,a32,a43,522,a63,a75,1,a93,a101,1,a123,21,a143,a152,1,a173,1,a192,a201,1
a14,6,a34,a40,571,a61,a73,1,a93,a101,1,a123,21,a143,a152,1,a173,1,a192,a201,1
a11,6,a32,a43,585,a63,a73,1,a93,a101,1,a121,21,a143,a151,1,a173,1,a191,a201,1
a11,6,a34,a40,590,a61,a72,1,a93,a101,1,a121,21,a143,a151,1,a172,1,a191,a202,1
a12,6,a34,a41,601,a62,a72,1,a93,a101,1,a122,21,a143,a152,1,a173,1,a191,a201,1
a14,6,a34,a42,609,a65,a73,1,a94,a101,1,a123,21,a143,a152,1,a173,1,a191,a202,1
a11,6,a32,a42,609,a61,a73,1,a93,a101,1,a121,21,a141,a152,1,a172,1,a192,a201,1
a14,6,a30,a43,618,a61,a75,1,a94,a101,1,a123,21,a143,a152,1,a172,1,a191,a201,1
a13,6,a31,a43,625,a64,a73,1,a92,a101,1,a121,21,a143,a151,1,a173,1,a191,a201,1
a12,6,a32,a43,626,a61,a73,1,a93,a103,1,a121,21,a143,a152,1,a173,1,a191,a201,1
a11,6,a33,a49,629,a61,a75,1,a93,a101,1,a124,21,a143,a152,1,a173,1,a192,a201,2
a12,6,a32,a49,639,a64,a72,1,a94,a101,1,a121,22,a141,a152,1,a173,1,a192,a201,1
a11,6,a32,a42,640,a61,a73,1,a93,a101,1,a123,22,a142,a152,1,a173,1,a191,a201,1
a12,6,a32,a40,652,a62,a73,1,a93,a101,1,a123,22,a143,a152,1,a173,1,a192,a201,1
a14,6,a34,a49,654,a65,a75,1,a93,a101,1,a124,22,a143,a151,1,a172,1,a191,a201,1
a13,6,a32,a42,660,a61,a72,1,a92,a101,1,a122,22,a141,a152,1,a174,1,a192,a201,1
a12,6,a34,a43,662,a61,a72,1,a93,a101,1,a122,22,a143,a152,1,a172,1,a191,a201,2
a14,6,a34,a46,666,a61,a73,1,a93,a101,1,a124,22,a141,a153,1,a173,1,a192,a201,1
a13,6,a32,a43,672,a61,a73,1,a93,a102,1,a121,22,a142,a152,1,a173,1,a191,a201,2
a13,6,a32,a44,674,a61,a73,1,a93,a101,1,a123,22,a143,a152,1,a173,1,a192,a201,1
a12,6,a32,a43,682,a61,a73,1,a93,a101,1,a121,22,a143,a152,1,a173,1,a191,a201,1
a14,6,a32,a43,683,a63,a75,1,a93,a101,1,a123,22,a141,a152,1,a174,1,a191,a201,1
a12,6,a32,a43,684,a63,a73,1,a91,a101,1,a123,22,a143,a152,1,a173,1,a192,a201,1
a12,6,a33,a45,685,a61,a73,1,a93,a101,1,a121,22,a143,a152,1,a172,1,a192,a201,1
a11,6,a34,a41,691,a62,a74,1,a94,a101,1,a123,22,a143,a151,1,a173,1,a191,a201,1
a11,6,a34,a41,697,a61,a75,1,a92,a101,1,a124,22,a142,a153,1,a172,1,a191,a201,2
a14,6,a34,a40,700,a61,a72,1,a92,a101,1,a123,22,a143,a152,1,a174,1,a191,a201,1
a14,6,a32,a43,701,a63,a75,1,a93,a101,1,a123,22,a143,a152,1,a173,1,a191,a201,1
a11,6,a32,a41,701,a63,a71,1,a92,a101,1,a122,22,a143,a151,1,a171,1,a192,a201,1
a14,6,a34,a40,707,a61,a73,1,a93,a101,1,a122,22,a143,a152,1,a172,1,a191,a201,1
a14,6,a32,a43,708,a62,a73,1,a92,a102,1,a121,22,a143,a152,1,a173,1,a191,a201,1
a12,6,a33,a42,709,a65,a72,1,a93,a101,1,a122,22,a141,a152,1,a172,1,a191,a201,1
a12,6,a33,a41,709,a61,a75,1,a93,a101,1,a123,22,a143,a152,1,a174,1,a192,a201,1
a14,6,a32,a43,717,a61,a73,1,a93,a101,1,a123,22,a143,a152,1,a173,1,a191,a201,1
a14,6,a32,a41,717,a65,a73,1,a93,a101,1,a122,22,a143,a152,1,a173,1,a192,a201,1
a12,6,a33,a40,719,a61,a75,1,a93,a101,1,a124,22,a141,a153,1,a173,1,a192,a201,2
a14,6,a31,a40,727,a65,a73,1,a93,a103,1,a121,22,a142,a152,1,a172,1,a191,a201,1
a12,6,a32,a43,727,a65,a71,1,a93,a101,1,a124,22,a143,a152,1,a174,1,a192,a201,2
a14,6,a34,a43,730,a61,a73,1,a92,a101,1,a123,23,a142,a152,1,a173,1,a191,a201,1
a13,6,a32,a40,731,a61,a75,1,a92,a101,1,a123,23,a143,a152,1,a174,1,a191,a201,1
a11,6,a34,a42,741,a61,a72,1,a92,a102,1,a124,23,a143,a151,1,a172,1,a192,a201,2
a12,6,a32,a49,745,a61,a73,1,a94,a101,1,a121,23,a141,a152,1,a173,1,a192,a201,1
a12,6,a34,a43,750,a65,a75,1,a93,a103,1,a121,23,a143,a152,1,a173,1,a192,a201,1
a12,6,a30,a49,753,a61,a75,1,a93,a101,1,a124,23,a143,a153,1,a174,1,a192,a201,2
a12,6,a30,a49,754,a61,a73,1,a93,a101,1,a123,23,a143,a152,1,a173,1,a192,a201,2
a14,6,a32,a43,759,a61,a72,1,a92,a101,1,a122,23,a143,a152,1,a173,1,a192,a201,1
a14,6,a32,a45,760,a65,a75,1,a93,a101,1,a122,23,a143,a152,1,a173,1,a192,a201,1
a14,6,a32,a43,763,a61,a72,1,a92,a101,1,a123,23,a141,a152,1,a173,1,a191,a201,1
a12,6,a32,a40,766,a64,a73,1,a94,a101,1,a121,23,a143,a152,1,a173,1,a191,a201,1
a14,6,a32,a46,776,a61,a73,1,a93,a101,1,a124,23,a142,a153,1,a173,1,a192,a201,2
a14,6,a32,a43,781,a65,a73,1,a92,a101,1,a123,23,a143,a152,1,a173,1,a191,a201,1
a14,6,a32,a41,783,a61,a73,1,a92,a101,1,a122,23,a141,a152,1,a173,1,a191,a201,1
a14,6,a34,a43,790,a65,a75,1,a93,a101,1,a122,23,a143,a151,1,a172,1,a192,a201,1
a11,6,a34,a410,795,a61,a75,1,a93,a101,1,a124,23,a141,a153,1,a174,1,a192,a201,1
a12,6,a34,a49,797,a61,a74,1,a92,a101,1,a121,23,a141,a152,1,a172,1,a191,a201,1
a11,6,a32,a46,802,a65,a75,1,a93,a101,1,a124,23,a143,a152,1,a174,1,a192,a201,2
a11,6,a34,a41,802,a61,a75,1,a93,a101,1,a124,23,a143,a153,1,a174,1,a191,a201,1
a11,6,a32,a43,804,a61,a72,1,a93,a101,1,a123,23,a143,a152,1,a173,1,a191,a201,2
a12,6,a33,a43,806,a61,a74,1,a93,a101,1,a122,23,a143,a152,1,a173,1,a191,a201,1
a14,6,a30,a41,836,a65,a73,1,a93,a101,1,a122,23,a143,a152,1,a172,1,a191,a201,1
a12,6,a32,a42,841,a61,a72,1,a94,a101,1,a122,23,a143,a152,1,a173,1,a191,a201,1
a14,6,a32,a43,846,a65,a72,1,a92,a101,1,a123,23,a143,a152,1,a173,1,a192,a201,2
a14,6,a32,a43,860,a63,a75,1,a93,a101,1,a122,23,a142,a152,1,a173,1,a192,a201,1
a14,7,a32,a49,866,a62,a73,1,a92,a101,1,a122,23,a143,a151,1,a172,1,a191,a201,1
a11,7,a32,a410,874,a61,a75,1,a92,a103,1,a121,23,a143,a152,1,a172,1,a192,a201,1
a11,7,a32,a43,882,a61,a75,1,a93,a101,1,a121,23,a143,a152,1,a172,1,a191,a201,1
a14,7,a34,a49,884,a61,a73,1,a92,a103,1,a121,23,a143,a152,1,a174,1,a192,a201,1
a12,7,a34,a42,886,a61,a72,1,a92,a101,1,a122,23,a143,a152,1,a173,1,a191,a201,1
a12,8,a32,a46,888,a62,a73,1,a93,a101,1,a124,23,a143,a153,1,a173,1,a192,a201,2
a11,8,a32,a40,894,a62,a74,1,a93,a101,1,a123,23,a143,a152,1,a174,1,a192,a201,1
a11,8,a30,a45,900,a61,a74,1,a93,a101,1,a121,23,a143,a152,1,a173,1,a191,a201,2
a14,8,a34,a43,902,a61,a75,1,a93,a101,1,a121,23,a143,a152,1,a173,1,a191,a201,1
a11,8,a34,a41,907,a61,a75,1,a93,a101,1,a121,23,a143,a152,1,a173,1,a191,a201,1
a14,8,a34,a43,909,a65,a75,1,a92,a101,1,a122,23,a141,a152,1,a172,1,a191,a201,2
a13,8,a34,a42,915,a65,a75,1,a93,a102,1,a124,23,a143,a151,1,a173,1,a191,a201,1
a12,9,a32,a40,918,a64,a75,1,a93,a101,1,a121,23,a143,a152,1,a173,1,a192,a201,1
a12,9,a30,a49,926,a61,a72,1,a93,a101,1,a124,23,a143,a151,1,a173,1,a192,a201,2
a14,9,a34,a46,929,a65,a74,1,a92,a101,1,a123,23,a143,a152,1,a173,1,a191,a201,1
a12,9,a32,a49,930,a62,a73,1,a93,a101,1,a123,23,a143,a152,1,a173,1,a191,a201,1
a12,9,a34,a43,931,a61,a75,1,a93,a101,1,a121,23,a143,a152,1,a173,1,a191,a201,1
a12,9,a33,a41,932,a65,a74,1,a93,a101,1,a122,23,a141,a151,1,a174,1,a192,a201,1
a14,9,a32,a40,932,a62,a75,1,a94,a101,1,a121,23,a143,a151,1,a172,1,a191,a201,1
a12,9,a32,a43,936,a61,a74,1,a93,a101,1,a123,23,a143,a151,1,a173,1,a191,a201,1
a14,9,a33,a43,937,a61,a73,1,a92,a101,1,a121,23,a143,a152,1,a173,1,a191,a201,1
a12,9,a34,a42,939,a61,a74,1,a93,a101,1,a123,23,a143,a151,1,a173,1,a192,a201,1
a14,9,a32,a41,947,a65,a72,1,a94,a101,1,a123,23,a143,a151,1,a173,1,a192,a201,1
a12,9,a34,a410,950,a61,a73,1,a93,a102,1,a123,24,a143,a152,1,a174,1,a192,a201,2
a14,9,a31,a40,951,a61,a75,1,a93,a101,1,a124,24,a141,a152,1,a174,1,a192,a201,2
a12,9,a32,a40,958,a61,a74,1,a93,a101,1,a123,24,a143,a152,1,a173,1,a191,a201,1
a11,9,a32,a42,959,a65,a72,1,a92,a101,1,a122,24,a143,a152,1,a173,1,a192,a202,1
a12,9,a32,a49,960,a63,a75,1,a94,a101,1,a121,24,a143,a152,1,a173,1,a192,a201,1
a12,9,a33,a49,975,a62,a75,1,a91,a101,1,a123,24,a141,a152,1,a173,1,a191,a201,1
a13,9,a32,a46,976,a61,a72,1,a92,a101,1,a122,24,a143,a151,1,a173,1,a192,a201,1
a12,9,a32,a40,976,a61,a74,1,a93,a101,1,a121,24,a143,a151,1,a172,1,a191,a201,1
a14,9,a34,a40,983,a61,a73,1,a92,a101,1,a121,24,a142,a152,1,a173,1,a192,a201,2
a11,9,a32,a43,996,a63,a75,1,a94,a101,1,a121,24,a143,a152,1,a173,1,a191,a201,1
a14,9,a34,a43,999,a65,a75,1,a93,a101,1,a121,24,a143,a152,1,a173,1,a192,a201,1
a11,9,a32,a43,1007,a65,a74,1,a92,a101,1,a123,24,a143,a152,1,a174,1,a192,a201,2
a11,9,a34,a42,1024,a65,a72,1,a92,a102,1,a121,24,a143,a151,1,a173,1,a191,a202,1
a11,9,a34,a42,1028,a63,a73,1,a92,a101,1,a123,24,a143,a152,1,a173,1,a191,a201,2
a12,9,a34,a40,1037,a63,a74,1,a91,a101,1,a123,24,a143,a152,1,a174,1,a192,a201,1
a11,9,a32,a43,1038,a61,a73,1,a92,a101,1,a121,24,a143,a152,1,a173,1,a192,a201,2
a14,9,a34,a41,1042,a61,a75,1,a92,a101,1,a123,24,a143,a151,1,a174,1,a192,a201,1
a14,9,a32,a42,1047,a61,a73,1,a93,a101,1,a121,24,a143,a151,1,a172,1,a191,a201,1
a13,9,a34,a40,1048,a61,a75,1,a93,a101,1,a124,24,a143,a153,1,a173,1,a192,a201,1
a12,9,a32,a42,1049,a65,a72,1,a92,a101,1,a121,24,a143,a151,1,a173,1,a191,a201,2
a11,9,a34,a40,1050,a61,a73,1,a93,a101,1,a122,24,a143,a152,1,a173,1,a191,a201,1
a11,9,a32,a43,1053,a61,a73,1,a94,a101,1,a121,24,a143,a152,1,a172,1,a191,a201,1
a12,9,a32,a45,1055,a61,a73,1,a93,a101,1,a123,24,a143,a152,1,a173,1,a191,a201,2
a12,9,a34,a41,1056,a61,a71,1,a93,a101,1,a123,24,a143,a152,1,a174,1,a192,a201,1
a11,9,a34,a40,1068,a61,a73,1,a92,a102,1,a121,24,a143,a152,1,a173,1,a191,a201,2
a12,9,a32,a40,1076,a65,a74,1,a92,a101,2,a123,24,a143,a152,1,a173,1,a191,a201,1
a11,9,a33,a46,1082,a61,a73,1,a93,a101,2,a122,24,a142,a152,1,a173,1,a192,a201,2
a14,9,a32,a42,1082,a61,a72,1,a93,a101,2,a122,24,a141,a152,1,a172,1,a191,a201,1
a14,9,a32,a42,1092,a61,a73,1,a93,a101,2,a124,24,a141,a153,1,a173,1,a191,a201,1
a14,9,a32,a43,1098,a62,a74,1,a92,a101,2,a121,24,a143,a152,1,a173,1,a192,a201,1
a14,9,a34,a43,1101,a65,a75,1,a92,a101,2,a121,24,a143,a152,1,a173,1,a192,a201,1
a14,9,a33,a41,1103,a64,a73,2,a93,a101,2,a123,24,a143,a152,1,a173,1,a191,a201,1
a12,9,a32,a43,1107,a63,a73,2,a93,a101,2,a121,24,a143,a152,1,a172,1,a191,a201,2
a12,9,a34,a43,1108,a65,a74,2,a93,a103,2,a121,24,a141,a152,1,a173,1,a192,a201,1
a13,9,a32,a43,1113,a61,a73,2,a92,a101,2,a123,24,a143,a151,1,a172,1,a192,a201,1
a13,9,a32,a40,1123,a64,a72,2,a94,a101,2,a121,24,a143,a152,1,a171,1,a191,a202,1
a12,9,a32,a43,1126,a61,a72,2,a92,a101,2,a124,24,a143,a152,1,a174,1,a192,a201,1
a11,9,a32,a43,1126,a61,a73,2,a93,a101,2,a123,24,a143,a152,1,a174,1,a191,a201,1
a11,10,a32,a42,1131,a61,a73,2,a93,a101,2,a123,24,a143,a152,1,a173,1,a191,a201,2
a14,10,a34,a42,1136,a61,a72,2,a92,a101,2,a122,24,a143,a152,1,a173,1,a192,a201,1
a12,10,a31,a49,1138,a62,a74,2,a93,a101,2,a123,24,a143,a152,1,a173,1,a191,a201,1
a11,10,a34,a40,1149,a61,a75,2,a92,a101,2,a124,24,a143,a152,1,a173,1,a192,a201,1
a14,10,a34,a40,1154,a62,a74,2,a92,a101,2,a123,24,a143,a152,1,a173,1,a192,a201,1
a11,10,a34,a42,1154,a61,a73,2,a93,a103,2,a122,24,a143,a152,1,a173,1,a191,a201,1
a14,10,a34,a43,1155,a64,a75,2,a93,a101,2,a123,25,a143,a152,1,a173,1,a191,a201,1
a14,10,a32,a43,1158,a62,a75,2,a93,a101,2,a124,25,a141,a153,1,a173,1,a192,a201,1
a14,10,a32,a43,1163,a61,a73,2,a93,a101,2,a122,25,a143,a152,1,a173,1,a192,a202,1
a13,10,a32,a43,1164,a61,a73,2,a93,a101,2,a123,25,a143,a152,1,a173,1,a191,a201,1
a12,10,a34,a41,1168,a64,a75,2,a92,a101,2,a124,25,a143,a151,1,a173,1,a191,a201,1
a12,10,a33,a49,1169,a62,a74,2,a93,a101,2,a123,25,a143,a151,1,a174,1,a192,a201,1
a11,10,a32,a42,1169,a61,a73,2,a92,a101,2,a123,25,a143,a151,1,a173,1,a191,a201,2
a11,10,a34,a45,1175,a62,a75,2,a93,a103,2,a121,25,a143,a152,1,a173,1,a191,a202,1
a11,10,a31,a48,1185,a61,a75,2,a94,a101,2,a123,25,a141,a152,1,a172,1,a191,a201,1
a12,10,a32,a40,1188,a62,a74,2,a93,a101,2,a123,25,a141,a152,1,a173,1,a192,a201,1
a14,10,a34,a43,1190,a65,a73,2,a93,a101,2,a121,25,a143,a152,1,a172,1,a191,a201,1
a14,10,a34,a43,1193,a62,a75,2,a93,a101,2,a121,25,a143,a152,1,a173,1,a192,a201,1
a14,10,a34,a40,1198,a61,a72,2,a92,a101,2,a122,25,a143,a152,1,a173,1,a191,a201,1
a14,10,a32,a44,1199,a63,a74,2,a93,a101,2,a122,25,a143,a152,1,a173,1,a192,a201,1
a12,10,a32,a40,1199,a61,a71,2,a93,a101,2,a124,25,a141,a153,1,a174,1,a192,a201,1
a14,10,a32,a40,1200,a63,a75,2,a93,a101,2,a122,25,a143,a152,1,a173,1,a191,a201,1
a14,10,a32,a42,1201,a63,a73,2,a93,a101,2,a123,25,a143,a152,1,a173,1,a192,a201,1
a11,10,a32,a42,1203,a61,a71,2,a92,a101,2,a123,25,a143,a152,1,a173,1,a191,a201,2
a12,10,a32,a42,1204,a64,a72,2,a92,a101,2,a121,25,a143,a152,1,a173,1,a191,a201,1
a14,10,a32,a42,1206,a61,a74,2,a92,a101,2,a122,25,a143,a151,1,a173,1,a192,a201,1
a12,10,a34,a49,1207,a61,a75,2,a91,a101,2,a121,25,a143,a152,1,a173,1,a192,a201,2
a11,10,a30,a40,1209,a61,a75,2,a93,a101,2,a123,25,a143,a151,1,a173,1,a191,a201,2
a14,11,a32,a42,1213,a61,a73,2,a92,a101,2,a121,25,a143,a152,1,a173,1,a192,a201,1
a12,11,a33,a42,1216,a61,a71,2,a92,a101,2,a122,25,a143,a152,1,a174,1,a192,a201,2
a12,11,a32,a43,1216,a61,a73,2,a93,a103,2,a121,25,a143,a152,1,a173,1,a191,a202,1
a11,11,a33,a46,1217,a61,a72,2,a93,a101,2,a122,25,a143,a152,1,a173,1,a191,a201,2
a14,11,a31,a41,1221,a65,a71,2,a92,a101,2,a121,25,a141,a152,1,a174,1,a192,a201,2
a11,11,a32,a42,1223,a61,a73,2,a91,a101,2,a123,25,a143,a152,1,a173,1,a191,a201,1
a11,11,a34,a43,1224,a63,a75,2,a93,a101,2,a123,25,a143,a152,1,a173,1,a191,a201,1
a14,11,a32,a43,1225,a61,a74,2,a93,a101,2,a123,25,a143,a151,1,a174,1,a192,a201,1
a11,11,a34,a40,1228,a61,a75,2,a93,a101,2,a121,25,a143,a152,1,a173,1,a191,a201,1
a14,12,a33,a49,1231,a61,a72,2,a91,a101,2,a123,25,a143,a152,1,a173,1,a191,a201,2
a12,12,a33,a49,1231,a61,a73,2,a91,a101,2,a121,25,a142,a152,1,a174,1,a192,a201,2
a11,12,a31,a40,1236,a65,a73,2,a93,a101,2,a122,25,a143,a152,1,a172,1,a191,a201,2
a14,12,a34,a42,1236,a64,a73,2,a93,a101,2,a121,25,a143,a152,1,a173,1,a192,a201,1
a12,12,a34,a40,1237,a61,a75,2,a93,a101,2,a123,25,a141,a152,1,a173,1,a192,a201,2
a14,12,a34,a43,1237,a61,a73,2,a93,a101,2,a122,25,a143,a152,1,a173,1,a191,a201,1
a12,12,a31,a41,1238,a61,a75,2,a92,a101,2,a124,25,a141,a153,1,a174,1,a192,a201,2
a12,12,a34,a40,1239,a61,a71,2,a93,a101,2,a123,25,a143,a153,1,a171,1,a192,a201,1
a11,12,a32,a43,1240,a62,a74,2,a94,a101,2,a122,25,a143,a152,1,a173,1,a191,a201,2
a12,12,a30,a42,1240,a61,a73,2,a92,a101,2,a123,25,a141,a152,1,a173,1,a192,a201,1
a14,12,a32,a49,1244,a64,a73,2,a93,a101,2,a122,26,a143,a152,1,a174,1,a192,a201,2
a12,12,a30,a49,1245,a62,a74,2,a93,a101,2,a124,26,a143,a153,1,a172,1,a191,a201,2
a12,12,a32,a49,1246,a61,a73,2,a93,a101,2,a123,26,a143,a152,1,a173,1,a192,a201,2
a14,12,a32,a43,1249,a61,a74,2,a94,a101,2,a121,26,a143,a151,1,a173,1,a191,a201,1
a12,12,a32,a43,1255,a62,a73,2,a93,a103,2,a122,26,a143,a151,1,a173,1,a191,a201,2
a12,12,a34,a46,1258,a61,a75,2,a92,a101,2,a123,26,a143,a152,1,a174,1,a192,a201,2
a14,12,a34,a43,1258,a61,a73,2,a92,a101,2,a123,26,a143,a152,1,a173,1,a192,a201,1
a12,12,a32,a42,1258,a62,a72,2,a92,a101,2,a123,26,a141,a151,1,a173,1,a191,a201,2
a12,12,a32,a41,1262,a65,a75,2,a93,a101,2,a124,26,a141,a153,1,a173,1,a192,a201,1
a12,12,a33,a42,1262,a61,a75,2,a91,a101,2,a124,26,a143,a152,1,a174,1,a192,a201,2
a14,12,a34,a46,1262,a63,a75,2,a93,a101,2,a123,26,a143,a152,1,a173,1,a192,a201,1
a11,12,a32,a40,1264,a61,a73,2,a94,a101,2,a121,26,a143,a152,1,a172,1,a191,a201,1
a14,12,a33,a49,1264,a61,a74,2,a93,a101,2,a123,26,a143,a152,1,a173,1,a191,a201,1
a11,12,a32,a48,1271,a61,a74,2,a94,a101,2,a122,26,a143,a151,1,a173,1,a191,a201,2
a14,12,a34,a40,1274,a61,a75,2,a93,a101,2,a121,26,a143,a152,1,a172,1,a191,a201,1
a11,12,a34,a41,1275,a61,a75,2,a93,a101,2,a124,26,a143,a153,1,a174,1,a192,a201,1
a14,12,a34,a42,1275,a61,a75,2,a93,a101,2,a121,26,a143,a152,1,a173,1,a192,a201,1
a12,12,a34,a44,1275,a61,a74,2,a93,a101,2,a122,26,a143,a152,1,a173,1,a191,a201,1
a11,12,a32,a49,1278,a61,a73,2,a94,a101,2,a123,26,a142,a152,1,a172,1,a191,a201,1
a14,12,a32,a41,1282,a64,a74,2,a93,a101,2,a122,26,a143,a152,1,a173,1,a191,a202,1
a14,12,a34,a43,1282,a65,a73,2,a93,a101,2,a121,26,a143,a152,1,a173,1,a191,a201,1
a14,12,a32,a43,1283,a65,a75,2,a92,a101,2,a121,26,a143,a152,1,a172,1,a192,a201,1
a11,12,a30,a49,1285,a61,a71,2,a93,a101,2,a122,26,a142,a152,1,a173,1,a192,a201,2
a13,12,a33,a49,1287,a61,a75,2,a93,a101,2,a121,26,a143,a152,1,a174,1,a192,a201,2
a14,12,a34,a43,1287,a65,a75,2,a93,a101,2,a123,26,a143,a152,1,a173,1,a192,a201,1
a12,12,a34,a48,1288,a65,a74,2,a92,a101,2,a122,26,a143,a152,1,a172,1,a191,a201,1
a11,12,a30,a49,1289,a61,a74,2,a93,a101,2,a122,26,a141,a152,1,a173,1,a192,a201,1
a13,12,a32,a43,1291,a61,a73,2,a93,a101,2,a121,26,a143,a152,1,a173,1,a192,a201,1
a11,12,a32,a42,1295,a61,a73,2,a91,a101,2,a121,26,a143,a151,1,a172,1,a191,a201,1
a14,12,a32,a40,1295,a61,a73,2,a92,a101,2,a123,26,a143,a152,1,a173,1,a192,a201,1
a12,12,a32,a43,1297,a61,a72,2,a94,a103,2,a121,26,a141,a152,1,a172,1,a191,a201,1
a11,12,a32,a46,1299,a65,a73,2,a92,a101,2,a122,26,a141,a151,1,a173,1,a192,a201,1
a14,12,a32,a43,1300,a61,a73,2,a93,a101,2,a121,26,a141,a152,1,a173,1,a191,a201,1
a14,12,a33,a49,1301,a65,a73,2,a93,a101,2,a121,26,a143,a152,1,a173,1,a192,a201,1
a14,12,a32,a41,1308,a61,a73,2,a93,a101,2,a123,26,a143,a152,1,a173,1,a192,a201,1
a14,12,a30,a45,1309,a61,a73,2,a93,a101,2,a123,26,a143,a152,1,a173,1,a191,a201,1
a12,12,a32,a43,1311,a64,a74,2,a93,a102,2,a124,26,a141,a152,1,a173,1,a192,a201,2
a11,12,a32,a42,1313,a61,a75,2,a93,a101,2,a124,26,a143,a153,1,a174,1,a192,a201,2
a14,12,a32,a43,1316,a61,a74,2,a93,a101,2,a123,26,a143,a152,1,a173,1,a191,a201,2
a11,12,a32,a42,1318,a61,a72,2,a93,a101,2,a124,26,a141,a153,1,a173,1,a191,a201,1
a13,12,a32,a43,1322,a61,a73,2,a93,a101,2,a123,26,a143,a152,1,a173,1,a191,a201,2
a14,12,a32,a40,1323,a63,a75,2,a93,a101,2,a124,26,a143,a153,1,a172,1,a191,a201,1
a14,12,a32,a43,1330,a62,a74,2,a93,a101,2,a124,26,a143,a152,1,a173,1,a191,a201,1
a12,12,a32,a43,1331,a61,a73,2,a94,a103,2,a121,26,a143,a152,1,a172,1,a191,a201,1
a14,12,a34,a43,1333,a61,a74,2,a93,a101,2,a121,26,a143,a152,1,a172,1,a191,a201,1
a11,12,a32,a43,1337,a61,a71,2,a93,a101,2,a123,26,a142,a152,1,a174,1,a191,a201,2
a12,12,a32,a40,1338,a65,a71,2,a93,a101,2,a122,26,a143,a152,1,a171,1,a192,a201,2
a12,12,a32,a49,1343,a62,a75,2,a91,a101,2,a123,26,a141,a151,1,a172,1,a191,a201,2
a14,12,a34,a43,1344,a61,a73,2,a92,a101,2,a122,26,a143,a152,1,a173,1,a191,a201,1
a11,12,a32,a43,1344,a61,a75,2,a93,a103,2,a122,26,a143,a152,1,a173,1,a191,a201,1
a11,12,a32,a40,1345,a65,a75,2,a92,a101,2,a123,27,a141,a152,1,a173,1,a191,a201,2
a14,12,a32,a43,1346,a61,a74,2,a93,a101,2,a122,27,a143,a152,1,a173,1,a191,a201,1
a11,12,a30,a41,1347,a61,a75,2,a93,a101,2,a124,27,a143,a153,1,a173,1,a191,a201,2
a14,12,a34,a49,1352,a61,a73,2,a92,a101,2,a121,27,a143,a152,1,a173,1,a191,a201,1
a14,12,a31,a48,1355,a63,a73,2,a92,a101,2,a121,27,a143,a152,1,a172,1,a191,a201,1
a14,12,a32,a49,1358,a61,a74,2,a93,a101,2,a121,27,a143,a152,1,a173,1,a192,a201,1
a14,12,a34,a43,1360,a61,a75,2,a93,a101,2,a121,27,a143,a152,1,a173,1,a191,a201,1
a14,12,a30,a40,1361,a62,a73,2,a93,a101,2,a124,27,a141,a151,1,a173,1,a191,a202,1
a13,12,a32,a42,1364,a61,a73,2,a93,a101,2,a121,27,a143,a152,1,a173,1,a191,a201,1
a14,12,a32,a43,1364,a61,a71,2,a92,a102,2,a121,27,a143,a151,1,a173,1,a191,a201,2
a11,12,a34,a40,1366,a64,a74,2,a92,a101,2,a121,27,a143,a152,1,a172,1,a192,a201,1
a13,12,a32,a42,1371,a61,a73,2,a92,a101,2,a123,27,a143,a152,1,a172,1,a191,a201,1
a12,12,a32,a40,1372,a61,a73,2,a92,a103,2,a124,27,a141,a152,1,a173,1,a191,a201,2
a14,12,a33,a42,1374,a62,a73,2,a93,a101,2,a122,27,a143,a152,1,a173,1,a191,a201,1
a12,12,a32,a42,1374,a65,a74,2,a93,a101,2,a123,27,a143,a152,1,a173,1,a192,a201,1
a12,12,a33,a43,1376,a65,a73,2,a93,a101,2,a121,27,a143,a152,1,a172,1,a191,a201,1
a14,12,a34,a43,1377,a61,a73,2,a93,a101,2,a121,27,a143,a152,1,a172,1,a191,a201,1
a11,12,a31,a43,1381,a61,a73,2,a91,a101,2,a124,27,a143,a153,1,a173,1,a191,a201,2
a14,12,a32,a41,1382,a62,a72,2,a92,a101,2,a123,27,a143,a152,1,a173,1,a192,a201,1
a14,12,a34,a43,1382,a62,a71,2,a92,a101,2,a121,27,a143,a152,1,a172,1,a191,a201,1
a11,12,a32,a42,1386,a61,a73,2,a93,a101,2,a121,27,a143,a152,1,a173,1,a191,a201,1
a11,12,a32,a43,1386,a61,a75,2,a92,a101,2,a123,27,a143,a152,1,a173,1,a191,a201,1
a11,12,a34,a40,1388,a61,a75,2,a93,a101,2,a124,27,a143,a153,1,a174,1,a192,a201,1
a14,12,a34,a46,1391,a61,a75,2,a92,a101,2,a124,27,a141,a153,1,a172,1,a191,a201,1
a14,12,a34,a40,1393,a61,a75,2,a93,a101,2,a121,27,a143,a152,1,a172,1,a191,a202,1
a12,12,a32,a43,1393,a61,a75,2,a93,a101,2,a123,27,a143,a152,1,a173,1,a191,a201,2
a14,12,a34,a49,1393,a65,a75,2,a93,a101,2,a121,27,a143,a152,1,a173,1,a191,a201,1
a14,12,a32,a43,1402,a61,a72,2,a92,a101,2,a123,27,a142,a152,1,a173,1,a192,a201,1
a11,12,a32,a40,1403,a61,a75,2,a91,a101,2,a122,27,a143,a152,1,a174,1,a192,a202,2
a14,12,a32,a43,1409,a65,a75,2,a93,a101,2,a123,27,a143,a152,1,a173,1,a191,a201,1
a14,12,a32,a40,1409,a65,a74,2,a93,a101,2,a122,27,a143,a152,1,a173,1,a191,a202,1
a14,12,a34,a42,1410,a63,a74,2,a92,a101,2,a123,27,a143,a151,1,a173,1,a192,a201,1
a12,12,a31,a40,1410,a65,a71,2,a93,a102,2,a124,27,a143,a153,1,a174,1,a192,a201,1
a12,12,a32,a43,1412,a61,a74,2,a93,a101,2,a121,27,a143,a152,1,a173,1,a191,a201,2
a11,12,a32,a45,1413,a61,a72,2,a91,a101,2,a124,27,a143,a152,1,a172,1,a192,a201,2
a14,12,a32,a43,1413,a61,a73,2,a93,a101,2,a121,27,a143,a152,1,a173,1,a191,a201,1
a14,12,a34,a43,1414,a61,a73,2,a92,a101,2,a123,27,a143,a152,1,a173,1,a191,a201,1
a11,12,a32,a42,1418,a65,a75,2,a91,a101,2,a122,27,a143,a152,1,a172,1,a192,a201,1
a14,12,a32,a42,1422,a61,a72,2,a92,a101,2,a122,27,a143,a152,1,a173,1,a191,a201,2
a14,12,a32,a43,1424,a62,a73,2,a93,a101,2,a123,27,a143,a151,1,a174,1,a192,a201,1
a14,12,a34,a41,1424,a64,a75,2,a93,a101,2,a124,27,a143,a151,1,a173,1,a192,a201,1
a14,12,a32,a42,1433,a61,a73,2,a93,a101,2,a121,27,a143,a152,1,a173,1,a191,a201,1
a13,12,a31,a43,1437,a65,a74,2,a93,a101,2,a123,27,a141,a152,1,a172,1,a191,a201,1
a14,12,a34,a42,1442,a65,a75,2,a93,a101,2,a122,27,a143,a152,1,a173,1,a191,a201,1
a12,12,a34,a40,1442,a62,a72,2,a91,a101,2,a123,27,a143,a152,1,a173,1,a192,a201,1
a11,12,a32,a40,1444,a61,a72,2,a92,a101,2,a121,27,a143,a152,1,a172,1,a192,a201,1
a11,12,a32,a41,1445,a61,a74,2,a93,a101,2,a122,27,a143,a152,1,a173,1,a191,a201,1
a12,12,a33,a410,1449,a62,a71,2,a93,a101,2,a124,27,a143,a153,1,a174,1,a192,a201,1
a12,12,a32,a43,1449,a61,a73,2,a92,a103,2,a121,27,a143,a152,1,a173,1,a192,a201,1
a11,12,a33,a43,1453,a61,a72,2,a94,a101,2,a121,27,a142,a152,1,a173,1,a191,a201,2
a14,12,a32,a49,1455,a61,a73,2,a94,a101,2,a121,27,a143,a152,1,a173,1,a192,a202,1
a12,12,a32,a41,1459,a61,a72,2,a94,a101,2,a123,28,a143,a151,1,a174,1,a192,a201,2
a11,12,a34,a41,1469,a61,a75,2,a92,a101,2,a124,28,a143,a153,1,a174,1,a192,a201,1
a13,12,a34,a41,1471,a61,a75,2,a93,a101,2,a124,28,a143,a153,1,a173,1,a191,a201,1
a14,12,a34,a49,1473,a65,a75,2,a91,a101,2,a123,28,a141,a152,1,a174,1,a191,a201,1
a12,12,a32,a42,1474,a61,a72,2,a92,a101,2,a123,28,a143,a152,1,a173,1,a192,a201,2
a14,12,a32,a41,1474,a65,a72,2,a92,a101,2,a123,28,a143,a151,1,a173,1,a191,a201,1
a14,12,a32,a40,1478,a65,a75,2,a93,a102,2,a122,28,a143,a152,1,a172,1,a191,a202,1
a14,12,a32,a42,1478,a61,a73,2,a93,a101,2,a121,28,a143,a152,1,a173,1,a192,a201,1
a12,12,a34,a42,1478,a64,a74,2,a93,a101,2,a123,28,a143,a152,1,a173,1,a192,a201,1
a14,12,a32,a40,1480,a61,a71,2,a92,a101,2,a121,28,a143,a152,1,a171,1,a192,a201,1
a12,12,a30,a43,1484,a61,a73,2,a92,a101,2,a123,28,a143,a152,1,a173,1,a192,a201,2
a13,12,a34,a40,1493,a65,a74,2,a93,a101,2,a121,28,a141,a152,1,a172,1,a191,a201,2
a11,12,a34,a40,1494,a61,a74,2,a93,a102,2,a122,28,a143,a152,1,a173,1,a192,a201,1
a14,12,a34,a40,1495,a63,a73,2,a93,a101,2,a124,28,a141,a153,1,a173,1,a191,a201,2
a14,12,a32,a42,1498,a64,a73,2,a91,a101,2,a121,28,a143,a152,1,a173,1,a191,a201,1
a14,12,a32,a41,1501,a65,a74,2,a92,a101,2,a122,28,a142,a151,1,a172,1,a191,a201,1
a11,12,a32,a43,1503,a62,a72,2,a94,a101,2,a124,28,a143,a152,1,a172,1,a192,a201,2
a12,12,a32,a42,1503,a61,a73,2,a92,a101,2,a121,28,a143,a152,1,a173,1,a191,a201,2
a12,12,a32,a40,1505,a61,a73,2,a94,a101,2,a121,28,a143,a151,1,a172,1,a191,a201,1
a12,12,a32,a410,1512,a65,a71,2,a93,a101,2,a124,28,a141,a153,1,a171,1,a192,a201,1
a14,12,a32,a42,1514,a62,a73,2,a93,a101,2,a123,28,a142,a152,1,a173,1,a191,a201,1
a13,12,a32,a42,1516,a61,a72,2,a92,a101,2,a123,28,a143,a152,1,a173,1,a191,a201,1
a12,12,a32,a40,1520,a61,a74,2,a94,a101,2,a123,28,a141,a152,1,a172,1,a191,a201,2
a13,12,a32,a40,1521,a65,a72,2,a93,a101,2,a121,28,a143,a152,1,a172,1,a191,a202,1
a11,12,a31,a42,1525,a61,a75,2,a93,a101,2,a123,28,a141,a152,1,a173,1,a191,a201,2
a11,12,a32,a42,1526,a61,a73,2,a93,a103,2,a122,28,a143,a152,1,a172,1,a191,a201,1
a12,12,a32,a42,1530,a65,a73,2,a92,a101,2,a122,28,a143,a152,1,a172,1,a192,a201,1
a14,12,a34,a46,1532,a61,a73,2,a93,a101,2,a123,28,a143,a152,1,a173,1,a191,a201,1
a11,12,a33,a42,1533,a61,a75,2,a92,a101,2,a122,28,a143,a152,1,a172,1,a191,a201,1
a12,12,a34,a40,1533,a61,a71,2,a94,a101,2,a123,28,a143,a152,1,a174,1,a191,a201,2
a11,12,a32,a43,1534,a61,a72,2,a91,a101,2,a122,28,a143,a152,1,a173,1,a191,a201,2
a11,12,a32,a41,1537,a61,a74,2,a93,a101,2,a124,28,a143,a153,1,a174,1,a192,a201,1
a11,12,a32,a42,1538,a64,a73,2,a93,a101,2,a123,28,a143,a152,1,a173,1,a191,a201,1
a14,12,a34,a40,1542,a61,a73,2,a92,a101,2,a121,28,a143,a152,1,a173,1,a191,a201,1
a11,12,a34,a40,1543,a61,a74,2,a93,a101,2,a121,28,a143,a152,1,a172,1,a191,a202,1
a14,12,a34,a42,1544,a65,a75,2,a93,a101,2,a122,28,a143,a151,1,a173,1,a192,a201,1
a14,12,a32,a40,1546,a64,a74,2,a92,a101,2,a123,28,a143,a152,1,a173,1,a192,a201,1
a13,12,a32,a43,1546,a61,a75,2,a93,a101,2,a123,28,a143,a152,1,a173,1,a191,a201,1
a12,12,a32,a43,1549,a61,a75,2,a93,a101,2,a123,28,a143,a152,1,a173,1,a191,a201,1
a11,12,a34,a41,1552,a61,a71,2,a93,a101,2,a124,28,a143,a153,1,a174,1,a192,a201,1
a14,12,a34,a46,1553,a62,a73,2,a92,a101,2,a121,28,a143,a152,1,a173,1,a191,a201,2
a12,12,a32,a40,1553,a62,a72,2,a92,a101,2,a122,28,a143,a152,1,a174,1,a191,a201,2
a14,12,a34,a41,1554,a62,a73,2,a92,a101,2,a123,28,a141,a151,1,a172,1,a191,a201,2
a11,12,a30,a42,1555,a61,a75,2,a93,a101,2,a124,29,a141,a151,1,a173,1,a191,a201,2
a11,12,a34,a42,1559,a61,a73,2,a91,a101,2,a121,29,a143,a151,1,a174,1,a192,a201,2
a12,12,a32,a43,1567,a61,a72,2,a92,a103,2,a122,29,a143,a152,1,a172,1,a191,a201,1
a11,12,a32,a44,1568,a65,a73,2,a92,a101,2,a123,29,a143,a151,1,a173,1,a191,a201,2
a11,12,a32,a42,1569,a61,a73,2,a93,a101,2,a122,29,a143,a152,1,a173,1,a191,a201,1
a12,12,a32,a42,1572,a61,a73,2,a91,a101,2,a123,29,a143,a152,1,a172,1,a191,a201,1
a12,12,a34,a46,1574,a61,a72,2,a92,a101,2,a124,29,a143,a153,1,a173,1,a192,a201,1
a11,12,a32,a42,1577,a61,a74,2,a92,a101,2,a123,29,a143,a151,1,a172,1,a191,a201,1
a12,12,a32,a43,1582,a63,a72,2,a94,a101,2,a121,29,a143,a151,1,a173,1,a191,a201,1
a12,12,a32,a49,1585,a61,a75,2,a93,a102,2,a121,29,a141,a152,1,a174,1,a192,a201,1
a13,12,a32,a40,1591,a61,a72,2,a93,a103,2,a122,29,a143,a152,1,a172,1,a191,a201,1
a14,12,a34,a43,1592,a61,a73,2,a92,a101,2,a123,29,a143,a152,1,a172,1,a191,a201,1
a12,12,a34,a43,1595,a61,a72,2,a93,a103,2,a121,29,a143,a152,1,a173,1,a191,a201,1
a12,12,a32,a43,1597,a63,a71,2,a92,a101,2,a124,29,a143,a151,1,a171,1,a191,a201,1
a14,12,a33,a49,1597,a62,a73,2,a93,a101,2,a121,29,a143,a152,1,a172,1,a191,a201,1
a12,12,a34,a46,1602,a64,a75,2,a93,a101,2,a124,29,a143,a153,1,a173,1,a191,a201,2
a14,12,a32,a44,1603,a61,a72,2,a92,a101,2,a121,29,a143,a151,1,a173,1,a192,a201,1
a12,12,a32,a42,1620,a61,a73,2,a92,a101,2,a123,29,a143,a152,1,a173,1,a191,a202,2
a14,12,a34,a41,1647,a65,a71,2,a93,a101,2,a124,29,a143,a152,1,a174,1,a192,a201,1
a11,12,a30,a43,1655,a61,a73,2,a93,a101,2,a122,29,a143,a151,1,a173,1,a192,a201,2
a14,12,a32,a46,1657,a63,a75,2,a93,a101,2,a124,29,a143,a153,1,a173,1,a192,a201,1
a12,12,a32,a40,1659,a61,a72,2,a93,a101,2,a121,29,a142,a152,1,a172,1,a191,a201,2
a14,12,a34,a43,1670,a65,a75,2,a93,a102,2,a121,29,a143,a152,1,a173,1,a192,a201,1
a14,12,a33,a43,1680,a61,a73,2,a93,a101,2,a123,29,a143,a152,1,a174,1,a192,a201,2
a14,12,a32,a43,1715,a61,a73,2,a94,a101,2,a121,29,a143,a152,1,a173,1,a191,a201,1
a11,13,a32,a42,1721,a61,a74,2,a92,a101,2,a121,29,a143,a151,1,a173,1,a191,a201,2
a12,13,a32,a46,1736,a65,a73,2,a93,a101,2,a124,29,a143,a153,1,a173,1,a191,a201,1
a13,13,a32,a43,1740,a65,a75,2,a93,a101,2,a123,29,a143,a152,1,a174,1,a191,a201,1
a13,13,a33,a40,1743,a61,a73,2,a92,a101,2,a123,29,a142,a152,1,a173,1,a192,a201,1
a14,14,a32,a42,1743,a61,a73,2,a94,a101,2,a122,29,a143,a151,1,a173,1,a191,a201,1
a11,14,a32,a42,1747,a61,a71,2,a93,a101,2,a123,29,a143,a152,1,a171,1,a191,a201,2
a14,14,a32,a49,1750,a61,a74,2,a93,a101,2,a123,29,a143,a152,1,a173,1,a192,a201,1
a14,14,a34,a41,1755,a61,a74,2,a93,a101,2,a123,29,a143,a152,1,a173,1,a191,a201,1
a11,15,a32,a42,1766,a61,a72,3,a92,a101,2,a123,29,a143,a151,1,a173,1,a191,a201,1
a11,15,a32,a42,1768,a61,a75,3,a93,a101,2,a123,29,a143,a152,1,a173,1,a191,a201,2
a12,15,a32,a42,1778,a61,a74,3,a92,a101,2,a121,29,a143,a151,1,a173,1,a191,a201,1
a14,15,a32,a40,1795,a65,a73,3,a93,a101,2,a121,29,a143,a152,1,a173,1,a191,a201,1
a14,15,a34,a43,1797,a61,a75,3,a93,a101,2,a123,30,a143,a152,1,a173,1,a192,a201,1
a14,15,a34,a42,1800,a61,a72,3,a92,a101,2,a121,30,a143,a151,1,a173,1,a191,a201,1
a14,15,a34,a40,1804,a65,a75,3,a93,a101,2,a124,30,a141,a153,1,a174,1,a192,a201,1
a12,15,a31,a410,1808,a62,a75,3,a92,a101,2,a124,30,a141,a153,1,a174,1,a192,a201,2
a11,15,a31,a49,1817,a61,a74,3,a92,a103,2,a123,30,a143,a151,1,a173,1,a191,a201,2
a14,15,a33,a43,1819,a61,a71,3,a94,a101,2,a121,30,a143,a152,1,a173,1,a191,a201,1
a14,15,a33,a43,1820,a65,a75,3,a93,a101,2,a124,30,a143,a153,1,a173,1,a191,a201,1
a12,15,a32,a40,1823,a61,a75,3,a93,a101,2,a124,30,a143,a153,1,a174,1,a192,a201,2
a14,15,a34,a40,1829,a62,a73,3,a92,a101,2,a123,30,a143,a152,1,a172,1,a191,a201,1
a11,15,a32,a42,1835,a65,a74,3,a93,a101,2,a123,30,a143,a152,1,a173,1,a192,a201,1
a12,15,a32,a41,1837,a61,a71,3,a92,a101,2,a124,30,a143,a153,1,a174,1,a192,a201,2
a14,15,a32,a40,1842,a65,a74,3,a92,a101,2,a122,30,a143,a151,1,a173,1,a191,a201,1
a13,15,a32,a40,1845,a61,a72,3,a93,a101,2,a121,30,a143,a152,1,a173,1,a191,a201,1
a14,15,a33,a49,1845,a62,a73,3,a93,a101,2,a122,30,a143,a152,1,a172,1,a191,a201,1
a14,15,a34,a43,1851,a61,a73,3,a92,a101,2,a123,30,a143,a152,1,a173,1,a191,a201,1
a14,15,a32,a43,1858,a65,a72,3,a92,a101,2,a121,30,a143,a151,1,a173,1,a192,a201,1
a12,15,a34,a42,1860,a61,a71,3,a93,a101,2,a122,30,a142,a152,1,a174,1,a192,a201,1
a12,15,a34,a49,1864,a63,a73,3,a93,a101,2,a123,30,a141,a152,1,a173,1,a191,a201,1
a14,15,a32,a49,1867,a61,a74,3,a92,a101,2,a123,30,a143,a152,1,a173,1,a191,a201,1
a14,15,a32,a40,1872,a61,a73,3,a94,a101,2,a122,30,a143,a152,1,a174,1,a192,a201,1
a12,15,a32,a42,1880,a64,a72,3,a92,a101,2,a121,30,a143,a151,1,a172,1,a191,a201,1
a11,15,a32,a40,1881,a61,a74,3,a93,a101,2,a124,30,a141,a153,1,a174,1,a192,a201,1
a11,15,a34,a43,1882,a61,a74,3,a92,a101,2,a123,30,a143,a152,1,a173,1,a191,a201,1
a14,15,a34,a42,1884,a61,a71,3,a93,a101,2,a123,30,a143,a152,1,a174,1,a191,a201,1
a12,15,a33,a46,1887,a62,a74,3,a93,a101,2,a124,30,a143,a151,1,a173,1,a192,a201,1
a11,15,a32,a42,1893,a61,a71,3,a92,a101,2,a124,30,a143,a153,1,a174,1,a191,a201,1
a11,15,a34,a42,1898,a61,a73,3,a94,a101,2,a122,30,a143,a152,1,a173,1,a192,a201,1
a12,15,a32,a40,1901,a61,a75,3,a91,a101,2,a121,30,a143,a151,1,a173,1,a191,a201,2
a14,15,a34,a43,1905,a64,a73,3,a92,a101,2,a121,30,a143,a152,1,a172,1,a191,a201,1
a14,15,a32,a43,1908,a61,a72,3,a94,a101,2,a121,30,a143,a152,1,a173,1,a192,a201,1
a12,15,a34,a49,1913,a65,a73,3,a94,a101,2,a121,30,a141,a152,1,a173,1,a191,a201,1
a14,15,a33,a49,1919,a61,a72,3,a93,a101,2,a123,30,a141,a152,1,a173,1,a192,a201,2
a14,15,a33,a40,1919,a61,a73,3,a93,a101,2,a123,30,a143,a152,1,a172,1,a191,a201,1
a12,15,a33,a40,1922,a65,a75,3,a93,a101,2,a123,30,a143,a152,1,a173,1,a191,a201,1
a12,15,a32,a43,1924,a61,a72,3,a94,a101,2,a122,30,a143,a152,1,a173,1,a192,a201,2
a14,15,a34,a41,1924,a65,a74,3,a93,a101,2,a123,30,a143,a152,1,a173,1,a192,a201,1
a11,15,a32,a43,1925,a61,a72,3,a94,a101,2,a121,30,a143,a152,1,a173,1,a191,a202,1
a14,15,a32,a43,1927,a63,a75,3,a91,a101,2,a123,30,a143,a152,1,a174,1,a192,a201,1
a13,15,a34,a40,1928,a63,a74,3,a94,a101,2,a121,30,a143,a152,1,a173,1,a192,a201,2
a12,15,a32,a43,1934,a61,a75,3,a92,a101,2,a123,30,a143,a152,1,a173,1,a192,a201,1
a14,15,a34,a41,1935,a61,a74,3,a93,a101,2,a123,31,a143,a152,1,a174,1,a192,a201,1
a14,15,a34,a49,1935,a61,a71,3,a93,a101,2,a123,31,a142,a152,1,a174,1,a192,a201,2
a14,15,a32,a40,1936,a63,a73,3,a93,a101,2,a124,31,a143,a151,1,a172,1,a191,a202,1
a11,15,a32,a40,1938,a65,a73,3,a92,a101,2,a122,31,a143,a152,1,a173,1,a191,a201,2
a14,15,a34,a41,1940,a61,a75,3,a93,a101,2,a122,31,a143,a152,1,a173,1,a192,a201,1
a11,15,a32,a40,1940,a61,a72,3,a93,a101,2,a121,31,a143,a152,1,a172,1,a191,a201,2
a11,15,a33,a46,1941,a65,a73,3,a92,a101,2,a123,31,a143,a151,1,a173,1,a192,a201,1
a14,15,a32,a40,1943,a63,a74,3,a92,a101,2,a123,31,a141,a152,1,a174,1,a191,a201,1
a12,15,a32,a40,1950,a65,a73,3,a92,a101,2,a122,31,a143,a152,1,a173,1,a191,a201,2
a14,15,a32,a40,1953,a64,a74,3,a92,a101,2,a123,31,a143,a151,1,a173,1,a191,a201,1
a12,15,a32,a41,1957,a65,a73,3,a93,a101,2,a123,31,a143,a152,1,a173,1,a191,a201,1
a12,15,a34,a40,1961,a61,a74,3,a93,a101,2,a121,31,a143,a152,1,a172,1,a191,a201,1
a14,15,a33,a42,1963,a62,a74,3,a93,a101,2,a121,31,a143,a152,1,a174,1,a191,a201,1
a12,15,a32,a42,1965,a65,a75,3,a92,a101,2,a122,31,a141,a152,1,a173,1,a192,a201,2
a12,15,a32,a41,1967,a61,a73,3,a94,a101,2,a123,31,a143,a151,1,a173,1,a192,a201,1
a14,15,a34,a43,1977,a61,a75,3,a93,a101,2,a123,31,a143,a152,1,a173,1,a191,a201,1
a14,15,a34,a43,1979,a64,a73,3,a93,a101,2,a121,31,a143,a152,1,a173,1,a191,a201,1
a14,15,a32,a42,1980,a61,a75,3,a93,a101,2,a123,31,a143,a152,1,a173,1,a191,a201,1
a11,15,a34,a45,1984,a61,a71,3,a92,a101,2,a124,31,a143,a153,1,a171,1,a191,a201,2
a14,15,a32,a49,1987,a61,a74,3,a93,a101,2,a121,31,a143,a152,1,a172,1,a191,a201,1
a12,16,a32,a410,1995,a61,a73,3,a93,a102,2,a123,31,a141,a152,1,a174,1,a192,a201,2
a11,16,a34,a42,2002,a61,a71,3,a93,a101,2,a124,31,a143,a153,1,a174,1,a192,a201,1
a14,18,a34,a45,2012,a61,a73,3,a91,a101,2,a121,31,a143,a152,1,a173,1,a192,a201,1
a11,18,a32,a42,2022,a61,a73,3,a93,a101,2,a121,31,a143,a152,1,a173,1,a191,a201,1
a12,18,a32,a43,2028,a65,a73,3,a94,a101,2,a121,31,a143,a152,1,a173,1,a192,a201,2
a14,18,a32,a45,2028,a63,a74,3,a94,a101,2,a121,31,a143,a151,1,a172,1,a191,a201,1
a14,18,a34,a40,2030,a64,a75,3,a92,a101,2,a121,31,a143,a152,1,a173,1,a192,a201,1
a11,18,a34,a45,2032,a61,a71,3,a93,a102,3,a123,31,a143,a152,1,a171,1,a191,a201,1
a13,18,a31,a49,2039,a61,a72,3,a92,a101,3,a121,31,a143,a152,1,a171,1,a191,a201,2
a14,18,a32,a40,2039,a61,a75,3,a93,a101,3,a123,31,a143,a152,1,a174,1,a192,a201,1
a11,18,a32,a42,2051,a61,a73,3,a92,a102,3,a122,31,a143,a152,1,a173,1,a191,a201,1
a12,18,a33,a410,2058,a61,a73,3,a93,a101,3,a123,31,a141,a152,1,a173,1,a192,a201,1
a14,18,a32,a46,2063,a61,a75,3,a93,a101,3,a123,31,a141,a152,1,a172,1,a191,a201,2
a12,18,a34,a42,2064,a61,a73,3,a92,a101,3,a123,31,a143,a152,1,a174,1,a192,a201,2
a14,18,a34,a46,2069,a65,a75,3,a92,a101,3,a122,31,a143,a151,1,a172,1,a191,a201,1
a11,18,a32,a40,2073,a61,a72,3,a92,a101,3,a123,31,a143,a152,1,a173,1,a192,a201,2
a12,18,a32,a43,2080,a61,a73,3,a93,a103,3,a121,31,a143,a152,1,a173,1,a191,a201,1
a13,18,a32,a42,2096,a65,a75,3,a92,a101,3,a121,31,a143,a152,1,a174,1,a192,a201,1
a12,18,a33,a45,2100,a64,a73,3,a94,a101,3,a122,32,a142,a152,1,a173,1,a191,a201,2
a14,18,a34,a41,2101,a65,a73,3,a93,a101,3,a123,32,a143,a152,1,a174,1,a192,a201,1
a14,18,a32,a43,2108,a61,a73,3,a92,a101,3,a121,32,a143,a152,1,a173,1,a191,a201,1
a14,18,a30,a42,2116,a61,a75,3,a93,a101,3,a122,32,a143,a152,1,a173,1,a191,a201,1
a14,18,a32,a41,2118,a61,a75,3,a93,a101,3,a123,32,a143,a152,1,a174,1,a192,a201,1
a11,18,a32,a40,2121,a61,a74,3,a93,a102,3,a122,32,a143,a152,1,a173,1,a192,a201,2
a14,18,a32,a41,2122,a61,a72,3,a92,a101,3,a124,32,a143,a152,1,a174,1,a192,a201,1
a11,18,a34,a40,2124,a61,a73,3,a93,a101,3,a121,32,a143,a151,1,a173,1,a191,a201,1
a11,18,a32,a41,2132,a61,a75,3,a93,a101,3,a124,32,a143,a153,1,a173,1,a192,a201,2
a11,18,a32,a44,2133,a61,a72,3,a92,a101,3,a121,32,a143,a152,1,a173,1,a191,a201,1
a14,18,a32,a43,2134,a61,a72,3,a93,a101,3,a123,32,a143,a152,1,a173,1,a192,a201,1
a11,18,a32,a42,2136,a61,a73,3,a93,a103,3,a122,32,a143,a152,1,a173,1,a191,a201,1
a11,18,a32,a40,2141,a61,a72,3,a93,a101,3,a121,32,a143,a152,1,a173,1,a191,a201,1
a12,18,a32,a42,2142,a61,a72,3,a92,a101,3,a121,32,a143,a151,1,a174,1,a191,a201,1
a12,18,a32,a48,2145,a65,a75,3,a93,a101,3,a122,32,a143,a152,1,a173,1,a191,a201,1
a14,18,a32,a49,2146,a61,a74,3,a93,a101,3,a123,32,a142,a152,1,a173,1,a192,a201,1
a11,18,a32,a41,2149,a61,a73,3,a93,a103,3,a124,32,a141,a152,1,a173,1,a192,a201,1
a11,18,a33,a43,2150,a61,a72,3,a92,a101,3,a123,32,a143,a151,1,a172,1,a192,a201,2
a14,18,a33,a43,2169,a65,a75,3,a93,a101,3,a123,32,a141,a152,1,a173,1,a191,a201,1
a14,18,a33,a49,2171,a61,a73,3,a92,a101,3,a123,32,a143,a152,1,a173,1,a192,a201,1
a14,18,a33,a41,2171,a61,a74,3,a93,a101,3,a123,32,a143,a152,1,a172,1,a192,a201,1
a12,18,a32,a43,2181,a62,a72,3,a94,a101,3,a123,32,a143,a151,1,a173,1,a192,a201,2
a11,18,a32,a46,2186,a61,a72,3,a92,a101,3,a122,32,a143,a152,1,a173,1,a191,a201,2
a11,18,a32,a40,2197,a61,a73,3,a93,a101,3,a123,32,a143,a152,1,a172,1,a191,a201,2
a14,18,a32,a48,2210,a65,a71,3,a93,a101,3,a122,32,a143,a152,1,a174,1,a192,a201,1
a12,18,a34,a43,2212,a61,a73,3,a94,a101,3,a123,32,a143,a152,1,a173,1,a191,a201,2
a11,18,a30,a42,2214,a61,a72,3,a92,a101,3,a122,32,a143,a151,1,a173,1,a191,a201,2
a14,18,a32,a41,2221,a63,a73,3,a93,a101,3,a123,32,a143,a152,1,a173,1,a191,a201,1
a13,18,a32,a43,2223,a61,a74,3,a93,a101,3,a123,32,a141,a152,1,a173,1,a191,a201,1
a12,18,a32,a49,2225,a62,a74,3,a93,a101,3,a121,32,a143,a152,1,a172,1,a191,a201,1
a11,18,a34,a42,2235,a61,a75,3,a93,a101,3,a123,32,a143,a152,1,a173,1,a192,a201,1
a12,18,a34,a43,2238,a61,a73,3,a92,a101,3,a121,32,a143,a152,1,a172,1,a191,a201,1
a12,18,a32,a40,2241,a61,a72,3,a93,a101,3,a122,32,a143,a152,1,a173,1,a191,a201,1
a11,18,a32,a42,2241,a64,a75,3,a92,a101,3,a122,32,a143,a151,1,a173,1,a192,a201,1
a14,18,a33,a42,2246,a64,a74,3,a92,a101,3,a122,33,a143,a152,1,a173,1,a191,a201,1
a14,18,a34,a40,2247,a63,a73,3,a93,a101,3,a121,33,a143,a152,1,a173,1,a192,a201,1
a12,18,a33,a40,2249,a61,a71,3,a93,a101,3,a122,33,a143,a152,1,a174,1,a192,a201,2
a14,18,a32,a43,2251,a61,a73,3,a93,a101,3,a123,33,a143,a152,1,a173,1,a192,a201,1
a14,18,a32,a40,2255,a61,a75,3,a92,a102,3,a124,33,a143,a153,1,a173,1,a192,a201,1
a14,18,a32,a40,2273,a62,a73,3,a93,a101,3,a121,33,a143,a151,1,a172,1,a191,a202,1
a14,18,a32,a40,2278,a61,a73,3,a93,a103,3,a122,33,a143,a151,1,a173,1,a191,a201,1
a14,18,a34,a43,2279,a61,a75,3,a93,a101,3,a124,33,a143,a152,1,a173,1,a191,a201,1
a12,18,a30,a49,2284,a61,a75,3,a92,a101,3,a124,33,a143,a153,1,a174,1,a192,a201,2
a14,18,a34,a43,2288,a62,a73,3,a92,a101,3,a122,33,a143,a152,1,a173,1,a191,a201,1
a12,18,a32,a43,2292,a65,a75,3,a93,a101,3,a122,33,a143,a152,1,a173,1,a191,a201,1
a11,18,a34,a40,2299,a61,a73,3,a93,a101,3,a121,33,a143,a151,1,a172,1,a191,a202,1
a11,18,a32,a42,2301,a65,a73,3,a94,a101,3,a123,33,a143,a152,1,a173,1,a191,a201,2
a12,18,a32,a42,2302,a62,a72,3,a93,a102,3,a124,33,a143,a151,1,a174,1,a192,a201,2
a14,18,a34,a42,2303,a61,a74,3,a93,a101,3,a122,33,a143,a152,1,a173,1,a191,a201,1
a12,18,a32,a43,2315,a61,a75,3,a94,a103,3,a121,33,a143,a152,1,a172,1,a191,a201,1
a13,18,a34,a40,2319,a62,a75,3,a91,a101,3,a123,33,a143,a152,1,a173,1,a192,a201,1
a11,18,a32,a40,2320,a61,a72,3,a92,a101,3,a122,33,a143,a152,1,a173,1,a191,a201,2
a11,18,a32,a41,2323,a61,a75,3,a93,a101,3,a124,33,a143,a153,1,a173,1,a191,a201,1
a13,18,a32,a43,2325,a62,a75,3,a91,a101,3,a121,33,a143,a152,1,a173,1,a191,a201,1
a12,18,a34,a43,2326,a62,a72,3,a93,a101,3,a124,33,a141,a152,1,a173,1,a191,a201,2
a11,18,a32,a40,2327,a61,a72,3,a92,a101,3,a122,33,a143,a151,1,a173,1,a191,a201,2
a14,18,a32,a40,2329,a65,a73,3,a93,a103,3,a122,33,a143,a152,1,a172,1,a191,a201,2
a13,18,a34,a41,2331,a63,a73,3,a93,a101,3,a123,33,a143,a152,1,a173,1,a192,a201,1
a12,18,a31,a40,2333,a62,a71,3,a93,a101,3,a122,33,a143,a152,1,a174,1,a192,a201,2
a14,18,a32,a43,2333,a61,a73,3,a94,a101,3,a122,33,a143,a152,1,a173,1,a191,a201,1
a14,18,a32,a41,2337,a62,a75,3,a93,a101,3,a123,33,a143,a152,1,a174,1,a192,a201,1
a11,18,a32,a40,2346,a61,a74,3,a93,a101,3,a121,33,a143,a152,1,a173,1,a191,a201,2
a14,18,a32,a41,2348,a61,a73,3,a93,a101,3,a124,33,a143,a153,1,a174,1,a192,a201,1
a13,18,a32,a49,2353,a61,a74,3,a93,a101,3,a122,33,a143,a151,1,a173,1,a192,a201,1
a12,18,a33,a43,2359,a61,a73,3,a94,a102,3,a121,33,a143,a151,1,a173,1,a191,a201,1
a14,18,a32,a40,2360,a65,a72,3,a93,a101,3,a122,33,a143,a152,1,a173,1,a191,a201,1
a11,18,a34,a40,2366,a61,a74,3,a92,a101,3,a122,33,a143,a152,1,a173,1,a191,a202,1
a11,18,a34,a40,2375,a61,a72,3,a93,a101,3,a121,34,a143,a152,1,a172,1,a191,a202,1
a14,18,a34,a42,2384,a61,a72,3,a92,a101,3,a122,34,a143,a151,1,a173,1,a192,a201,2
a11,18,a32,a40,2384,a62,a75,3,a93,a101,3,a122,34,a143,a152,1,a173,1,a192,a201,1
a14,18,a34,a43,2389,a65,a75,3,a93,a101,3,a124,34,a143,a153,1,a173,1,a191,a201,1
a14,18,a34,a45,2390,a61,a75,3,a93,a101,3,a124,34,a143,a153,1,a173,1,a191,a201,1
a11,18,a32,a43,2394,a61,a73,3,a92,a101,3,a121,34,a143,a152,1,a173,1,a191,a201,2
a11,18,a30,a42,2397,a61,a73,3,a93,a101,3,a124,34,a143,a153,1,a173,1,a191,a201,2
a14,18,a32,a41,2404,a62,a74,3,a92,a101,3,a123,34,a143,a152,1,a173,1,a191,a201,1
a12,18,a32,a43,2406,a61,a73,4,a92,a103,3,a121,34,a143,a152,1,a172,1,a191,a201,1
a12,18,a32,a41,2406,a61,a72,4,a93,a101,3,a123,34,a143,a152,1,a173,1,a191,a201,1
a14,18,a34,a46,2415,a62,a73,4,a92,a101,3,a123,34,a143,a152,1,a173,1,a191,a201,1
a14,18,a34,a43,2424,a61,a74,4,a93,a101,3,a121,34,a143,a152,1,a172,1,a191,a201,1
a11,18,a32,a43,2427,a61,a73,4,a91,a101,3,a123,34,a143,a151,1,a173,1,a191,a201,2
a11,18,a32,a40,2439,a61,a72,4,a93,a101,3,a121,34,a143,a152,1,a172,1,a192,a201,1
a12,18,a32,a46,2442,a61,a74,4,a93,a101,3,a123,34,a143,a152,1,a173,1,a191,a201,1
a12,18,a32,a40,2445,a62,a73,4,a92,a101,3,a123,34,a143,a151,1,a173,1,a192,a201,2
a14,18,a33,a41,2462,a61,a73,4,a94,a101,3,a121,34,a143,a151,1,a173,1,a191,a201,1
a14,18,a32,a43,2463,a62,a74,4,a94,a101,3,a122,34,a143,a152,1,a173,1,a192,a201,1
a14,18,a32,a43,2473,a65,a72,4,a93,a101,3,a123,34,a143,a152,1,a173,1,a191,a201,1
a13,18,a34,a46,2476,a61,a72,4,a91,a101,3,a123,34,a143,a151,1,a173,1,a191,a201,2
a11,18,a32,a40,2483,a65,a71,4,a92,a101,3,a122,34,a143,a152,1,a174,1,a192,a201,1
a12,18,a34,a42,2503,a61,a75,4,a92,a101,3,a122,34,a143,a152,1,a173,1,a192,a201,1
a11,18,a32,a40,2507,a61,a75,4,a93,a101,3,a124,34,a141,a153,1,a174,1,a191,a201,2
a13,18,a32,a42,2511,a61,a72,4,a92,a101,3,a122,34,a142,a152,1,a172,1,a191,a201,1
a12,18,a32,a43,2515,a61,a72,4,a94,a101,3,a121,34,a143,a151,1,a173,1,a191,a201,2
a14,18,a33,a40,2520,a61,a75,4,a93,a101,3,a124,34,a143,a153,1,a173,1,a192,a201,1
a11,18,a32,a42,2522,a65,a75,4,a93,a101,3,a122,34,a143,a152,1,a173,1,a191,a201,2
a13,18,a32,a42,2528,a61,a73,4,a93,a101,3,a121,34,a143,a152,1,a172,1,a191,a201,2
a14,18,a34,a40,2538,a61,a75,4,a93,a101,3,a121,34,a143,a152,1,a172,1,a191,a201,1
a11,18,a33,a40,2569,a61,a71,4,a93,a101,3,a121,34,a143,a153,1,a173,1,a191,a201,2
a14,20,a34,a40,2570,a61,a73,4,a92,a101,3,a123,34,a143,a152,1,a173,1,a192,a201,1
a14,20,a32,a43,2576,a61,a74,4,a93,a101,3,a123,34,a141,a152,1,a173,1,a191,a201,1
a11,20,a31,a43,2577,a61,a73,4,a92,a101,3,a121,35,a141,a152,1,a172,1,a191,a201,2
a14,20,a34,a41,2578,a65,a74,4,a93,a101,3,a124,35,a143,a153,1,a173,1,a192,a201,1
a14,20,a34,a45,2578,a65,a74,4,a92,a101,3,a121,35,a143,a152,1,a173,1,a191,a201,1
a14,20,a31,a43,2579,a63,a75,4,a93,a101,3,a122,35,a141,a152,1,a172,1,a191,a201,1
a11,20,a32,a43,2580,a61,a74,4,a94,a103,3,a121,35,a143,a152,1,a173,1,a192,a201,2
a12,20,a34,a40,2600,a62,a72,4,a93,a101,3,a123,35,a143,a152,1,a173,1,a191,a201,1
a12,21,a32,a46,2603,a61,a74,4,a92,a101,3,a122,35,a143,a152,1,a174,1,a192,a201,1
a12,21,a32,a43,2606,a61,a72,4,a93,a101,3,a123,35,a142,a152,1,a173,1,a191,a201,2
a12,21,a30,a40,2611,a62,a72,4,a92,a101,3,a123,35,a143,a152,1,a173,1,a191,a201,2
a14,21,a30,a40,2613,a65,a73,4,a92,a101,3,a122,35,a141,a152,1,a173,1,a192,a201,2
a11,21,a31,a42,2622,a61,a74,4,a93,a101,3,a123,35,a141,a152,1,a173,1,a191,a201,2
a12,21,a34,a42,2625,a61,a72,4,a93,a101,3,a121,35,a143,a152,1,a172,1,a191,a201,2
a11,21,a32,a41,2629,a65,a75,4,a93,a101,3,a124,35,a141,a153,1,a173,1,a192,a201,1
a11,21,a31,a43,2631,a61,a74,4,a93,a103,3,a123,35,a141,a151,1,a172,1,a191,a201,2
a13,21,a33,a43,2631,a61,a72,4,a92,a101,3,a122,35,a141,a152,1,a173,1,a191,a201,1
a12,21,a32,a40,2647,a65,a73,4,a93,a101,3,a124,35,a143,a153,1,a173,1,a192,a201,2
a12,21,a33,a49,2659,a65,a73,4,a93,a101,3,a122,35,a141,a152,1,a174,1,a192,a201,1
a12,21,a33,a43,2662,a62,a74,4,a92,a101,3,a122,35,a143,a151,1,a173,1,a192,a201,1
a11,21,a32,a40,2670,a61,a74,4,a91,a101,3,a123,35,a143,a152,1,a173,1,a191,a201,2
a14,21,a34,a43,2671,a64,a75,4,a93,a101,3,a123,35,a143,a152,1,a173,1,a191,a201,1
a12,21,a32,a43,2675,a65,a74,4,a93,a101,3,a123,35,a143,a152,1,a173,1,a192,a201,1
a11,21,a32,a43,2679,a61,a73,4,a92,a101,3,a123,35,a143,a152,1,a173,1,a192,a201,2
a11,21,a32,a42,2684,a61,a72,4,a92,a101,3,a121,35,a143,a151,1,a172,1,a192,a201,2
a14,21,a34,a43,2687,a61,a74,4,a93,a102,3,a123,35,a143,a152,1,a173,1,a191,a201,1
a14,21,a32,a41,2697,a65,a71,4,a92,a101,3,a122,35,a143,a151,1,a174,1,a192,a201,1
a11,21,a32,a49,2708,a61,a73,4,a92,a101,3,a122,35,a143,a152,1,a172,1,a191,a201,1
a12,21,a32,a43,2712,a61,a75,4,a93,a101,3,a123,35,a143,a152,1,a172,1,a191,a201,1
a14,21,a34,a42,2718,a61,a74,4,a92,a102,3,a123,35,a141,a152,1,a173,1,a191,a201,1
a12,21,a32,a43,2728,a61,a74,4,a92,a101,3,a121,35,a143,a152,1,a173,1,a191,a201,1
a14,21,a34,a46,2743,a65,a73,4,a92,a101,3,a123,35,a143,a152,1,a173,1,a192,a201,1
a12,21,a34,a40,2745,a61,a72,4,a91,a101,3,a123,35,a143,a152,1,a173,1,a191,a201,2
a14,21,a32,a48,2746,a61,a72,4,a94,a101,3,a123,35,a143,a152,1,a172,1,a191,a201,1
a12,21,a34,a40,2748,a61,a75,4,a93,a103,3,a121,35,a141,a152,1,a173,1,a191,a201,2
a12,21,a34,a40,2751,a61,a72,4,a93,a101,3,a121,35,a141,a152,1,a172,1,a191,a201,1
a14,21,a32,a42,2753,a61,a73,4,a92,a101,3,a121,35,a143,a151,1,a173,1,a191,a201,1
a12,21,a32,a45,2759,a61,a72,4,a93,a101,3,a124,35,a143,a151,1,a172,1,a191,a201,2
a14,22,a32,a40,2760,a65,a75,4,a92,a101,3,a124,35,a143,a153,1,a174,1,a192,a201,1
a11,22,a32,a42,2762,a61,a73,4,a92,a101,3,a121,35,a141,a151,1,a173,1,a191,a201,2
a11,24,a34,a40,2764,a61,a73,4,a93,a101,3,a121,35,a143,a151,1,a173,1,a191,a201,1
a11,24,a32,a42,2767,a61,a73,4,a93,a103,4,a122,35,a143,a152,1,a172,1,a191,a201,1
a11,24,a32,a44,2775,a61,a73,4,a94,a101,4,a121,36,a143,a152,1,a172,1,a192,a201,2
a11,24,a34,a42,2779,a61,a75,4,a93,a101,4,a122,36,a143,a152,1,a173,1,a191,a201,2
a11,24,a34,a43,2782,a61,a74,4,a92,a101,4,a121,36,a143,a152,1,a172,1,a192,a201,1
a12,24,a33,a40,2788,a65,a73,4,a92,a101,4,a123,36,a143,a151,1,a173,1,a192,a201,1
a14,24,a32,a49,2799,a64,a75,4,a92,a101,4,a121,36,a141,a152,1,a172,1,a191,a201,1
a12,24,a32,a40,2812,a61,a73,4,a92,a101,4,a122,36,a143,a151,1,a172,1,a192,a201,2
a11,24,a31,a410,2820,a65,a75,4,a93,a101,4,a123,36,a142,a152,1,a174,1,a192,a201,2
a12,24,a31,a40,2825,a62,a72,4,a92,a101,4,a122,36,a142,a152,1,a172,1,a191,a201,2
a11,24,a32,a40,2828,a61,a74,4,a92,a101,4,a123,36,a143,a151,1,a173,1,a191,a201,2
a12,24,a30,a49,2831,a61,a73,4,a93,a101,4,a121,36,a143,a152,1,a172,1,a192,a201,2
a14,24,a34,a40,2835,a61,a74,4,a93,a101,4,a122,36,a141,a152,1,a173,1,a191,a201,2
a14,24,a33,a49,2848,a61,a73,4,a93,a101,4,a124,36,a143,a153,1,a173,1,a191,a201,1
a12,24,a32,a43,2859,a61,a72,4,a92,a103,4,a121,36,a143,a152,1,a173,1,a191,a201,1
a12,24,a32,a42,2862,a61,a73,4,a92,a101,4,a122,36,a143,a152,1,a173,1,a191,a201,2
a12,24,a31,a46,2864,a61,a74,4,a92,a101,4,a124,36,a141,a153,1,a172,1,a191,a201,2
a14,24,a32,a42,2872,a61,a73,4,a92,a101,4,a123,36,a143,a152,1,a174,1,a192,a201,2
a13,24,a32,a42,2892,a61,a72,4,a92,a101,4,a122,36,a143,a152,1,a173,1,a191,a201,1
a11,24,a31,a42,2896,a63,a73,4,a93,a101,4,a121,36,a142,a152,1,a173,1,a192,a201,1
a14,24,a34,a49,2899,a61,a73,4,a93,a101,4,a121,36,a143,a152,1,a174,1,a192,a201,1
a12,24,a32,a43,2901,a62,a73,4,a92,a102,4,a124,36,a143,a153,1,a173,1,a191,a201,2
a14,24,a32,a43,2910,a61,a72,4,a93,a101,4,a121,36,a143,a152,1,a173,1,a191,a201,1
a14,24,a32,a41,2923,a65,a75,4,a93,a101,4,a124,36,a141,a153,1,a173,1,a191,a201,1
a11,24,a32,a44,2924,a62,a71,4,a92,a101,4,a122,36,a143,a152,1,a173,1,a191,a201,2
a13,24,a32,a40,2930,a62,a75,4,a92,a101,4,a124,36,a143,a153,1,a172,1,a191,a201,2
a11,24,a32,a43,2957,a64,a72,4,a92,a101,4,a123,36,a141,a152,1,a173,1,a191,a201,1
a11,24,a31,a41,2964,a61,a73,4,a92,a103,4,a123,36,a141,a151,1,a173,1,a191,a202,1
a14,24,a33,a42,2969,a61,a74,4,a92,a101,4,a121,36,a143,a152,1,a173,1,a191,a201,2
a12,24,a30,a49,2978,a65,a73,4,a93,a101,4,a123,36,a141,a152,1,a174,1,a192,a201,1
a12,24,a33,a43,2978,a65,a73,4,a93,a101,4,a124,36,a143,a153,1,a174,1,a191,a201,1
a11,24,a34,a40,2991,a61,a73,4,a93,a101,4,a121,36,a143,a151,1,a173,1,a191,a201,1
a12,24,a32,a42,2993,a62,a73,4,a92,a102,4,a123,36,a143,a151,1,a173,1,a191,a201,2
a14,24,a32,a40,2996,a61,a73,4,a91,a101,4,a121,36,a143,a152,1,a172,1,a191,a201,1
a12,24,a34,a49,3001,a61,a74,4,a93,a101,4,a122,36,a143,a152,1,a173,1,a191,a201,1
a14,24,a34,a40,3016,a61,a73,4,a93,a101,4,a122,36,a141,a152,1,a173,1,a191,a201,2
a14,24,a32,a49,3017,a65,a73,4,a91,a101,4,a121,36,a141,a152,1,a173,1,a191,a201,2
a11,24,a32,a42,3017,a61,a72,4,a92,a101,4,a123,36,a143,a151,1,a173,1,a191,a201,1
a11,24,a32,a43,3021,a61,a73,4,a93,a101,4,a124,36,a143,a153,1,a173,1,a191,a201,2
a14,24,a32,a43,3029,a65,a75,4,a93,a101,4,a123,36,a143,a152,1,a173,1,a191,a201,1
a13,24,a32,a42,3031,a61,a73,4,a93,a101,4,a121,36,a143,a152,1,a173,1,a192,a201,1
a12,24,a31,a40,3049,a62,a74,4,a93,a101,4,a124,37,a143,a152,1,a173,1,a191,a201,2
a14,24,a34,a42,3051,a63,a73,4,a93,a101,4,a121,37,a143,a152,1,a173,1,a192,a201,1
a14,24,a32,a46,3059,a65,a75,4,a93,a101,4,a121,37,a143,a152,1,a172,1,a191,a201,1
a11,24,a32,a43,3060,a61,a73,4,a92,a101,4,a123,37,a143,a152,1,a173,1,a191,a201,1
a11,24,a31,a42,3062,a61,a73,4,a93,a101,4,a123,37,a141,a152,1,a173,1,a191,a201,2
a12,24,a32,a43,3069,a65,a72,4,a93,a101,4,a122,37,a143,a152,1,a173,1,a191,a201,1
a14,24,a32,a42,3074,a61,a72,4,a92,a102,4,a123,37,a143,a151,2,a173,1,a191,a201,2
a12,24,a32,a40,3077,a61,a72,4,a92,a101,4,a123,37,a143,a152,2,a172,1,a192,a201,2
a14,24,a32,a46,3077,a61,a75,4,a93,a101,4,a122,37,a141,a152,2,a173,1,a192,a201,1
a14,24,a32,a43,3079,a63,a74,4,a92,a101,4,a123,37,a143,a152,2,a173,1,a191,a201,1
a14,24,a33,a43,3092,a61,a74,4,a93,a101,4,a123,37,a143,a152,2,a173,1,a192,a201,1
a14,24,a32,a43,3104,a61,a72,4,a92,a101,4,a123,37,a143,a152,2,a173,1,a191,a201,1
a11,24,a33,a43,3105,a61,a74,4,a93,a101,4,a122,37,a141,a152,2,a173,1,a192,a201,2
a11,24,a32,a46,3108,a61,a71,4,a92,a101,4,a121,37,a143,a152,2,a171,1,a191,a201,2
a12,24,a32,a45,3114,a61,a75,4,a93,a101,4,a123,37,a143,a152,2,a172,1,a191,a201,1
a14,24,a32,a46,3123,a62,a73,4,a93,a101,4,a122,37,a143,a152,2,a174,1,a192,a201,2
a14,24,a34,a43,3124,a61,a74,4,a94,a103,4,a123,37,a143,a152,2,a173,1,a192,a201,1
a11,24,a34,a43,3148,a61,a74,4,a94,a101,4,a122,37,a143,a152,2,a174,1,a192,a201,1
a14,24,a33,a49,3149,a65,a72,4,a93,a101,4,a123,37,a143,a151,2,a173,1,a192,a201,2
a11,24,a30,a42,3160,a61,a73,4,a91,a103,4,a121,37,a143,a152,2,a173,1,a191,a201,1
a14,24,a32,a40,3161,a63,a73,4,a92,a101,4,a122,37,a143,a152,2,a173,1,a191,a201,2
a13,24,a32,a40,3181,a61,a74,4,a93,a101,4,a124,37,a141,a153,2,a173,1,a191,a201,2
a11,24,a32,a46,3186,a61,a73,4,a93,a101,4,a123,37,a143,a151,2,a172,1,a191,a201,2
a11,24,a32,a46,3190,a61,a74,4,a93,a101,4,a124,37,a143,a153,2,a174,1,a192,a201,1
a12,24,a32,a42,3195,a61,a73,4,a93,a101,4,a122,37,a143,a152,2,a172,1,a191,a201,2
a11,24,a32,a40,3213,a61,a75,4,a93,a102,4,a121,37,a143,a152,2,a173,1,a191,a201,2
a12,24,a33,a40,3229,a62,a75,4,a93,a101,4,a123,37,a143,a152,2,a174,1,a192,a201,2
a14,24,a34,a41,3234,a61,a74,4,a93,a101,4,a123,37,a143,a152,2,a173,1,a192,a201,1
a11,24,a32,a40,3235,a61,a71,4,a93,a101,4,a124,37,a143,a153,2,a173,1,a191,a201,1
a12,24,a32,a40,3244,a61,a75,4,a93,a101,4,a123,38,a141,a152,2,a172,1,a191,a201,2
a14,24,a32,a43,3249,a65,a74,4,a93,a101,4,a123,38,a142,a152,2,a173,1,a192,a201,1
a12,24,a30,a49,3275,a61,a73,4,a92,a101,4,a123,38,a143,a152,2,a173,1,a191,a201,1
a12,24,a34,a42,3331,a61,a75,4,a93,a101,4,a124,38,a143,a152,2,a173,1,a192,a201,1
a13,24,a32,a43,3342,a61,a73,4,a94,a101,4,a121,38,a143,a151,2,a173,1,a191,a201,1
a11,24,a32,a40,3343,a65,a73,4,a94,a101,4,a123,38,a143,a152,2,a173,1,a191,a201,2
a14,24,a32,a42,3345,a61,a75,4,a93,a101,4,a121,38,a143,a152,2,a173,1,a191,a201,1
a12,24,a33,a42,3349,a61,a71,4,a93,a101,4,a122,38,a142,a152,2,a174,1,a192,a201,1
a13,24,a34,a46,3349,a61,a73,4,a92,a101,4,a122,38,a143,a152,2,a172,1,a191,a201,1
a14,24,a34,a410,3357,a61,a71,4,a93,a102,4,a124,38,a141,a152,2,a174,1,a192,a201,1
a12,24,a31,a42,3368,a64,a73,4,a93,a101,4,a123,38,a142,a152,2,a173,1,a192,a201,1
a14,24,a31,a49,3378,a61,a73,4,a92,a101,4,a121,38,a142,a152,2,a173,1,a191,a201,1
a11,24,a34,a40,3380,a61,a75,4,a93,a102,4,a122,38,a143,a151,2,a173,1,a192,a201,2
a13,24,a34,a43,3384,a61,a75,4,a93,a101,4,a122,38,a143,a152,2,a173,1,a191,a201,1
a14,24,a34,a49,3386,a62,a73,4,a93,a101,4,a122,38,a143,a152,2,a172,1,a192,a201,1
a14,24,a32,a49,3394,a62,a74,4,a93,a101,4,a123,38,a143,a152,2,a173,1,a192,a201,1
a14,24,a32,a40,3398,a61,a75,4,a93,a101,4,a122,38,a143,a152,2,a174,1,a192,a201,1
a14,24,a34,a40,3399,a63,a73,4,a94,a101,4,a123,38,a143,a152,2,a173,1,a191,a201,1
a14,24,a33,a49,3414,a63,a72,4,a93,a101,4,a121,38,a141,a152,2,a172,1,a191,a201,2
a14,24,a34,a43,3416,a61,a74,4,a92,a101,4,a123,38,a143,a151,2,a174,1,a192,a201,1
a14,24,a34,a42,3422,a61,a75,4,a93,a101,4,a123,38,a143,a152,2,a173,1,a192,a201,1
a12,24,a32,a43,3430,a62,a73,4,a94,a101,4,a123,38,a143,a152,2,a173,1,a191,a201,2
a11,24,a32,a43,3441,a61,a75,4,a93,a101,4,a121,38,a141,a151,2,a172,1,a191,a201,1
a14,24,a32,a43,3446,a61,a72,4,a92,a101,4,a121,38,a143,a152,2,a173,1,a191,a201,1
a14,24,a32,a46,3447,a61,a72,4,a92,a101,4,a124,39,a143,a152,2,a173,1,a191,a201,1
a14,24,a32,a43,3448,a65,a73,4,a93,a101,4,a124,39,a143,a153,2,a173,1,a192,a201,1
a14,24,a33,a43,3485,a61,a73,4,a94,a101,4,a121,39,a141,a152,2,a173,1,a191,a201,1
a14,24,a34,a43,3488,a61,a72,4,a94,a101,4,a124,39,a143,a153,2,a173,1,a192,a201,1
a12,24,a33,a49,3496,a62,a74,4,a93,a101,4,a122,39,a143,a152,2,a172,1,a192,a201,1
a14,24,a32,a40,3499,a65,a73,4,a93,a101,4,a124,39,a143,a153,2,a173,1,a192,a201,1
a13,24,a34,a43,3509,a65,a74,4,a93,a101,4,a122,39,a143,a152,2,a173,1,a192,a201,1
a12,24,a33,a40,3512,a62,a75,4,a93,a101,4,a124,39,a143,a153,2,a173,1,a191,a201,1
a14,24,a32,a43,3518,a62,a75,4,a93,a102,4,a123,39,a143,a152,2,a173,1,a192,a201,1
a11,24,a32,a40,3527,a64,a73,4,a93,a101,4,a122,39,a143,a152,2,a173,1,a191,a201,1
a11,24,a34,a42,3535,a61,a73,4,a91,a101,4,a122,39,a143,a152,2,a173,1,a191,a201,1
a12,24,a32,a45,3552,a62,a73,4,a92,a101,4,a121,39,a143,a152,2,a172,1,a191,a201,1
a12,24,a32,a43,3556,a62,a72,4,a93,a101,4,a123,39,a143,a152,2,a173,1,a191,a201,1
a11,24,a34,a40,3565,a65,a72,4,a93,a101,4,a121,39,a143,a152,2,a172,1,a191,a201,1
a14,24,a32,a43,3566,a61,a74,4,a93,a101,4,a123,39,a143,a152,2,a173,1,a192,a201,1
a14,24,a32,a41,3568,a63,a73,4,a93,a101,4,a122,39,a143,a151,2,a173,1,a191,a201,1
a12,24,a32,a43,3573,a61,a74,4,a93,a103,4,a121,39,a143,a152,2,a173,1,a191,a202,1
a14,24,a34,a40,3577,a61,a71,4,a92,a101,4,a122,39,a143,a152,2,a171,1,a191,a201,1
a14,24,a34,a43,3578,a61,a73,4,a93,a101,4,a123,39,a143,a152,2,a173,1,a191,a201,1
a13,24,a32,a46,3590,a61,a75,4,a93,a101,4,a123,39,a143,a151,2,a174,1,a192,a201,1
a14,24,a32,a42,3590,a63,a73,4,a92,a101,4,a123,39,a143,a151,2,a172,1,a191,a201,2
a11,24,a34,a41,3594,a61,a75,4,a93,a101,4,a124,40,a143,a153,2,a173,1,a192,a201,2
a13,24,a32,a43,3595,a62,a75,4,a92,a101,4,a124,40,a143,a153,2,a173,1,a192,a201,1
a12,24,a33,a49,3599,a62,a75,4,a93,a101,4,a122,40,a142,a152,2,a173,1,a191,a201,1
a12,24,a32,a49,3609,a61,a72,4,a92,a101,4,a122,40,a143,a152,2,a173,1,a192,a201,1
a14,24,a32,a40,3612,a63,a75,4,a92,a101,4,a124,40,a143,a153,2,a173,1,a191,a201,1
a12,24,a32,a40,3617,a62,a74,4,a93,a101,4,a122,40,a143,a152,2,a173,1,a191,a201,2
a12,24,a30,a42,3617,a61,a72,4,a92,a101,4,a122,40,a143,a151,2,a173,1,a191,a201,2
a12,24,a32,a43,3620,a61,a75,4,a92,a101,4,a121,40,a143,a152,2,a173,1,a191,a201,1
a12,24,a32,a43,3621,a61,a73,4,a93,a101,4,a121,40,a143,a152,2,a172,1,a191,a201,1
a14,24,a34,a43,3622,a63,a75,4,a93,a101,4,a122,40,a141,a152,2,a174,1,a192,a201,1
a11,24,a31,a46,3632,a61,a75,4,a92,a101,4,a124,40,a143,a153,2,a173,1,a191,a201,2
a14,24,a32,a41,3643,a65,a75,4,a93,a101,4,a121,40,a143,a152,2,a174,1,a192,a201,1
a11,24,a34,a43,3650,a61,a73,4,a93,a101,4,a121,40,a143,a152,2,a172,1,a191,a201,1
a12,24,a32,a40,3651,a61,a74,4,a93,a101,4,a124,40,a143,a152,2,a174,1,a192,a201,2
a14,24,a34,a41,3652,a65,a75,4,a93,a101,4,a123,40,a143,a152,2,a173,1,a191,a201,1
a14,24,a34,a43,3656,a65,a75,4,a93,a101,4,a123,40,a143,a152,2,a173,1,a192,a201,1
a14,24,a32,a43,3660,a61,a73,4,a93,a101,4,a124,40,a143,a153,2,a174,1,a192,a201,1
a13,24,a34,a43,3676,a65,a73,4,a93,a101,4,a123,40,a143,a152,2,a173,1,a192,a201,1
a12,24,a30,a41,3711,a62,a75,4,a94,a101,4,a123,40,a141,a152,2,a173,1,a192,a201,1
a13,24,a30,a43,3749,a61,a72,4,a93,a101,4,a123,40,a143,a152,2,a174,1,a192,a201,2
a12,24,a31,a46,3757,a64,a72,4,a92,a101,4,a122,40,a141,a151,2,a173,1,a191,a201,2
a11,24,a32,a40,3758,a61,a73,4,a92,a101,4,a121,40,a143,a152,2,a172,1,a191,a201,2
a12,24,a32,a43,3763,a63,a73,4,a92,a101,4,a121,40,a143,a152,2,a172,1,a191,a201,1
a14,24,a32,a40,3777,a61,a73,4,a92,a101,4,a121,40,a143,a151,2,a173,1,a191,a201,2
a14,24,a34,a40,3780,a64,a73,4,a92,a101,4,a121,40,a141,a152,2,a172,1,a191,a201,1
a14,24,a34,a43,3804,a63,a73,4,a94,a101,4,a122,41,a143,a152,2,a172,1,a191,a201,1
a11,24,a32,a43,3812,a61,a73,4,a92,a101,4,a123,41,a141,a151,2,a173,1,a191,a201,2
a12,24,a31,a49,3832,a61,a75,4,a92,a101,4,a124,41,a143,a151,2,a173,1,a191,a201,2
a13,24,a34,a49,3832,a64,a73,4,a91,a101,4,a121,41,a143,a152,2,a173,1,a192,a201,1
a12,24,a33,a43,3835,a61,a72,4,a93,a101,4,a123,41,a143,a152,2,a173,1,a191,a201,1
a11,24,a32,a43,3844,a61,a73,4,a93,a101,4,a121,41,a143,a151,2,a172,1,a191,a201,2
a12,24,a32,a43,3850,a61,a74,4,a92,a103,4,a121,41,a143,a152,2,a172,1,a191,a201,1
a14,24,a32,a41,3857,a64,a73,4,a92,a101,4,a123,41,a143,a151,2,a173,1,a192,a201,1
a14,24,a34,a40,3863,a61,a74,4,a92,a101,4,a121,41,a143,a152,2,a173,1,a191,a201,1
a12,24,a31,a44,3868,a65,a72,4,a92,a101,4,a124,41,a141,a152,2,a171,1,a191,a201,1
a12,24,a32,a41,3872,a61,a73,4,a92,a101,4,a123,41,a143,a151,2,a174,1,a191,a201,2
a11,24,a32,a40,3878,a62,a73,4,a93,a101,4,a123,41,a143,a152,2,a172,1,a192,a201,1
a14,24,a34,a40,3905,a61,a74,4,a93,a101,4,a124,41,a143,a152,2,a174,1,a192,a201,1
a12,24,a30,a49,3913,a62,a73,4,a92,a101,4,a123,41,a143,a151,2,a172,1,a191,a201,2
a11,24,a31,a40,3914,a62,a74,4,a93,a101,4,a123,41,a141,a152,2,a173,1,a191,a201,1
a12,24,a31,a43,3915,a61,a73,4,a93,a101,4,a121,41,a142,a152,2,a172,1,a191,a201,1
a14,24,a32,a43,3931,a65,a75,4,a93,a101,4,a122,41,a143,a152,2,a173,1,a192,a201,1
a11,24,a31,a42,3939,a63,a73,4,a93,a101,4,a121,42,a142,a152,2,a173,1,a192,a201,1
a11,24,a34,a42,3949,a65,a74,4,a93,a101,4,a122,42,a143,a152,2,a174,1,a192,a201,1
a11,24,a34,a49,3959,a61,a72,4,a93,a101,4,a122,42,a141,a152,2,a172,1,a191,a201,1
a11,24,a32,a40,3959,a61,a71,4,a92,a101,4,a123,42,a143,a151,2,a173,1,a191,a201,1
a11,24,a32,a40,3965,a61,a72,4,a92,a101,4,a121,42,a143,a152,2,a172,1,a191,a201,2
a14,24,a32,a41,3966,a65,a73,4,a93,a101,4,a123,42,a143,a152,2,a173,1,a191,a201,1
a14,24,a32,a41,3972,a61,a74,4,a93,a101,4,a123,42,a143,a152,2,a173,1,a191,a201,1
a11,24,a32,a42,3973,a61,a75,4,a92,a101,4,a122,42,a141,a152,2,a173,1,a192,a201,1
a11,24,a32,a40,3976,a61,a72,4,a92,a101,4,a123,42,a143,a152,2,a172,1,a191,a201,2
a12,24,a32,a49,3979,a62,a74,4,a92,a101,4,a121,42,a143,a151,2,a172,1,a191,a201,1
a14,24,a34,a43,3990,a61,a74,4,a92,a101,4,a123,42,a143,a152,2,a173,1,a191,a201,1
a14,24,a33,a45,4006,a64,a75,4,a93,a101,4,a124,42,a143,a153,2,a173,1,a191,a201,2
a11,24,a32,a40,4020,a65,a74,4,a92,a101,4,a124,42,a143,a151,2,a173,1,a191,a201,2
a13,24,a34,a40,4042,a61,a73,4,a93,a101,4,a121,42,a143,a152,2,a171,1,a191,a202,1
a13,24,a34,a43,4042,a65,a73,4,a93,a101,4,a124,42,a143,a153,2,a173,1,a192,a201,2
a14,24,a32,a40,4057,a61,a73,4,a93,a103,4,a121,42,a143,a152,2,a173,1,a192,a201,1
a11,24,a34,a40,4110,a61,a75,4,a93,a101,4,a122,42,a143,a152,2,a173,1,a191,a201,2
a14,24,a34,a40,4113,a65,a75,4,a92,a101,4,a123,42,a143,a152,2,a173,1,a192,a201,1
a11,24,a34,a42,4139,a61,a73,4,a92,a101,4,a121,42,a143,a151,2,a173,1,a191,a201,2
a11,24,a32,a43,4151,a61,a73,4,a93,a101,4,a122,42,a143,a152,2,a172,1,a191,a201,1
a14,24,a34,a40,4153,a65,a75,4,a93,a101,4,a124,42,a143,a153,2,a174,1,a192,a201,2
a14,24,a34,a40,4165,a62,a74,4,a94,a101,4,a122,42,a143,a152,2,a173,1,a192,a201,1
a12,24,a32,a43,4169,a61,a75,4,a94,a103,4,a121,43,a141,a152,2,a172,1,a191,a201,1
a11,24,a32,a42,4210,a61,a72,4,a91,a101,4,a122,43,a143,a152,2,a172,1,a191,a201,2
a14,24,a32,a41,4221,a65,a72,4,a92,a101,4,a121,43,a143,a151,2,a173,1,a191,a201,1
a12,24,a34,a42,4241,a61,a75,4,a93,a101,4,a123,43,a143,a151,2,a173,1,a192,a201,1
a14,24,a34,a43,4249,a61,a75,4,a93,a101,4,a121,43,a143,a152,2,a172,1,a192,a201,1
a11,26,a32,a41,4272,a65,a75,4,a92,a101,4,a121,43,a143,a151,2,a173,1,a191,a201,1
a11,27,a34,a46,4272,a61,a73,4,a92,a101,4,a124,43,a143,a152,2,a174,1,a192,a201,2
a14,27,a34,a41,4280,a61,a75,4,a93,a101,4,a123,43,a143,a152,2,a174,1,a192,a201,1
a14,27,a34,a43,4281,a62,a75,4,a93,a101,4,a122,43,a141,a152,2,a173,1,a191,a201,1
a13,27,a34,a40,4297,a63,a71,4,a93,a101,4,a124,43,a141,a153,2,a171,1,a191,a201,1
a11,27,a32,a40,4308,a65,a73,4,a92,a101,4,a121,43,a143,a151,2,a173,1,a191,a201,2
a14,27,a34,a40,4351,a61,a74,4,a93,a101,4,a123,43,a143,a152,2,a173,1,a192,a201,1
a11,27,a32,a43,4370,a61,a74,4,a92,a103,4,a121,43,a143,a152,2,a173,1,a191,a201,1
a14,27,a34,a41,4380,a64,a75,4,a93,a101,4,a123,43,a143,a152,2,a174,1,a192,a201,1
a12,27,a32,a45,4439,a61,a71,4,a92,a101,4,a123,43,a143,a152,2,a173,1,a192,a201,1
a12,27,a34,a43,4454,a61,a74,4,a93,a103,4,a121,43,a143,a152,2,a173,1,a191,a201,2
a14,27,a34,a40,4455,a64,a75,4,a93,a101,4,a121,43,a143,a152,2,a173,1,a192,a201,1
a12,27,a30,a48,4463,a61,a73,4,a93,a101,4,a121,44,a143,a152,2,a172,1,a192,a201,1
a12,27,a32,a40,4473,a62,a72,4,a92,a101,4,a122,44,a141,a152,2,a172,1,a191,a201,2
a12,28,a32,a41,4526,a65,a71,4,a91,a101,4,a121,44,a143,a152,2,a174,1,a192,a201,1
a12,28,a32,a49,4526,a64,a73,4,a93,a101,4,a122,44,a143,a152,2,a172,1,a192,a201,1
a14,28,a32,a43,4530,a63,a75,4,a93,a101,4,a123,44,a143,a152,2,a173,1,a191,a201,1
a14,30,a34,a41,4576,a65,a75,4,a93,a101,4,a123,44,a143,a152,2,a173,1,a192,a201,1
a12,30,a33,a46,4583,a61,a75,4,a93,a101,4,a124,44,a143,a153,2,a173,1,a191,a201,2
a11,30,a34,a46,4591,a61,a73,4,a93,a101,4,a124,44,a141,a152,2,a173,1,a192,a201,2
a12,30,a32,a49,4594,a61,a75,4,a92,a101,4,a122,44,a143,a152,2,a173,1,a191,a201,2
a14,30,a32,a41,4605,a65,a75,4,a93,a101,4,a123,44,a143,a152,2,a174,1,a192,a201,1
a14,30,a34,a42,4611,a65,a73,4,a94,a101,4,a122,44,a143,a152,2,a173,1,a191,a201,1
a13,30,a32,a42,4623,a61,a75,4,a91,a101,4,a124,44,a143,a153,2,a173,1,a191,a201,1
a14,30,a32,a42,4657,a63,a75,4,a93,a101,4,a124,44,a143,a151,2,a173,1,a192,a201,1
a14,30,a32,a42,4675,a62,a72,4,a92,a101,4,a122,44,a143,a151,2,a173,1,a191,a201,1
a11,30,a32,a41,4679,a65,a75,4,a93,a101,4,a122,44,a143,a153,2,a173,1,a192,a201,2
a14,30,a34,a42,4686,a61,a72,4,a92,a101,4,a122,44,a143,a151,2,a172,1,a191,a201,1
a14,30,a33,a40,4712,a65,a75,4,a94,a101,4,a123,44,a143,a152,2,a173,1,a192,a201,1
a12,30,a32,a40,4716,a65,a72,4,a93,a101,4,a121,45,a143,a152,2,a171,1,a191,a201,1
a14,30,a34,a46,4736,a61,a75,4,a93,a101,4,a124,45,a143,a153,2,a173,1,a191,a201,1
a12,30,a34,a43,4746,a61,a75,4,a92,a103,4,a121,45,a141,a151,2,a172,1,a192,a201,1
a11,30,a34,a42,4771,a61,a75,4,a92,a101,4,a122,45,a143,a152,2,a173,1,a191,a201,1
a14,30,a34,a43,4788,a65,a75,4,a93,a101,4,a123,45,a143,a152,2,a173,1,a191,a201,1
a12,30,a32,a40,4795,a65,a71,4,a92,a101,4,a121,45,a143,a151,2,a171,1,a191,a201,1
a11,30,a32,a40,4796,a61,a74,4,a93,a101,4,a123,45,a143,a152,2,a173,1,a192,a201,2
a12,30,a32,a43,4811,a61,a72,4,a94,a101,4,a121,45,a143,a152,2,a172,1,a191,a202,1
a14,30,a34,a43,4817,a65,a75,4,a93,a101,4,a121,45,a143,a152,2,a173,1,a191,a201,1
a12,30,a31,a41,4843,a61,a71,4,a93,a101,4,a124,45,a141,a153,2,a174,1,a192,a201,1
a12,30,a30,a40,4844,a61,a72,4,a92,a101,4,a121,45,a143,a151,2,a171,1,a191,a201,2
a12,30,a32,a49,4870,a61,a72,4,a94,a101,4,a121,45,a143,a152,2,a173,1,a192,a201,1
a12,30,a32,a43,4933,a61,a74,4,a94,a103,4,a121,45,a141,a152,2,a172,1,a191,a201,1
a11,30,a34,a41,5003,a61,a74,4,a93,a101,4,a123,45,a143,a152,2,a173,1,a192,a201,2
a11,30,a32,a44,5045,a61,a73,4,a93,a101,4,a123,45,a143,a152,2,a173,1,a191,a201,2
a11,30,a32,a40,5084,a61,a74,4,a93,a101,4,a124,46,a143,a153,2,a173,1,a191,a201,2
a12,30,a33,a40,5096,a61,a73,4,a92,a101,4,a122,46,a143,a151,2,a173,1,a191,a201,1
a14,30,a32,a44,5103,a63,a73,4,a91,a101,4,a121,46,a143,a152,2,a173,1,a191,a201,1
a14,30,a34,a43,5117,a61,a74,4,a92,a101,4,a123,46,a143,a151,2,a173,1,a192,a201,1
a11,30,a32,a410,5129,a61,a71,4,a91,a102,4,a123,46,a143,a152,2,a174,1,a191,a201,1
a11,30,a32,a43,5150,a61,a73,4,a94,a101,4,a121,46,a141,a152,2,a173,1,a191,a201,2
a14,30,a32,a40,5152,a61,a73,4,a94,a101,4,a121,46,a143,a152,2,a173,1,a192,a201,1
a13,30,a32,a43,5179,a61,a73,4,a94,a101,4,a123,46,a143,a152,2,a173,1,a191,a201,1
a11,30,a32,a42,5190,a61,a75,4,a93,a101,4,a122,46,a141,a152,2,a173,1,a191,a201,2
a11,30,a34,a40,5234,a61,a75,4,a93,a101,4,a121,46,a143,a152,2,a172,1,a191,a201,1
a14,30,a34,a42,5248,a61,a72,4,a91,a101,4,a123,46,a143,a152,2,a174,1,a192,a201,1
a11,30,a34,a40,5293,a61,a75,4,a94,a101,4,a123,46,a143,a152,2,a173,1,a192,a201,1
a11,30,a34,a40,5302,a61,a75,4,a92,a101,4,a121,46,a141,a151,2,a173,1,a192,a201,2
a14,33,a30,a49,5324,a61,a73,4,a93,a101,4,a123,46,a142,a152,2,a173,1,a191,a201,2
a11,33,a32,a41,5371,a65,a75,4,a93,a101,4,a124,46,a143,a153,2,a173,1,a191,a201,2
a12,33,a33,a49,5381,a65,a73,4,a93,a101,4,a124,46,a143,a153,2,a173,1,a192,a201,1
a14,36,a33,a49,5433,a63,a73,4,a93,a101,4,a123,46,a143,a152,2,a173,1,a192,a201,1
a11,36,a32,a40,5493,a61,a72,4,a92,a101,4,a123,46,a143,a151,2,a173,1,a192,a201,2
a11,36,a30,a49,5507,a61,a75,4,a93,a101,4,a123,47,a143,a151,2,a173,1,a191,a201,2
a12,36,a32,a43,5511,a65,a75,4,a92,a101,4,a123,47,a143,a152,2,a173,1,a192,a201,1
a13,36,a32,a43,5595,a61,a72,4,a92,a101,4,a121,47,a143,a152,2,a172,1,a191,a201,2
a11,36,a30,a40,5711,a61,a73,4,a93,a101,4,a123,47,a141,a152,2,a173,1,a191,a201,2
a14,36,a32,a43,5742,a65,a73,4,a92,a101,4,a123,47,a143,a152,2,a173,1,a191,a201,1
a14,36,a32,a42,5743,a61,a72,4,a92,a101,4,a121,47,a143,a151,2,a172,1,a191,a201,1
a11,36,a34,a41,5771,a61,a75,4,a93,a101,4,a122,47,a143,a152,2,a173,1,a192,a201,1
a14,36,a34,a43,5800,a61,a75,4,a94,a102,4,a121,47,a143,a152,2,a173,1,a191,a201,1
a11,36,a32,a42,5801,a61,a74,4,a93,a101,4,a122,47,a143,a152,2,a173,1,a191,a201,2
a14,36,a33,a41,5804,a61,a73,4,a93,a101,4,a121,47,a142,a152,2,a172,1,a191,a201,1
a14,36,a32,a45,5842,a61,a72,4,a92,a101,4,a121,47,a143,a152,2,a173,1,a191,a201,2
a14,36,a31,a49,5848,a61,a74,4,a93,a101,4,a123,47,a141,a152,2,a173,1,a192,a201,1
a14,36,a32,a42,5866,a61,a75,4,a93,a101,4,a122,47,a141,a152,2,a173,1,a192,a201,1
a12,36,a32,a42,5943,a65,a74,4,a93,a101,4,a123,47,a143,a152,2,a173,2,a192,a201,1
a14,36,a32,a40,5951,a65,a73,4,a93,a101,4,a123,47,a143,a151,2,a173,2,a191,a201,2
a14,36,a32,a40,5954,a61,a72,4,a94,a101,4,a121,47,a143,a152,2,a173,2,a191,a201,1
a11,36,a32,a43,5954,a61,a74,4,a93,a101,4,a121,47,a143,a152,2,a173,2,a191,a201,1
a11,36,a32,a43,5965,a61,a75,4,a93,a101,4,a121,48,a142,a152,2,a172,2,a191,a201,2
a11,36,a34,a40,5998,a61,a73,4,a94,a103,4,a122,48,a141,a151,2,a173,2,a191,a202,2
a14,36,a34,a41,6070,a65,a74,4,a93,a101,4,a122,48,a143,a152,2,a173,2,a192,a201,1
a14,36,a34,a43,6078,a61,a73,4,a93,a101,4,a124,48,a143,a153,2,a173,2,a192,a201,1
a11,36,a31,a40,6110,a61,a74,4,a93,a101,4,a124,48,a143,a153,2,a172,2,a191,a201,2
a14,36,a33,a40,6143,a61,a75,4,a93,a101,4,a123,48,a143,a152,2,a173,2,a192,a201,1
a14,36,a32,a40,6148,a62,a72,4,a94,a101,4,a121,48,a143,a152,2,a173,2,a192,a201,1
a14,36,a32,a48,6187,a65,a74,4,a92,a101,4,a122,48,a143,a152,2,a173,2,a192,a201,1
a14,36,a34,a42,6199,a61,a73,4,a93,a101,4,a124,48,a143,a153,2,a173,2,a192,a201,1
a11,36,a32,a40,6204,a61,a73,4,a92,a101,4,a122,48,a143,a152,2,a173,2,a192,a201,2
a14,36,a32,a40,6224,a62,a73,4,a93,a103,4,a121,48,a143,a151,2,a173,2,a191,a202,1
a14,36,a34,a41,6229,a64,a73,4,a93,a101,4,a121,48,a143,a152,2,a173,2,a191,a201,1
a14,36,a33,a49,6260,a61,a73,4,a94,a101,4,a123,49,a143,a152,2,a173,2,a192,a201,2
a11,36,a32,a43,6288,a61,a72,4,a92,a101,4,a121,49,a143,a152,2,a173,2,a192,a201,2
a14,36,a34,a42,6289,a64,a72,4,a93,a101,4,a121,49,a142,a152,2,a172,2,a192,a201,1
a14,36,a32,a42,6304,a61,a73,4,a93,a101,4,a121,49,a141,a151,2,a172,2,a191,a201,2
a14,36,a32,a42,6313,a63,a73,4,a92,a101,4,a123,49,a143,a151,2,a173,2,a191,a201,1
a11,36,a32,a43,6314,a61,a72,4,a92,a101,4,a123,49,a142,a152,2,a173,2,a191,a201,1
a14,36,a34,a42,6331,a61,a75,4,a93,a101,4,a122,49,a142,a152,2,a173,2,a191,a201,1
a14,36,a32,a49,6350,a65,a75,4,a93,a101,4,a122,49,a143,a152,2,a173,2,a191,a201,1
a11,36,a32,a42,6361,a61,a75,4,a92,a101,4,a122,49,a143,a151,2,a173,2,a191,a201,1
a14,36,a33,a42,6403,a63,a74,4,a92,a101,4,a123,49,a143,a152,2,a173,2,a192,a201,1
a13,36,a34,a40,6416,a61,a75,4,a93,a101,4,a121,49,a143,a152,2,a173,2,a191,a202,1
a11,36,a34,a49,6419,a62,a74,4,a93,a101,4,a121,49,a143,a152,2,a173,2,a192,a201,1
a14,36,a32,a44,6458,a65,a72,4,a92,a101,4,a121,49,a143,a152,2,a173,2,a191,a201,1
a11,36,a32,a42,6468,a61,a73,4,a93,a102,4,a122,49,a143,a152,2,a172,2,a191,a201,1
a12,36,a34,a40,6468,a64,a73,4,a92,a101,4,a123,50,a143,a152,2,a173,2,a191,a201,1
a11,36,a31,a43,6527,a61,a72,4,a93,a102,4,a124,50,a141,a153,2,a174,2,a192,a201,1
a14,36,a32,a43,6560,a61,a75,4,a93,a101,4,a123,50,a143,a152,2,a173,2,a191,a201,1
a11,36,a32,a40,6568,a61,a72,4,a93,a101,4,a124,50,a143,a153,2,a174,2,a192,a201,2
a14,36,a34,a43,6579,a65,a74,4,a93,a101,4,a122,50,a143,a152,2,a173,2,a191,a201,1
a14,36,a32,a41,6614,a61,a74,4,a93,a101,4,a123,50,a143,a152,2,a174,2,a192,a201,1
a14,36,a32,a41,6615,a65,a73,4,a91,a101,4,a124,50,a143,a153,2,a173,2,a192,a201,1
a12,36,a34,a40,6681,a65,a75,4,a93,a101,4,a121,50,a143,a152,2,a173,2,a191,a201,1
a14,36,a34,a43,6742,a61,a71,4,a92,a101,4,a123,50,a143,a152,2,a171,2,a191,a201,1
a12,36,a32,a42,6758,a61,a74,4,a91,a101,4,a123,50,a143,a152,2,a173,2,a192,a201,2
a11,36,a32,a46,6761,a61,a72,4,a92,a101,4,a122,50,a143,a152,2,a173,2,a191,a201,2
a12,36,a34,a49,6761,a65,a74,4,a93,a101,4,a124,50,a143,a152,2,a173,2,a192,a201,1
a12,36,a32,a49,6836,a61,a73,4,a93,a101,4,a123,51,a143,a152,2,a173,2,a192,a201,2
a14,36,a34,a40,6842,a61,a75,4,a93,a101,4,a123,51,a143,a152,2,a174,2,a192,a201,1
a14,36,a31,a41,6850,a65,a72,4,a93,a103,4,a121,51,a141,a151,2,a173,2,a192,a201,1
a11,36,a34,a49,6872,a61,a75,4,a93,a101,4,a123,51,a142,a152,2,a174,2,a192,a201,1
a14,36,a34,a43,6887,a61,a75,4,a93,a101,4,a123,51,a143,a152,2,a173,2,a192,a201,1
a11,36,a34,a40,6948,a61,a73,4,a93,a101,4,a122,51,a141,a152,2,a172,2,a191,a202,1
a12,36,a34,a41,6967,a61,a73,4,a93,a101,4,a123,51,a143,a152,2,a173,2,a192,a201,1
a14,36,a34,a43,6999,a65,a73,4,a93,a101,4,a122,51,a143,a152,2,a173,2,a192,a201,1
a14,36,a33,a41,7057,a65,a74,4,a93,a101,4,a123,52,a142,a152,2,a174,2,a192,a201,1
a11,36,a32,a43,7119,a61,a72,4,a92,a101,4,a122,52,a143,a151,2,a174,2,a192,a201,1
a14,36,a34,a42,7127,a64,a74,4,a92,a101,4,a122,52,a143,a152,2,a173,2,a191,a202,1
a14,36,a32,a42,7166,a65,a74,4,a92,a101,4,a121,52,a141,a151,2,a172,2,a191,a201,1
a11,36,a32,a42,7174,a61,a73,4,a93,a102,4,a123,52,a143,a152,2,a173,2,a191,a201,2
a11,36,a34,a40,7228,a61,a75,4,a93,a103,4,a122,52,a141,a151,2,a173,2,a192,a201,2
a14,36,a34,a40,7238,a65,a72,4,a91,a101,4,a121,52,a143,a152,2,a173,2,a192,a201,1
a14,36,a34,a41,7253,a65,a75,4,a93,a101,4,a124,52,a143,a153,2,a173,2,a191,a201,1
a14,36,a32,a43,7297,a65,a73,4,a94,a101,4,a121,52,a143,a151,2,a173,2,a192,a201,1
a14,36,a32,a43,7308,a61,a75,4,a93,a101,4,a121,53,a143,a152,2,a174,2,a192,a201,1
a11,36,a32,a43,7374,a61,a73,4,a93,a101,4,a121,53,a143,a151,2,a174,2,a192,a201,1
a11,36,a32,a40,7393,a65,a74,4,a93,a102,4,a121,53,a143,a152,2,a172,2,a191,a202,1
a12,36,a32,a46,7408,a65,a73,4,a94,a101,4,a123,53,a143,a152,2,a173,2,a191,a201,1
a14,36,a33,a41,7409,a61,a72,4,a92,a101,4,a122,53,a143,a152,2,a172,2,a191,a201,1
a12,36,a32,a40,7418,a65,a73,4,a92,a101,4,a121,53,a143,a152,2,a172,2,a191,a201,1
a14,36,a33,a43,7432,a61,a73,4,a92,a101,4,a121,53,a143,a152,2,a173,2,a191,a201,1
a12,36,a34,a42,7472,a61,a72,4,a92,a101,4,a123,54,a141,a152,2,a172,2,a191,a201,2
a12,36,a32,a43,7476,a65,a75,4,a92,a101,4,a123,54,a143,a152,2,a173,2,a191,a201,1
a14,39,a32,a49,7485,a64,a75,4,a91,a101,4,a121,54,a143,a152,2,a173,2,a192,a201,1
a11,39,a31,a49,7511,a61,a73,4,a93,a101,4,a122,54,a143,a151,2,a173,2,a192,a201,2
a12,39,a30,a410,7582,a61,a73,4,a92,a101,4,a122,54,a141,a152,2,a174,2,a192,a202,2
a14,39,a32,a41,7596,a62,a73,4,a93,a102,4,a121,54,a143,a152,2,a173,2,a191,a201,1
a11,39,a32,a40,7629,a61,a75,4,a93,a101,4,a124,54,a141,a152,2,a174,2,a192,a201,2
a11,40,a32,a42,7678,a62,a71,4,a91,a101,4,a122,54,a143,a152,2,a173,2,a191,a201,2
a11,42,a32,a42,7685,a61,a75,4,a93,a101,4,a122,54,a143,a151,2,a174,2,a192,a201,2
a14,42,a34,a42,7721,a61,a73,4,a92,a101,4,a124,54,a143,a152,2,a173,2,a191,a201,1
a14,42,a33,a43,7758,a63,a74,4,a93,a101,4,a123,55,a143,a152,2,a174,2,a192,a201,1
a11,42,a32,a43,7763,a61,a72,4,a92,a101,4,a122,55,a143,a151,2,a173,2,a191,a201,2
a12,42,a32,a40,7814,a61,a74,4,a93,a101,4,a122,55,a143,a151,2,a173,2,a192,a201,1
a11,42,a31,a42,7824,a61,a72,4,a91,a101,4,a122,55,a141,a152,2,a173,2,a192,a201,2
a11,42,a31,a40,7855,a61,a72,4,a93,a101,4,a123,55,a141,a152,2,a173,2,a192,a201,2
a11,42,a34,a42,7865,a61,a72,4,a92,a101,4,a122,55,a143,a151,2,a173,2,a191,a201,1
a11,42,a32,a41,7882,a61,a74,4,a93,a101,4,a124,55,a142,a153,2,a173,2,a192,a201,2
a14,42,a32,a43,7966,a65,a75,4,a93,a101,4,a123,55,a143,a152,2,a173,2,a192,a201,1
a11,42,a33,a40,7980,a61,a73,4,a93,a101,4,a121,56,a143,a152,2,a172,2,a191,a201,1
a11,45,a32,a42,8065,a61,a72,4,a93,a102,4,a122,56,a143,a152,2,a172,2,a191,a202,1
a12,45,a32,a43,8072,a61,a72,4,a92,a101,4,a123,56,a143,a152,2,a173,2,a192,a201,2
a14,45,a34,a40,8086,a61,a73,4,a93,a101,4,a121,57,a143,a152,2,a173,2,a191,a201,1
a14,45,a34,a43,8133,a63,a75,4,a93,a101,4,a122,57,a143,a152,2,a173,2,a192,a201,1
a11,45,a32,a43,8229,a61,a73,4,a92,a101,4,a123,57,a141,a152,2,a173,2,a191,a201,1
a12,47,a33,a43,8318,a62,a72,4,a93,a101,4,a124,57,a142,a152,2,a174,2,a191,a201,2
a13,48,a32,a43,8335,a61,a73,4,a92,a101,4,a121,57,a143,a152,2,a172,2,a191,a201,2
a12,48,a32,a43,8358,a61,a72,4,a94,a101,4,a123,57,a143,a151,2,a174,2,a192,a201,1
a12,48,a32,a46,8386,a61,a73,4,a93,a101,4,a124,57,a143,a153,2,a173,2,a191,a201,2
a14,48,a34,a41,8471,a65,a73,4,a93,a101,4,a122,57,a143,a152,2,a174,2,a192,a201,1
a14,48,a32,a40,8487,a65,a72,4,a93,a101,4,a122,57,a143,a152,2,a174,2,a192,a201,1
a14,48,a32,a40,8588,a61,a73,4,a93,a101,4,a121,58,a143,a152,2,a172,2,a191,a202,1
a14,48,a32,a42,8613,a65,a74,4,a93,a101,4,a123,58,a142,a152,2,a173,2,a192,a201,1
a14,48,a34,a40,8648,a61,a74,4,a93,a101,4,a121,58,a143,a152,2,a172,2,a191,a201,1
a11,48,a32,a42,8858,a61,a72,4,a92,a103,4,a122,58,a143,a151,2,a173,2,a191,a201,1
a12,48,a30,a40,8947,a63,a72,4,a92,a101,4,a123,58,a143,a152,2,a173,2,a191,a201,1
a11,48,a31,a42,8978,a63,a72,4,a93,a101,4,a124,59,a143,a153,2,a173,2,a192,a201,2
a14,48,a32,a40,9034,a65,a71,4,a93,a101,4,a124,59,a143,a152,2,a174,2,a192,a201,1
a14,48,a32,a42,9055,a61,a72,4,a94,a102,4,a122,59,a143,a152,2,a172,2,a191,a201,2
a14,48,a32,a43,9157,a62,a75,4,a93,a101,4,a123,60,a143,a152,2,a173,2,a191,a201,2
a12,48,a34,a49,9271,a61,a71,4,a94,a101,4,a123,60,a143,a152,2,a171,2,a192,a201,1
a11,48,a33,a49,9277,a61,a74,4,a93,a101,4,a123,60,a143,a152,2,a173,2,a192,a201,2
a12,48,a32,a41,9283,a63,a72,4,a92,a101,4,a123,60,a143,a151,2,a173,2,a191,a201,2
a14,48,a32,a42,9398,a61,a71,4,a92,a101,4,a123,60,a143,a152,2,a174,2,a192,a201,2
a11,48,a32,a40,9436,a61,a73,4,a92,a103,4,a122,60,a143,a152,2,a173,2,a192,a201,1
a11,48,a34,a43,9566,a64,a75,4,a92,a101,4,a122,61,a143,a151,2,a174,2,a192,a201,1
a13,48,a34,a43,9572,a65,a75,4,a93,a101,4,a122,61,a142,a152,2,a172,2,a191,a201,1
a12,48,a34,a43,9629,a61,a75,4,a93,a101,4,a121,61,a143,a152,2,a172,2,a191,a201,1
a11,48,a32,a40,9857,a61,a73,4,a93,a101,4,a123,61,a143,a152,2,a172,2,a191,a201,2
a12,48,a32,a42,9960,a62,a75,4,a93,a101,4,a124,61,a143,a153,2,a173,2,a191,a201,1
a14,48,a34,a43,10127,a61,a75,4,a94,a101,4,a121,61,a143,a151,2,a173,2,a191,a201,1
a12,48,a33,a40,10144,a61,a73,4,a91,a101,4,a122,61,a143,a152,2,a173,2,a191,a201,1
a14,48,a32,a40,10222,a65,a73,4,a93,a101,4,a124,62,a143,a152,2,a173,2,a191,a201,1
a14,48,a32,a43,10297,a63,a75,4,a93,a101,4,a123,62,a141,a152,2,a173,2,a192,a201,2
a12,48,a32,a45,10366,a61,a72,4,a94,a101,4,a122,63,a143,a152,2,a172,2,a191,a201,1
a12,48,a32,a43,10477,a65,a73,4,a92,a101,4,a123,63,a143,a152,2,a173,2,a191,a201,1
a12,48,a34,a43,10623,a63,a73,4,a93,a101,4,a122,63,a143,a152,3,a172,2,a191,a201,2
a14,48,a32,a43,10722,a61,a75,4,a92,a101,4,a123,63,a141,a151,3,a174,2,a192,a201,1
a14,48,a32,a43,10875,a65,a74,4,a94,a101,4,a122,63,a143,a151,3,a173,2,a192,a201,1
a11,48,a34,a40,10961,a61,a73,4,a93,a101,4,a121,63,a143,a152,3,a172,2,a191,a201,1
a12,48,a32,a45,10974,a62,a73,4,a93,a103,4,a121,63,a143,a152,3,a173,2,a191,a201,1
a14,48,a32,a40,11054,a61,a73,4,a93,a101,4,a122,63,a143,a152,3,a172,2,a191,a201,1
a11,48,a31,a40,11328,a61,a71,4,a92,a102,4,a124,64,a143,a151,3,a171,2,a191,a201,2
a11,48,a32,a49,11560,a61,a75,4,a93,a102,4,a124,64,a143,a151,3,a173,2,a191,a201,2
a14,48,a34,a43,11590,a61,a73,4,a92,a101,4,a123,64,a143,a152,3,a173,2,a192,a201,1
a13,48,a32,a43,11760,a63,a73,4,a92,a101,4,a123,64,a143,a152,3,a172,2,a191,a201,1
a12,48,a32,a43,11816,a61,a73,4,a92,a103,4,a121,64,a143,a152,3,a173,2,a191,a201,1
a12,48,a33,a49,11938,a65,a75,4,a93,a101,4,a122,65,a143,a152,3,a173,2,a191,a201,1
a14,48,a33,a40,11998,a61,a75,4,a93,a101,4,a123,65,a143,a152,3,a172,2,a191,a201,2
a12,48,a31,a40,12169,a62,a73,4,a94,a101,4,a122,65,a143,a151,3,a173,2,a191,a201,2
a12,48,a34,a42,12204,a61,a74,4,a93,a101,4,a122,65,a143,a152,3,a173,2,a191,a201,2
a14,48,a32,a49,12389,a61,a71,4,a93,a101,4,a123,65,a141,a151,3,a174,2,a192,a201,2
a13,48,a32,a40,12579,a62,a73,4,a92,a101,4,a123,66,a141,a152,3,a174,2,a192,a201,1
a11,48,a32,a41,12612,a61,a73,4,a93,a101,4,a122,66,a143,a152,3,a173,2,a191,a201,2
a14,54,a34,a42,12680,a61,a74,4,a93,a101,4,a122,66,a143,a152,3,a172,2,a191,a201,1
a11,54,a34,a42,12749,a61,a73,4,a92,a101,4,a122,66,a143,a151,3,a173,2,a191,a201,1
a13,60,a30,a49,12976,a61,a72,4,a91,a101,4,a122,66,a143,a152,3,a173,2,a191,a201,1
a14,60,a32,a43,13756,a62,a71,4,a92,a101,4,a121,67,a143,a152,3,a173,2,a191,a201,1
a11,60,a32,a41,14027,a61,a71,4,a93,a101,4,a124,67,a143,a153,3,a174,2,a192,a201,1
a12,60,a34,a43,14179,a61,a75,4,a93,a101,4,a122,67,a143,a152,3,a172,2,a191,a201,1
a14,60,a34,a46,14318,a65,a72,4,a93,a101,4,a122,68,a143,a152,3,a172,2,a191,a201,1
a14,60,a31,a43,14421,a62,a75,4,a93,a101,4,a123,68,a141,a152,3,a172,2,a191,a201,1
a11,60,a32,a43,14555,a65,a74,4,a94,a101,4,a123,68,a143,a151,3,a172,2,a191,a201,1
a11,60,a32,a42,14782,a61,a71,4,a93,a101,4,a122,70,a143,a152,3,a174,2,a192,a201,1
a14,60,a32,a40,14896,a65,a75,4,a93,a101,4,a123,74,a143,a152,4,a173,2,a192,a201,1
a14,60,a32,a42,15653,a61,a74,4,a92,a101,4,a121,74,a143,a152,4,a172,2,a191,a201,1
a11,60,a32,a41,15672,a61,a73,4,a91,a101,4,a122,74,a143,a152,4,a174,2,a192,a201,1
a14,60,a32,a43,15857,a61,a75,4,a93,a101,4,a123,74,a143,a152,4,a173,2,a191,a201,1
a11,60,a32,a43,15945,a61,a73,4,a93,a101,4,a124,75,a143,a153,4,a173,2,a192,a201,2
a12,72,a34,a41,18424,a62,a71,4,a93,a101,4,a123,75,a143,a152,4,a173,2,a191,a201,1
